triple_id,doc_id,primary_failure,all_reasons
MPT-0033a6ae8f2275ed3a3b,MP001,evidence,evidence_invalid;relation_not_entailed
MPT-00407a557d6dcff2de16,MP019,evidence,evidence_invalid
MPT-00486caee26542d6202e,MP015,schema_type,relation_type_invalid
MPT-004b166fa8d0dc7eb535,MP019,evidence,evidence_invalid;relation_not_entailed
MPT-0054b1b2198e8d7951ce,MP021,evidence,evidence_invalid;relation_not_entailed
MPT-005a4c8df7a2db98e1e6,MP003,evidence,evidence_invalid;relation_not_entailed
MPT-00785348cbeec875b786,MP015,evidence,evidence_invalid;relation_not_entailed
MPT-008773e4a95a14b3744a,MP021,relation_support,dual_qwen_relation_not_entailed
MPT-0091360635dc8925cc47,MP005,evidence,evidence_invalid
MPT-0093ee60c12ecc0eaa98,MP001,evidence,evidence_invalid;relation_not_entailed
MPT-00989d7a1d436a769987,MP021,evidence,evidence_invalid;relation_not_entailed
MPT-009dd82e89bb610ffca9,MP003,evidence,evidence_invalid
MPT-00b0a58134a8bf3c9a88,MP019,evidence,evidence_invalid
MPT-00b5738790bef38fe6af,MP019,evidence,evidence_invalid;relation_not_entailed
MPT-00c0386665ce1217eade,MP005,schema_type,relation_type_invalid
MPT-00c965fe200ea7023b86,MP016,evidence,evidence_invalid;relation_not_entailed
MPT-00c9a87dcb342acd2f22,MP004,evidence,evidence_invalid;relation_not_entailed
MPT-00ca473c8ac6a83d96c5,MP016,schema_type,relation_type_invalid;evidence_invalid;relation_not_entailed
MPT-00cb8860c8cfe9a00f58,MP002,schema_type,relation_type_invalid;evidence_invalid;relation_not_entailed
MPT-00d95fb31797f4d0b4c4,MP019,evidence,evidence_invalid;relation_not_entailed
MPT-00dfa328ac91b5a54554,MP019,evidence,evidence_invalid;relation_not_entailed
MPT-00e283a0d718cfe8e1c3,MP016,evidence,evidence_invalid;relation_not_entailed
MPT-00e6cd27bfaba668533a,MP001,evidence,evidence_invalid;relation_not_entailed
MPT-00eeacf2e12cb6c538c3,MP020,evidence,evidence_invalid;relation_not_entailed
MPT-01093c4cdcfe04ffe7a5,MP001,evidence,evidence_invalid;relation_not_entailed
MPT-010b75859080402ca028,MP007,evidence,evidence_invalid
MPT-012efc36d280ea608b02,MP005,evidence,evidence_invalid;relation_not_entailed
MPT-014035393436da6c4057,MP003,evidence,evidence_invalid;relation_not_entailed
MPT-016d179e38cc8f355bed,MP003,relation_support,dual_qwen_relation_not_entailed
MPT-017512323846b9862890,MP003,schema_type,relation_type_invalid;evidence_invalid
MPT-017662e98d97a6ba2d20,MP016,evidence,evidence_invalid;relation_not_entailed
MPT-018b96abfd210ea01e4b,MP015,relation_support,dual_qwen_relation_not_entailed
MPT-019cace049e8da279931,MP001,schema_type,relation_type_invalid
MPT-019d109187cd73bba02d,MP007,evidence,evidence_invalid
MPT-019f13d637479ab60c54,MP019,evidence,evidence_invalid;relation_not_entailed
MPT-01ac2745e708b0a21044,MP019,evidence,evidence_invalid
MPT-01d73ecc318fc9302ce3,MP021,evidence,evidence_invalid;relation_not_entailed
MPT-01e0cf056daa25b4f0e9,MP004,evidence,evidence_invalid;relation_not_entailed
MPT-020e12374897da17971d,MP003,schema_type,relation_type_invalid
MPT-02112b104c56114e1d27,MP019,schema_type,relation_type_invalid;evidence_invalid;relation_not_entailed
MPT-021313345742e020dfdc,MP002,schema_type,relation_type_invalid
MPT-021695fa87f1e13a71dd,MP016,schema_type,relation_type_invalid
MPT-0253437d515c8ec93c7d,MP016,schema_type,relation_type_invalid
MPT-0266d3642e4f8c623825,MP002,evidence,evidence_invalid
MPT-0272aa7dc142310069d0,MP003,evidence,evidence_invalid;relation_not_entailed
MPT-0274d60a56b87945c401,MP019,evidence,evidence_invalid
MPT-027c8d12efe5df537aef,MP005,evidence,evidence_invalid;relation_not_entailed
MPT-028032d31a57ad81ff25,MP020,schema_type,relation_type_invalid;evidence_invalid;relation_not_entailed
MPT-0283b9a1ee68e53d87b2,MP015,evidence,evidence_invalid;relation_not_entailed
MPT-02862170fab90775e15e,MP018,evidence,evidence_invalid;relation_not_entailed
MPT-028f0d2bb4eb3e867a07,MP019,evidence,evidence_invalid;relation_not_entailed
MPT-029876d1230def6694e1,MP017,evidence,evidence_invalid;relation_not_entailed
MPT-0299c73b9441958efa92,MP002,evidence,evidence_invalid
MPT-029e834bd026822114e6,MP005,evidence,evidence_invalid
MPT-02a296771b95d9827745,MP003,evidence,evidence_invalid;relation_not_entailed
MPT-02a37f918ec03f745161,MP003,evidence,evidence_invalid
MPT-02a9f2c7e0efae865adf,MP022,evidence,evidence_invalid
MPT-02aeb5278a2ef23ffe66,MP021,evidence,evidence_invalid;relation_not_entailed
MPT-02bac388c68c3e7c0632,MP019,evidence,evidence_invalid
MPT-02bb4bf9c0554193cc25,MP002,evidence,evidence_invalid
MPT-02c25951cdc06cbb8dea,MP007,evidence,evidence_invalid
MPT-02dd35671d15de36a308,MP003,evidence,evidence_invalid
MPT-02e1b0e540fecaa892f9,MP019,evidence,evidence_invalid;relation_not_entailed
MPT-0301c67fc83ba8baa493,MP003,evidence,evidence_invalid;relation_not_entailed
MPT-030e729a9f91913a0508,MP016,evidence,evidence_invalid;relation_not_entailed
MPT-03139564035b406c20a1,MP022,schema_type,relation_type_invalid
MPT-0326be8c41f03083331c,MP020,schema_type,relation_type_invalid
MPT-03279efcf221945eeea6,MP003,evidence,evidence_invalid;relation_not_entailed
MPT-0333e342055f10cface5,MP005,evidence,evidence_invalid
MPT-03352bc2988a9a43c551,MP004,evidence,evidence_invalid;relation_not_entailed
MPT-033967d350f6ea1e24eb,MP007,relation_support,dual_qwen_relation_not_entailed
MPT-033b8f86acb144c60ba9,MP007,evidence,evidence_invalid
MPT-0354066c126924f82ed7,MP019,evidence,evidence_invalid;relation_not_entailed
MPT-036942ff47de1a538f06,MP019,evidence,evidence_invalid
MPT-038b42df3b1cc7a3ce91,MP019,evidence,evidence_invalid;relation_not_entailed
MPT-038b8a47d9e5f1931a40,MP003,evidence,evidence_invalid
MPT-0399482fbbc0af1d77a0,MP019,schema_type,relation_type_invalid;evidence_invalid
MPT-039f2db3e79da571ed73,MP002,schema_type,relation_type_invalid;evidence_invalid;relation_not_entailed
MPT-03aa13c3b832976eb475,MP019,evidence,evidence_invalid
MPT-03b4c860587b2e5b8661,MP005,evidence,evidence_invalid;relation_not_entailed
MPT-03ce00adb7025a048b08,MP003,relation_support,dual_qwen_relation_not_entailed
MPT-03e6e4f5c651fd439174,MP007,evidence,evidence_invalid
MPT-03e6fe0a8152ba05a237,MP021,evidence,evidence_invalid;relation_not_entailed
MPT-03ef9fedb553f16a1808,MP016,evidence,evidence_invalid;relation_not_entailed
MPT-03efba2030f3e98cbb4e,MP019,evidence,evidence_invalid;relation_not_entailed
MPT-03f8b53be3699c7f9579,MP002,evidence,evidence_invalid
MPT-03f9e23b69bcc2be2a6a,MP003,schema_type,relation_type_invalid;evidence_invalid
MPT-03fd8054b309fb76130d,MP018,schema_type,relation_type_invalid
MPT-0401c9c4b9fb7f1d062c,MP015,relation_support,dual_qwen_relation_not_entailed
MPT-04137fe2e600fe9dff0c,MP005,evidence,evidence_invalid;relation_not_entailed
MPT-04154cfbdb2999b54aaa,MP019,schema_type,relation_type_invalid;evidence_invalid
MPT-0438b802ddeb5d2820ae,MP003,relation_support,dual_qwen_relation_not_entailed
MPT-044ad74e496e56409ffe,MP016,evidence,evidence_invalid;relation_not_entailed
MPT-045da2326e3b91f98e57,MP003,schema_type,relation_type_invalid
MPT-045e8dcfe4ba64fa4a72,MP001,evidence,evidence_invalid;relation_not_entailed
MPT-045f01b0401313d037b4,MP019,evidence,evidence_invalid
MPT-0462708ec81d418007b3,MP019,evidence,evidence_invalid
MPT-047b19d6700b8eb6195e,MP003,evidence,evidence_invalid;relation_not_entailed
MPT-0481a491c6f442b277eb,MP003,evidence,evidence_invalid;relation_not_entailed
MPT-0485c911dd5d585abf91,MP021,evidence,evidence_invalid;relation_not_entailed
MPT-04885a43068f38d17a4a,MP004,evidence,evidence_invalid;relation_not_entailed
MPT-04955e47f9607eba74bc,MP003,schema_type,relation_type_invalid;evidence_invalid;relation_not_entailed
MPT-049f0c1c1aae48821957,MP002,evidence,evidence_invalid
MPT-04a0a6c46b7179aa91b3,MP003,schema_type,relation_type_invalid;evidence_invalid;relation_not_entailed
MPT-04b7ec06f40c8738ee6b,MP019,evidence,evidence_invalid
MPT-04db6d8dd3ad00a4a512,MP002,schema_type,relation_type_invalid
MPT-04e409115df1c086f92d,MP003,schema_type,relation_type_invalid;evidence_invalid;relation_not_entailed
MPT-04e5ae4c045bf8cdd8e1,MP003,evidence,evidence_invalid;relation_not_entailed
MPT-04e73d28e8af060fd1c0,MP019,schema_type,relation_type_invalid
MPT-04e87edd7fafe34a704e,MP001,evidence,evidence_invalid;relation_not_entailed
MPT-04fb7c458e95205747a4,MP016,evidence,evidence_invalid;relation_not_entailed
MPT-04fca560244eec5251b1,MP003,evidence,evidence_invalid;relation_not_entailed
MPT-04ffa7b84067812ba0aa,MP003,schema_type,relation_type_invalid
MPT-0505ab7e71e0ab3f08af,MP003,schema_type,relation_type_invalid
MPT-050ebfac8a437a6f5825,MP022,evidence,evidence_invalid;relation_not_entailed
MPT-051d99f205f0dc32e933,MP004,evidence,evidence_invalid;relation_not_entailed
MPT-054a9cd30caceb3168be,MP003,evidence,evidence_invalid;relation_not_entailed
MPT-0562442e5dd3ed1e38a1,MP003,schema_type,relation_type_invalid;evidence_invalid
MPT-058ff8f452427a012c5c,MP019,schema_type,relation_type_invalid;evidence_invalid;relation_not_entailed
MPT-05b35682b5d3a4faf69a,MP019,schema_type,relation_type_invalid;evidence_invalid
MPT-05bde0b7db490cf7649b,MP003,evidence,evidence_invalid;relation_not_entailed
MPT-05cf4731bf2d9e3672d9,MP001,schema_type,relation_type_invalid;evidence_invalid;relation_not_entailed
MPT-05d135f5f1376ce2a8f0,MP003,schema_type,relation_type_invalid;evidence_invalid
MPT-05d98e5d9786a966c311,MP001,evidence,evidence_invalid;relation_not_entailed
MPT-05f1511788c2977d8016,MP003,evidence,evidence_invalid
MPT-05f7b9d89f97d3725975,MP021,evidence,evidence_invalid;relation_not_entailed
MPT-05f7cdf9c5b74f016ecb,MP003,evidence,evidence_invalid;relation_not_entailed
MPT-06104bf75abbf179876c,MP003,evidence,evidence_invalid
MPT-0610be29c9f94465b92c,MP005,evidence,evidence_invalid;relation_not_entailed
MPT-06193a5f592b5357d631,MP003,schema_type,relation_type_invalid;evidence_invalid
MPT-061d86f8ba834c0b4dd8,MP003,evidence,evidence_invalid
MPT-06328e953e9ee3ae21a9,MP021,evidence,evidence_invalid;relation_not_entailed
MPT-064a26b560dc8815bee3,MP003,evidence,evidence_invalid;relation_not_entailed
MPT-065c328318d0822c3569,MP001,evidence,evidence_invalid;relation_not_entailed
MPT-067ed67a0e63f6f32835,MP019,evidence,evidence_invalid
MPT-0687caee71cb2ed25380,MP001,evidence,evidence_invalid;relation_not_entailed
MPT-0688ce182267fff7a9a4,MP001,evidence,evidence_invalid;relation_not_entailed
MPT-06927b506be3bb576469,MP019,schema_type,relation_type_invalid;evidence_invalid;relation_not_entailed
MPT-069644cfdca44bce9b40,MP003,evidence,evidence_invalid;relation_not_entailed
MPT-06a2a27b45f81732a8e4,MP022,evidence,evidence_invalid;relation_not_entailed
MPT-06a51c44574e608ff16d,MP007,evidence,evidence_invalid
MPT-06b08ad5fd0a5f33f718,MP019,evidence,evidence_invalid;relation_not_entailed
MPT-06b3bf5da7fa4caeccd5,MP005,evidence,evidence_invalid
MPT-06b630945004e470984a,MP003,schema_type,relation_type_invalid;evidence_invalid;relation_not_entailed
MPT-06cc43123cb51b8a122e,MP001,evidence,evidence_invalid;relation_not_entailed
MPT-06cca40ca6d6427592db,MP019,evidence,evidence_invalid;relation_not_entailed
MPT-06d1ca2112046c4c0294,MP001,evidence,evidence_invalid;relation_not_entailed
MPT-06d421925461977d8711,MP002,evidence,evidence_invalid
MPT-06d47056ffb2d6169298,MP005,evidence,evidence_invalid;relation_not_entailed
MPT-070965c675c8a929565d,MP003,evidence,evidence_invalid;relation_not_entailed
MPT-0709da96be490ec44edb,MP019,evidence,evidence_invalid
MPT-071ef6e6fa36b4c830aa,MP001,evidence,evidence_invalid;relation_not_entailed
MPT-0723cb867099ed96df7f,MP019,schema_type,relation_type_invalid;evidence_invalid;relation_not_entailed
MPT-073910ce951803bb3add,MP019,evidence,evidence_invalid
MPT-0749faf5daa3102e47c3,MP021,schema_type,relation_type_invalid
MPT-074b76546cd7af7919e0,MP007,evidence,evidence_invalid;relation_not_entailed
MPT-075f4a29c4ba79dee12b,MP001,evidence,evidence_invalid;relation_not_entailed
MPT-07631837d5d24a4ff98c,MP001,schema_type,relation_type_invalid;evidence_invalid;relation_not_entailed
MPT-0766ef9fb0a1d03954b3,MP001,relation_support,dual_qwen_relation_not_entailed
MPT-07855c5aa01f99b87b26,MP002,evidence,evidence_invalid
MPT-07859d0a380e36cbb564,MP006,evidence,evidence_invalid;relation_not_entailed
MPT-078609b5d1c12280d268,MP019,evidence,evidence_invalid
MPT-079145e4c9a0c65a76ff,MP022,evidence,evidence_invalid;relation_not_entailed
MPT-079460d27acc85056d06,MP007,evidence,evidence_invalid;relation_not_entailed
MPT-07bbc276c6104288dff6,MP018,evidence,evidence_invalid;relation_not_entailed
MPT-07bf5920848be5d5d2bb,MP021,evidence,evidence_invalid;relation_not_entailed
MPT-07c1b715977811b54500,MP003,evidence,evidence_invalid
MPT-07c26e45fc52f9387131,MP003,relation_support,dual_qwen_relation_not_entailed
MPT-07e91455cd1d366d1b69,MP016,evidence,evidence_invalid;relation_not_entailed
MPT-07eeefc666b1494ba182,MP005,relation_support,dual_qwen_relation_not_entailed
MPT-07ef3559d7cc12aa509c,MP019,schema_type,relation_type_invalid;evidence_invalid
MPT-07f1a2c77cbdde094845,MP001,evidence,evidence_invalid
MPT-07f27cfc6edda3ed9cf0,MP004,evidence,evidence_invalid;relation_not_entailed
MPT-07f28e39ef325de4834e,MP001,schema_type,relation_type_invalid;evidence_invalid;relation_not_entailed
MPT-07f2f973e8e620046604,MP004,evidence,evidence_invalid
MPT-07f54484d94695d7e038,MP019,evidence,evidence_invalid
MPT-07f7ae2906b0d4039b58,MP002,evidence,evidence_invalid
MPT-080b907227a9e6002541,MP021,evidence,evidence_invalid;relation_not_entailed
MPT-08166877507319fcfe38,MP003,schema_type,relation_type_invalid;evidence_invalid
MPT-0821f6511185bbdfc7c3,MP019,schema_type,relation_type_invalid;evidence_invalid;relation_not_entailed
MPT-0828709453aaacdc11a4,MP004,evidence,evidence_invalid;relation_not_entailed
MPT-084b2d7c1a36379d6ad3,MP001,schema_type,relation_type_invalid;evidence_invalid;relation_not_entailed
MPT-086be6b550d9160ac7db,MP019,evidence,evidence_invalid;relation_not_entailed
MPT-08869327ba5fdc59f848,MP021,schema_type,relation_type_invalid;evidence_invalid;relation_not_entailed
MPT-088dfdd809d87c6b5848,MP003,schema_type,relation_type_invalid
MPT-089e6547c83a62ccce8d,MP004,evidence,evidence_invalid;relation_not_entailed
MPT-08b010db88cf2c770aeb,MP003,schema_type,relation_type_invalid;evidence_invalid;relation_not_entailed
MPT-08c275ee01e0e6f9793c,MP003,schema_type,relation_type_invalid;evidence_invalid
MPT-08c77d508b5bf71d6057,MP003,evidence,evidence_invalid;relation_not_entailed
MPT-08c8276adc38a666da4b,MP019,evidence,evidence_invalid
MPT-08ca5beb681caac09f9b,MP019,evidence,evidence_invalid;relation_not_entailed
MPT-08cf9f34c48bb3e169ca,MP002,evidence,evidence_invalid
MPT-08d7561089c556a5b0c6,MP019,evidence,evidence_invalid;relation_not_entailed
MPT-08f07ddfd201a40d4fd4,MP001,schema_type,relation_type_invalid;evidence_invalid;relation_not_entailed
MPT-08f3bc6f297e702cd576,MP005,evidence,evidence_invalid
MPT-09044b71d7469b15ed2d,MP001,evidence,evidence_invalid;relation_not_entailed
MPT-091043473aa8a157855e,MP019,evidence,evidence_invalid;relation_not_entailed
MPT-0914bf7e882e4b6a58e0,MP021,evidence,evidence_invalid;relation_not_entailed
MPT-091c0723723844008384,MP002,evidence,evidence_invalid
MPT-091f48ec72a4a588e4e4,MP003,evidence,evidence_invalid;relation_not_entailed
MPT-09263cdb2f6066305481,MP016,schema_type,relation_type_invalid;evidence_invalid;relation_not_entailed
MPT-093597ee7ac1fa28a6be,MP002,evidence,evidence_invalid
MPT-093cc5dc3c4be8dd99cb,MP007,evidence,evidence_invalid;relation_not_entailed
MPT-09573c408677d8cd2950,MP002,evidence,evidence_invalid
MPT-095b40ac18ece7292e2c,MP019,evidence,evidence_invalid
MPT-097da9d17462bc18090c,MP018,evidence,evidence_invalid;relation_not_entailed
MPT-098f3c84c381860b915d,MP003,schema_type,relation_type_invalid;evidence_invalid
MPT-099afc277efe419f5532,MP003,evidence,evidence_invalid;relation_not_entailed
MPT-09a4a19aab450d074e15,MP003,evidence,evidence_invalid;relation_not_entailed
MPT-09b0df3d43852f0bd000,MP019,evidence,evidence_invalid
MPT-09be71daaf7dbe7c7ccb,MP002,evidence,evidence_invalid
MPT-09d48f01f8a5fd460f72,MP004,evidence,evidence_invalid;relation_not_entailed
MPT-09d896946f2fde49c2d3,MP004,evidence,evidence_invalid;relation_not_entailed
MPT-09f383f5c21f74a9f310,MP002,evidence,evidence_invalid
MPT-09f4f2ec30aca830a304,MP003,evidence,evidence_invalid
MPT-09f5d64be7d9994180d8,MP019,evidence,evidence_invalid
MPT-0a071c699ad3dba46030,MP019,schema_type,relation_type_invalid;evidence_invalid;relation_not_entailed
MPT-0a16a2ddb3907af0a666,MP005,schema_type,relation_type_invalid
MPT-0a3877b83cef68e10597,MP003,evidence,evidence_invalid;relation_not_entailed
MPT-0a43737e2966f60c9028,MP015,evidence,evidence_invalid
MPT-0a5f8eb6715d5fff54e8,MP006,evidence,evidence_invalid;relation_not_entailed
MPT-0a611759c00ce3a143b7,MP019,schema_type,relation_type_invalid;evidence_invalid;relation_not_entailed
MPT-0a68e3dd3dc902ca09fb,MP006,schema_type,relation_type_invalid;evidence_invalid;relation_not_entailed
MPT-0a6d7e3a4afa2bc5c8ba,MP019,evidence,evidence_invalid;relation_not_entailed
MPT-0a6f5a0dfd63f1a9f197,MP002,schema_type,relation_type_invalid
MPT-0a7831c41c5598a55a2a,MP002,evidence,evidence_invalid
MPT-0a7a77d1ccf0b862d12c,MP001,evidence,evidence_invalid;relation_not_entailed
MPT-0a81466e681e626ada48,MP003,evidence,evidence_invalid;relation_not_entailed
MPT-0a842f341f898f9564d6,MP003,relation_support,dual_qwen_relation_not_entailed
MPT-0a8b137bed825b10cad9,MP021,evidence,evidence_invalid;relation_not_entailed
MPT-0a9c17d6367b06e2427b,MP003,relation_support,dual_qwen_relation_not_entailed
MPT-0aad8e3766e6a33835a2,MP019,evidence,evidence_invalid
MPT-0ad3b32a2b3b60c18500,MP019,evidence,evidence_invalid
MPT-0af0b4370611e03f9575,MP002,evidence,evidence_invalid
MPT-0af1762ebd71b43933ab,MP019,evidence,evidence_invalid
MPT-0aff9c6144c467d44901,MP019,evidence,evidence_invalid
MPT-0b024b3f7ba6f7183561,MP004,evidence,evidence_invalid;relation_not_entailed
MPT-0b05d448bceafcfbe9e4,MP003,evidence,evidence_invalid;relation_not_entailed
MPT-0b0c10372a2224967a7e,MP007,evidence,evidence_invalid;relation_not_entailed
MPT-0b0d9781bf9402f7f239,MP003,evidence,evidence_invalid
MPT-0b1119b6154a15c9633a,MP019,evidence,evidence_invalid
MPT-0b12284440d40d6678da,MP003,evidence,evidence_invalid;relation_not_entailed
MPT-0b3c77cde11f9ddbd2cb,MP003,evidence,evidence_invalid;relation_not_entailed
MPT-0b5b8a637f6c8005ebe8,MP003,schema_type,relation_type_invalid
MPT-0b5daf0ae92dbe0a58ae,MP019,evidence,evidence_invalid
MPT-0b6f9838ff777b94e5bc,MP001,schema_type,relation_type_invalid;evidence_invalid
MPT-0b91209db976d2b0d059,MP003,evidence,evidence_invalid;relation_not_entailed
MPT-0b99faf3f9097e6c6e3f,MP003,evidence,evidence_invalid
MPT-0ba74f2aa96724fa4209,MP003,evidence,evidence_invalid
MPT-0baee9755456038068f0,MP002,evidence,evidence_invalid
MPT-0bc5c530a550b0886fd7,MP005,evidence,evidence_invalid
MPT-0bcd24831cdc42cf6e63,MP001,evidence,evidence_invalid;relation_not_entailed
MPT-0bd191f80051d9b1d980,MP003,evidence,evidence_invalid;relation_not_entailed
MPT-0bd68df806339ac54e61,MP002,evidence,evidence_invalid;relation_not_entailed
MPT-0bdc48e162e44c006a95,MP002,evidence,evidence_invalid
MPT-0bdd93b40f684ce0d7af,MP003,relation_support,dual_qwen_relation_not_entailed
MPT-0be44364da4e7aa662c5,MP019,evidence,evidence_invalid
MPT-0bebea2c6384fe3aaa62,MP003,evidence,evidence_invalid
MPT-0bf7b48e8b26c26fbdb3,MP003,schema_type,relation_type_invalid
MPT-0bfef8ba85ca961c9799,MP003,schema_type,relation_type_invalid;evidence_invalid;relation_not_entailed
MPT-0c06963b00f410cd30e0,MP002,evidence,evidence_invalid
MPT-0c0d215b4a6b94eca232,MP016,evidence,evidence_invalid;relation_not_entailed
MPT-0c174d6ccf336f642101,MP002,evidence,evidence_invalid
MPT-0c1b910b11f3a97fce13,MP019,evidence,evidence_invalid
MPT-0c1db0208128095bf032,MP003,schema_type,relation_type_invalid;evidence_invalid;relation_not_entailed
MPT-0c1fed33b08ee66c4c48,MP003,evidence,evidence_invalid;relation_not_entailed
MPT-0c2ca0eaaa5272f6a0b7,MP005,evidence,evidence_invalid
MPT-0c341dd80bb32a13596e,MP003,schema_type,relation_type_invalid;evidence_invalid;relation_not_entailed
MPT-0c4af14feec41fcea823,MP005,evidence,evidence_invalid
MPT-0c4dd6f9099fffaebdc4,MP019,schema_type,relation_type_invalid
MPT-0c58565d8d01d934d899,MP019,evidence,evidence_invalid;relation_not_entailed
MPT-0c69e135e269a71bdaf4,MP017,evidence,evidence_invalid;relation_not_entailed
MPT-0c9e97c3612a4bbb2cf9,MP003,relation_support,dual_qwen_relation_not_entailed
MPT-0ca57261a28915c90633,MP019,evidence,evidence_invalid;relation_not_entailed
MPT-0caee4a60f17688a4bfb,MP003,relation_support,dual_qwen_relation_not_entailed
MPT-0cbc8ff9e8ac6dede517,MP001,schema_type,relation_type_invalid
MPT-0cc5bcfcf1c1ef8d4875,MP015,evidence,evidence_invalid;relation_not_entailed
MPT-0cf61757a284ffa84d1f,MP003,evidence,evidence_invalid;relation_not_entailed
MPT-0cf8b143110e04be21c1,MP019,schema_type,relation_type_invalid
MPT-0d0e8149d023412a1b89,MP001,evidence,evidence_invalid
MPT-0d1715e5ce209b795bc5,MP002,evidence,evidence_invalid
MPT-0d17fb9daaa7b7762106,MP001,evidence,evidence_invalid
MPT-0d19c39f397663a5419d,MP003,schema_type,relation_type_invalid
MPT-0d21ac16ba25da54044d,MP019,evidence,evidence_invalid
MPT-0d23ab4c588142973060,MP001,schema_type,relation_type_invalid;evidence_invalid;relation_not_entailed
MPT-0d2f560b6bf04f31f9d2,MP021,evidence,evidence_invalid;relation_not_entailed
MPT-0d33d6ba64db3b626d7b,MP005,evidence,evidence_invalid;relation_not_entailed
MPT-0d357a0e4f0368bda191,MP007,evidence,evidence_invalid
MPT-0d3c89145cdccee389f6,MP005,evidence,evidence_invalid;relation_not_entailed
MPT-0d43edc03bb3421d5951,MP003,evidence,evidence_invalid
MPT-0d5f7c464fc8e745be1d,MP016,evidence,evidence_invalid;relation_not_entailed
MPT-0d67c97eb1051ae96dcf,MP002,evidence,evidence_invalid
MPT-0d6a4916abae83c1a7f4,MP005,schema_type,relation_type_invalid
MPT-0d6dcd79cb3efc19c51a,MP019,schema_type,relation_type_invalid;evidence_invalid;relation_not_entailed
MPT-0d80788399e32412fc34,MP003,evidence,evidence_invalid;relation_not_entailed
MPT-0d92722430aa51fb9360,MP003,evidence,evidence_invalid;relation_not_entailed
MPT-0d9a5295e72df4c59499,MP003,schema_type,relation_type_invalid
MPT-0d9ca9becab3b7ed7e16,MP003,schema_type,relation_type_invalid
MPT-0da316c319df99431fd3,MP001,evidence,evidence_invalid;relation_not_entailed
MPT-0da5a5d37a75a58fea97,MP005,schema_type,relation_type_invalid
MPT-0db96facd18425663f6e,MP022,evidence,evidence_invalid;relation_not_entailed
MPT-0dce1ca33376bd0b47a6,MP003,relation_support,dual_qwen_relation_not_entailed
MPT-0de45b32eba257d494ba,MP002,evidence,evidence_invalid
MPT-0df09c6b7525d3535315,MP003,evidence,evidence_invalid;relation_not_entailed
MPT-0df0eed59e4f9ba80526,MP003,schema_type,relation_type_invalid
MPT-0e0eef780fc16d50c7a5,MP003,schema_type,relation_type_invalid;evidence_invalid
MPT-0e16e2e3a02cfd580cd0,MP003,evidence,evidence_invalid;relation_not_entailed
MPT-0e1db6006132f71548ca,MP016,evidence,evidence_invalid;relation_not_entailed
MPT-0e214f3458aeb8bd4d1a,MP003,relation_support,dual_qwen_relation_not_entailed
MPT-0e30cc7ce9c78266ae0b,MP022,evidence,evidence_invalid;relation_not_entailed
MPT-0e35afb19ad5bd2933f2,MP017,evidence,evidence_invalid;relation_not_entailed
MPT-0e3d107950a1054fe9a6,MP003,schema_type,relation_type_invalid;evidence_invalid;relation_not_entailed
MPT-0e3d2a1d9b2f89552928,MP003,evidence,evidence_invalid
MPT-0e3e4beb304b3ac128ce,MP004,evidence,evidence_invalid
MPT-0e4a6ac126edde6aa35d,MP019,evidence,evidence_invalid;relation_not_entailed
MPT-0e711a9ffe387b094fd2,MP003,evidence,evidence_invalid;relation_not_entailed
MPT-0e7e6225792c7eec6549,MP003,schema_type,relation_type_invalid
MPT-0e9113f4b96c1c87720a,MP017,evidence,evidence_invalid;relation_not_entailed
MPT-0e914dd86a4d9cf8154c,MP019,evidence,evidence_invalid
MPT-0ea2c236ff20fe06f582,MP017,evidence,evidence_invalid;relation_not_entailed
MPT-0ebaf7ffbb029547e49c,MP016,schema_type,relation_type_invalid
MPT-0ebb71a99d2376688144,MP020,evidence,evidence_invalid;relation_not_entailed
MPT-0ebd8be465569c2c9a7c,MP003,relation_support,dual_qwen_relation_not_entailed
MPT-0ee0a0e6d30b5e48ff27,MP015,evidence,evidence_invalid;relation_not_entailed
MPT-0ef70b5e52941f2218df,MP002,evidence,evidence_invalid
MPT-0efeb06513b4ff641b06,MP003,evidence,evidence_invalid;relation_not_entailed
MPT-0f05b212f933a8746e6c,MP007,evidence,evidence_invalid;relation_not_entailed
MPT-0f1396931bf5ce9f4b6e,MP003,evidence,evidence_invalid
MPT-0f17900eb33f5edb8e5e,MP019,evidence,evidence_invalid;relation_not_entailed
MPT-0f2e1cb09c4d7078b475,MP003,schema_type,relation_type_invalid
MPT-0f377c075466e9897425,MP018,evidence,evidence_invalid;relation_not_entailed
MPT-0f4253a15726689087c7,MP005,evidence,evidence_invalid
MPT-0f4d238b86e252c61ced,MP003,evidence,evidence_invalid;relation_not_entailed
MPT-0f4ee57a13c3cd0e43c2,MP016,evidence,evidence_invalid;relation_not_entailed
MPT-0f670b339db8043c0f60,MP016,relation_support,dual_qwen_relation_not_entailed
MPT-0f6855a201495ea8fda9,MP022,evidence,evidence_invalid;relation_not_entailed
MPT-0f7fa099123e01b1e4b1,MP003,schema_type,relation_type_invalid
MPT-0f9e17d341f4cabe3edd,MP016,evidence,evidence_invalid;relation_not_entailed
MPT-0fa9b0fdc89a4174244d,MP001,evidence,evidence_invalid;relation_not_entailed
MPT-0fb2437ce5e7cd0712bc,MP001,schema_type,relation_type_invalid;evidence_invalid;relation_not_entailed
MPT-0fbc23723fddf436bc86,MP005,evidence,evidence_invalid;relation_not_entailed
MPT-0fc3153fb00f90e33dc1,MP021,evidence,evidence_invalid;relation_not_entailed
MPT-0fc436bb4fb8499d4f70,MP003,evidence,evidence_invalid
MPT-0fe23de951a7de75a8f8,MP003,evidence,evidence_invalid;relation_not_entailed
MPT-102456d2717ddd21f758,MP019,evidence,evidence_invalid
MPT-1024d2d4676cdb4d1683,MP018,evidence,evidence_invalid;relation_not_entailed
MPT-1027edea09505faec331,MP003,evidence,evidence_invalid
MPT-10352e74c490c1046cbb,MP003,relation_support,dual_qwen_relation_not_entailed
MPT-10426984e38143e8505a,MP022,evidence,evidence_invalid;relation_not_entailed
MPT-10444455b624b4e3dc22,MP019,evidence,evidence_invalid
MPT-105a4e644e8a8bc271aa,MP016,evidence,evidence_invalid;relation_not_entailed
MPT-105f92787a09e62093e6,MP002,evidence,evidence_invalid
MPT-107e6d856d2004eb8774,MP003,evidence,evidence_invalid;relation_not_entailed
MPT-1081c76c49cf6a8d3e90,MP017,schema_type,relation_type_invalid;evidence_invalid;relation_not_entailed
MPT-1084da66176644addd81,MP021,schema_type,relation_type_invalid;evidence_invalid;relation_not_entailed
MPT-10a4dc585508949a562e,MP003,evidence,evidence_invalid
MPT-10a77a76672f37f0bfe5,MP020,evidence,evidence_invalid;relation_not_entailed
MPT-10b263318413ebad3a1b,MP002,evidence,evidence_invalid
MPT-10b49c97f02265dc79f3,MP003,evidence,evidence_invalid
MPT-10e35f4b4a1cda942a91,MP004,evidence,evidence_invalid;relation_not_entailed
MPT-10e7e856b806d49427b0,MP019,evidence,evidence_invalid
MPT-10ebaf14eeca1e5e1a86,MP002,evidence,evidence_invalid
MPT-10ebd63fbad778407142,MP016,evidence,evidence_invalid;relation_not_entailed
MPT-10f2bfbd586da4d0ccb7,MP003,evidence,evidence_invalid;relation_not_entailed
MPT-10f3cdebdd54bfcf5a54,MP019,evidence,evidence_invalid
MPT-11045282356cdd8d7f7c,MP001,relation_support,dual_qwen_relation_not_entailed
MPT-1108b5fc0c80b8634c9f,MP001,evidence,evidence_invalid;relation_not_entailed
MPT-110971d5247d658d39c6,MP019,evidence,evidence_invalid
MPT-110f57af107c163ca1de,MP020,schema_type,relation_type_invalid;evidence_invalid;relation_not_entailed
MPT-1122219937f030403ed9,MP001,evidence,evidence_invalid;relation_not_entailed
MPT-112307a1822ec48203b3,MP019,schema_type,relation_type_invalid
MPT-1126d5156f25dc65bc57,MP019,schema_type,relation_type_invalid
MPT-11322099dcefbe09ff76,MP005,evidence,evidence_invalid;relation_not_entailed
MPT-1136770b373845879948,MP003,evidence,evidence_invalid;relation_not_entailed
MPT-1153d2bf8317cd773022,MP001,schema_type,relation_type_invalid;evidence_invalid;relation_not_entailed
MPT-115ef46a1f92d5bea33c,MP019,evidence,evidence_invalid;relation_not_entailed
MPT-116344dab73994acacf2,MP005,evidence,evidence_invalid
MPT-116926ec45e5d023b7b5,MP019,schema_type,relation_type_invalid
MPT-116f0d2e2eeb638794d9,MP002,evidence,evidence_invalid
MPT-11827fa3b71870b6bb75,MP003,evidence,evidence_invalid;relation_not_entailed
MPT-11835abfb772a90baa27,MP020,evidence,evidence_invalid;relation_not_entailed
MPT-1186aa544ce2088ecd44,MP003,evidence,evidence_invalid
MPT-11930f00dc834f52bd87,MP002,evidence,evidence_invalid
MPT-11af991cbb77c4f32400,MP005,evidence,evidence_invalid
MPT-11cf3b0027737f42174b,MP001,schema_type,relation_type_invalid
MPT-11d4e73c82a3f0e65a56,MP003,schema_type,relation_type_invalid
MPT-11f84730a7907ce86c79,MP019,evidence,evidence_invalid
MPT-1200d9266cdc2bfc24b4,MP003,evidence,evidence_invalid;relation_not_entailed
MPT-121612b3b6fd9b7238af,MP003,evidence,evidence_invalid
MPT-121b80e8bb7d1f665d8e,MP006,evidence,evidence_invalid;relation_not_entailed
MPT-121cc698177affa0a917,MP003,evidence,evidence_invalid
MPT-12211a38146c15ba623e,MP019,evidence,evidence_invalid
MPT-12513a0bdafbaf442933,MP019,evidence,evidence_invalid
MPT-127d67c8767fd7268c8c,MP002,evidence,evidence_invalid
MPT-127fd2797918158abfbd,MP003,schema_type,relation_type_invalid;evidence_invalid
MPT-12814c82540fd58a0425,MP016,evidence,evidence_invalid;relation_not_entailed
MPT-12912906896057ace84e,MP004,evidence,evidence_invalid;relation_not_entailed
MPT-129d5ae676513489f68a,MP003,evidence,evidence_invalid;relation_not_entailed
MPT-12a0f7d6ef53e075af42,MP021,evidence,evidence_invalid;relation_not_entailed
MPT-12a2c270269672a77df5,MP019,schema_type,relation_type_invalid;evidence_invalid;relation_not_entailed
MPT-12a504df0eb82cefc04b,MP005,schema_type,relation_type_invalid;evidence_invalid;relation_not_entailed
MPT-12a964e5be036769b059,MP017,schema_type,relation_type_invalid;evidence_invalid;relation_not_entailed
MPT-12afea31121bf8256d0e,MP019,evidence,evidence_invalid
MPT-12b1466fedb729436fc0,MP019,schema_type,relation_type_invalid;evidence_invalid;relation_not_entailed
MPT-12bd7becc0ddf09b3aa0,MP004,evidence,evidence_invalid
MPT-12e31fb49456e54ce04c,MP016,evidence,evidence_invalid;relation_not_entailed
MPT-12fc47fa2dd36e8809d0,MP005,schema_type,relation_type_invalid;evidence_invalid;relation_not_entailed
MPT-130d51a35656e0e6e472,MP003,evidence,evidence_invalid;relation_not_entailed
MPT-130f236b5715817667ac,MP019,evidence,evidence_invalid;relation_not_entailed
MPT-1319cb495337ea77f89d,MP003,evidence,evidence_invalid
MPT-1320480058c2908b04e0,MP007,evidence,evidence_invalid;relation_not_entailed
MPT-134d5deec2e1b78d7e8e,MP001,evidence,evidence_invalid;relation_not_entailed
MPT-136161c26da0a67ade6e,MP003,evidence,evidence_invalid;relation_not_entailed
MPT-1365a8da6ff59e9add66,MP003,evidence,evidence_invalid
MPT-136632bca87356695afd,MP022,evidence,evidence_invalid
MPT-1375aec066057778578d,MP002,evidence,evidence_invalid
MPT-137651d439abc6cbd834,MP019,evidence,evidence_invalid
MPT-137c56bd0e93b9430080,MP003,evidence,evidence_invalid;relation_not_entailed
MPT-137d86e9c0f24b734809,MP016,evidence,evidence_invalid;relation_not_entailed
MPT-13902a0eb859e8193c30,MP019,evidence,evidence_invalid;relation_not_entailed
MPT-13982c96326f5c19c7c2,MP003,schema_type,relation_type_invalid
MPT-13d6647efa548c117da4,MP003,relation_support,dual_qwen_relation_not_entailed
MPT-13dc276aecce500c6cca,MP003,relation_support,dual_qwen_relation_not_entailed
MPT-13dfd943711266aed53c,MP004,evidence,evidence_invalid;relation_not_entailed
MPT-13e5c6f0f39b72c67501,MP003,evidence,evidence_invalid;relation_not_entailed
MPT-140045b74500bfbf1f6a,MP001,schema_type,relation_type_invalid;evidence_invalid;relation_not_entailed
MPT-1405b0ef5b948cd92e0c,MP003,evidence,evidence_invalid
MPT-140931a0ff03185613c6,MP003,evidence,evidence_invalid
MPT-140d2b7ed91b1d2365e0,MP003,evidence,evidence_invalid
MPT-1423efdf67bc54b315b0,MP002,evidence,evidence_invalid;relation_not_entailed
MPT-14263da986dba11c1c65,MP001,evidence,evidence_invalid;relation_not_entailed
MPT-142b48c32bb4603c578f,MP003,relation_support,dual_qwen_relation_not_entailed
MPT-1432bf2f90c574ca140b,MP016,evidence,evidence_invalid;relation_not_entailed
MPT-14361dc9ff4837b1bf52,MP017,evidence,evidence_invalid;relation_not_entailed
MPT-143ddfe7658e02102292,MP019,evidence,evidence_invalid
MPT-143f36a637858d6ab76a,MP019,schema_type,relation_type_invalid
MPT-145806209d7e8fd6c79c,MP016,evidence,evidence_invalid;relation_not_entailed
MPT-146bec48307b3067775e,MP022,schema_type,relation_type_invalid;evidence_invalid;relation_not_entailed
MPT-147000b5a985105b75e6,MP018,schema_type,relation_type_invalid
MPT-147fca8baf5cec1d01e6,MP002,evidence,evidence_invalid
MPT-148f72d1a0729aae6275,MP003,evidence,evidence_invalid
MPT-1498ce5cf650668cf7a9,MP001,evidence,evidence_invalid;relation_not_entailed
MPT-14a1408acef29655e551,MP002,evidence,evidence_invalid
MPT-14a7a52e4e1aabe06281,MP007,relation_support,dual_qwen_relation_not_entailed
MPT-14ca3e0515f5c75b63a9,MP003,schema_type,relation_type_invalid;evidence_invalid
MPT-14d72f4a1881995b5a0b,MP003,schema_type,relation_type_invalid;evidence_invalid
MPT-14d9257084d5ad13d43d,MP021,evidence,evidence_invalid
MPT-14dd185a133dbcaf14cb,MP003,evidence,evidence_invalid;relation_not_entailed
MPT-14e5a0e1fd07a2451bf5,MP016,evidence,evidence_invalid;relation_not_entailed
MPT-14f7425485117fb68a09,MP002,evidence,evidence_invalid
MPT-151b0e3082797969cd4c,MP007,evidence,evidence_invalid
MPT-151f42781d62b4cfddd6,MP003,schema_type,relation_type_invalid;evidence_invalid;relation_not_entailed
MPT-152edbfd1d7dc15bc70a,MP001,evidence,evidence_invalid;relation_not_entailed
MPT-1534084d41aea37cffd2,MP003,schema_type,relation_type_invalid;evidence_invalid
MPT-153569589246558655b0,MP002,evidence,evidence_invalid
MPT-15357e546c2390724db4,MP019,evidence,evidence_invalid;relation_not_entailed
MPT-1563bc8482ce65a82960,MP015,evidence,evidence_invalid;relation_not_entailed
MPT-157632a43a23de0b17cc,MP005,evidence,evidence_invalid;relation_not_entailed
MPT-157985bed4f9fad11f63,MP003,schema_type,relation_type_invalid
MPT-157b74f34293898962a8,MP019,evidence,evidence_invalid;relation_not_entailed
MPT-1584cc6f0e65210344d3,MP001,evidence,evidence_invalid;relation_not_entailed
MPT-158ddf76d4dfbe2de4cc,MP001,evidence,evidence_invalid;relation_not_entailed
MPT-159086f09e8eda3c99e5,MP003,schema_type,relation_type_invalid
MPT-1598431c50feaa772eda,MP017,schema_type,relation_type_invalid;evidence_invalid;relation_not_entailed
MPT-15a363b1fad2a1aab69a,MP019,evidence,evidence_invalid;relation_not_entailed
MPT-15ad77cd2fe995e1a3f0,MP001,schema_type,relation_type_invalid
MPT-15af3a87f775e3a6fe38,MP003,evidence,evidence_invalid;relation_not_entailed
MPT-15e1f47fa7c23c634144,MP001,schema_type,relation_type_invalid
MPT-15e7dfa6ba2c0ab74ec7,MP005,evidence,evidence_invalid;relation_not_entailed
MPT-15e84401b3982f9929b6,MP003,schema_type,relation_type_invalid;evidence_invalid;relation_not_entailed
MPT-15ee9a5fced3bfeedf15,MP019,evidence,evidence_invalid
MPT-15ef818cf628b01d9fef,MP016,evidence,evidence_invalid;relation_not_entailed
MPT-15efafa98d66ea6f2435,MP003,schema_type,relation_type_invalid;evidence_invalid;relation_not_entailed
MPT-16010e0989f075c9bffa,MP003,schema_type,relation_type_invalid;evidence_invalid;relation_not_entailed
MPT-16102ffebf9aca24c432,MP001,evidence,evidence_invalid;relation_not_entailed
MPT-1613eb8a6961829e4ff8,MP001,evidence,evidence_invalid;relation_not_entailed
MPT-161b2a8c1ae4f7021c95,MP005,evidence,evidence_invalid
MPT-1631653b1369d613ec67,MP019,evidence,evidence_invalid
MPT-1632214415841e2f2d49,MP001,evidence,evidence_invalid;relation_not_entailed
MPT-1654dc5d66d74e52f253,MP001,schema_type,relation_type_invalid;evidence_invalid;relation_not_entailed
MPT-16760bab3131ca9cff2f,MP003,schema_type,relation_type_invalid;evidence_invalid;relation_not_entailed
MPT-1677443aead012217a15,MP003,evidence,evidence_invalid;relation_not_entailed
MPT-167e0e9e3f22a6ee51b6,MP019,evidence,evidence_invalid
MPT-1682e26b25c6d2248aea,MP001,evidence,evidence_invalid;relation_not_entailed
MPT-169050eccea32c44ba25,MP003,evidence,evidence_invalid;relation_not_entailed
MPT-16a88d3807ae823ff8b9,MP005,evidence,evidence_invalid;relation_not_entailed
MPT-16aeea14254d4cd5d494,MP002,schema_type,relation_type_invalid;evidence_invalid
MPT-16b47563a9c376a52cb2,MP003,evidence,evidence_invalid;relation_not_entailed
MPT-16ced3180dbe22b7b05d,MP004,evidence,evidence_invalid
MPT-16de5d1cfcb4c6d2ec37,MP005,schema_type,relation_type_invalid
MPT-16e1252dc7c8b2c29564,MP022,schema_type,relation_type_invalid
MPT-16f4542e24d085bffd9a,MP022,evidence,evidence_invalid;relation_not_entailed
MPT-16f6c7192be630e28ae5,MP016,evidence,evidence_invalid;relation_not_entailed
MPT-171037a9868a8f404e6d,MP001,evidence,evidence_invalid;relation_not_entailed
MPT-171d2912d610e7d2e6ca,MP016,evidence,evidence_invalid;relation_not_entailed
MPT-17230d7ddd57eba20a18,MP002,evidence,evidence_invalid
MPT-172f2e961f4650375603,MP004,evidence,evidence_invalid
MPT-1732af502a5c3d51d65a,MP016,evidence,evidence_invalid;relation_not_entailed
MPT-173cd4e704a18a854d97,MP019,evidence,evidence_invalid;relation_not_entailed
MPT-173d2e5d8cee97299f41,MP019,evidence,evidence_invalid
MPT-1745abc450b2f605a2ab,MP001,evidence,evidence_invalid;relation_not_entailed
MPT-1771104207e00e4e542d,MP019,evidence,evidence_invalid
MPT-177549da9e765fbba17d,MP001,evidence,evidence_invalid;relation_not_entailed
MPT-1776fb34ced6e459c870,MP003,evidence,evidence_invalid;relation_not_entailed
MPT-1780c759f74584fd0c8e,MP003,evidence,evidence_invalid;relation_not_entailed
MPT-178239d2829feb985e17,MP002,evidence,evidence_invalid
MPT-1785d3998b6cc585060f,MP005,relation_support,dual_qwen_relation_not_entailed
MPT-17add2326049a6415789,MP019,schema_type,relation_type_invalid;evidence_invalid;relation_not_entailed
MPT-17c1cacc175847a7d366,MP001,schema_type,relation_type_invalid
MPT-17dcdb3942e27ae3f4b4,MP003,schema_type,relation_type_invalid;evidence_invalid
MPT-17f3ed65d6856b8b2505,MP003,evidence,evidence_invalid
MPT-18081448411a756c9c16,MP019,evidence,evidence_invalid
MPT-181324f4882d65a02369,MP004,evidence,evidence_invalid;relation_not_entailed
MPT-181567e46d1fad21c08e,MP001,evidence,evidence_invalid;relation_not_entailed
MPT-1817ab6c786e4ed482d4,MP003,evidence,evidence_invalid;relation_not_entailed
MPT-1821c377dec4e6eb5db5,MP004,evidence,evidence_invalid;relation_not_entailed
MPT-1827144fe7090b163e06,MP020,evidence,evidence_invalid;relation_not_entailed
MPT-182740563da8ed0d9429,MP002,evidence,evidence_invalid
MPT-1832a72ed7f88ed2d2f3,MP001,schema_type,relation_type_invalid;evidence_invalid;relation_not_entailed
MPT-1854b2f91eacc14ed4f6,MP001,evidence,evidence_invalid;relation_not_entailed
MPT-185ae2b10de088dbb61a,MP019,schema_type,relation_type_invalid;evidence_invalid
MPT-185d870f7f9fabec48d6,MP005,evidence,evidence_invalid
MPT-185e23db99fcd401eb48,MP001,evidence,evidence_invalid;relation_not_entailed
MPT-18607b3dde81965c13fe,MP019,evidence,evidence_invalid
MPT-1882a53bb2b1a79c574a,MP005,evidence,evidence_invalid;relation_not_entailed
MPT-188f2478c8fad84c77a5,MP019,evidence,evidence_invalid
MPT-188fa166f81380a87ae7,MP003,evidence,evidence_invalid;relation_not_entailed
MPT-18934ac7608df572ebf6,MP002,evidence,evidence_invalid
MPT-189ffdae68854d82dda5,MP003,evidence,evidence_invalid;relation_not_entailed
MPT-18bb2bc3f13a58d3976c,MP001,schema_type,relation_type_invalid
MPT-18c976a8a224b52c60b5,MP002,schema_type,relation_type_invalid
MPT-18cde96cd2ff6959735a,MP003,evidence,evidence_invalid
MPT-18fd96b16cf29485865d,MP019,evidence,evidence_invalid
MPT-1908756fdb408b106738,MP019,evidence,evidence_invalid
MPT-190ed011636c6008bf97,MP015,relation_support,dual_qwen_relation_not_entailed
MPT-191dc2911309aec8ca71,MP005,evidence,evidence_invalid
MPT-19262580c984144e6634,MP003,evidence,evidence_invalid;relation_not_entailed
MPT-193ba61630843b116d9a,MP003,schema_type,relation_type_invalid;evidence_invalid
MPT-193ed6386a4f283c4a40,MP003,evidence,evidence_invalid;relation_not_entailed
MPT-195cbb76e2c9a3c491fd,MP019,evidence,evidence_invalid;relation_not_entailed
MPT-1969c188cbfa1cf6c885,MP019,evidence,evidence_invalid
MPT-196c110ae648aa42a4ca,MP001,evidence,evidence_invalid;relation_not_entailed
MPT-196c3d2e88e1fa8a7046,MP005,schema_type,relation_type_invalid;evidence_invalid;relation_not_entailed
MPT-19795bcf8f487d0c876c,MP019,evidence,evidence_invalid
MPT-197d3e40c2771d0133e3,MP018,relation_support,dual_qwen_relation_not_entailed
MPT-197e77489b85d398c69e,MP003,evidence,evidence_invalid
MPT-199394693c0e7b032214,MP007,evidence,evidence_invalid;relation_not_entailed
MPT-19b5852adca7600b24b2,MP003,evidence,evidence_invalid;relation_not_entailed
MPT-19b7bc92eae98d8bdaad,MP003,evidence,evidence_invalid;relation_not_entailed
MPT-19c74a86d690d53e1357,MP001,evidence,evidence_invalid;relation_not_entailed
MPT-19c7d78992b67aaea9f7,MP003,evidence,evidence_invalid;relation_not_entailed
MPT-19ca0597bea238f62955,MP002,evidence,evidence_invalid
MPT-19dcc338a778a753cc32,MP016,evidence,evidence_invalid;relation_not_entailed
MPT-19f7292da715546757a8,MP002,evidence,evidence_invalid;relation_not_entailed
MPT-19f80bc3c20f5e217d4c,MP003,evidence,evidence_invalid
MPT-19fd44d93339b4beb9ff,MP019,evidence,evidence_invalid
MPT-1a0a9dc3b57492f3a394,MP003,evidence,evidence_invalid
MPT-1a1eba7d333560c6a5f1,MP004,schema_type,relation_type_invalid
MPT-1a237acdd5560d91033a,MP016,evidence,evidence_invalid;relation_not_entailed
MPT-1a28f8497da04b118fe4,MP002,schema_type,relation_type_invalid;evidence_invalid;relation_not_entailed
MPT-1a2aa2b0b74244882957,MP003,evidence,evidence_invalid;relation_not_entailed
MPT-1a3140e98e37501a9f9a,MP019,schema_type,relation_type_invalid;evidence_invalid;relation_not_entailed
MPT-1a3846c4e36f245a738b,MP002,evidence,evidence_invalid
MPT-1a4ff548b6d28b8b84ec,MP017,schema_type,relation_type_invalid;evidence_invalid;relation_not_entailed
MPT-1a580c05109febbad51b,MP019,evidence,evidence_invalid
MPT-1a59958d6783263b7020,MP019,evidence,evidence_invalid
MPT-1a635a56f371af3b6676,MP003,relation_support,dual_qwen_relation_not_entailed
MPT-1a6589f13946edb87596,MP007,evidence,evidence_invalid;relation_not_entailed
MPT-1a6a15caf6be4a448632,MP003,evidence,evidence_invalid;relation_not_entailed
MPT-1a6a4d0d7e66a86a543d,MP003,evidence,evidence_invalid
MPT-1a7ee5690352b83eae75,MP019,evidence,evidence_invalid
MPT-1a827c1abcb2125482eb,MP021,schema_type,relation_type_invalid;evidence_invalid;relation_not_entailed
MPT-1a832c29f6089b8953d0,MP004,evidence,evidence_invalid;relation_not_entailed
MPT-1a843aa56d386e340d41,MP003,evidence,evidence_invalid;relation_not_entailed
MPT-1a8ca5233e78331ae35e,MP004,evidence,evidence_invalid
MPT-1a9270d15d0e07ed66d0,MP005,evidence,evidence_invalid
MPT-1a94822717a36157a507,MP004,evidence,evidence_invalid;relation_not_entailed
MPT-1aadac83523c720cf797,MP002,schema_type,relation_type_invalid
MPT-1ac629010643919210a0,MP019,schema_type,relation_type_invalid;evidence_invalid;relation_not_entailed
MPT-1ae0ae9fa1fe9cc9866a,MP003,schema_type,relation_type_invalid
MPT-1af8aeb77f24a620afae,MP003,evidence,evidence_invalid;relation_not_entailed
MPT-1afda1f3bdbb04c59c36,MP003,schema_type,relation_type_invalid
MPT-1b2c0ea06e5930aa13e9,MP019,evidence,evidence_invalid
MPT-1b361a4ab948dd7dfa05,MP005,evidence,evidence_invalid
MPT-1b36e5e87108a09fb129,MP004,schema_type,relation_type_invalid;evidence_invalid;relation_not_entailed
MPT-1b3864ee2d77e021283a,MP003,relation_support,dual_qwen_relation_not_entailed
MPT-1b5299723bf6aecc473c,MP001,evidence,evidence_invalid
MPT-1b633a95dbe127ca4ff0,MP003,evidence,evidence_invalid
MPT-1b759a1d219fd70ec939,MP019,evidence,evidence_invalid;relation_not_entailed
MPT-1b81938a84b21f14c712,MP003,evidence,evidence_invalid
MPT-1b836d9fa6cd05ac84e9,MP021,evidence,evidence_invalid;relation_not_entailed
MPT-1b9066ed07a50fbfb38e,MP021,evidence,evidence_invalid;relation_not_entailed
MPT-1b9126ec640939251f61,MP002,evidence,evidence_invalid
MPT-1b917d536409ee7c769f,MP019,evidence,evidence_invalid;relation_not_entailed
MPT-1bba719d48edae9f7634,MP001,evidence,evidence_invalid
MPT-1bbd42a820c242eca318,MP002,evidence,evidence_invalid
MPT-1bc8e88d08682f87c930,MP019,evidence,evidence_invalid
MPT-1bd4194f242e3d96634f,MP003,relation_support,dual_qwen_relation_not_entailed
MPT-1bd4d6304a7c716db665,MP003,evidence,evidence_invalid;relation_not_entailed
MPT-1bfacfc79370f070f87a,MP019,evidence,evidence_invalid
MPT-1c02497d132b70608b24,MP003,evidence,evidence_invalid
MPT-1c16c45fe43e5b42585f,MP003,relation_support,dual_qwen_relation_not_entailed
MPT-1c16e5807651782a0a27,MP002,evidence,evidence_invalid
MPT-1c294a289f304a958ab3,MP003,evidence,evidence_invalid;relation_not_entailed
MPT-1c3035a76031a19013b9,MP003,schema_type,relation_type_invalid
MPT-1c321f4ea29fa3a6cf78,MP005,evidence,evidence_invalid;relation_not_entailed
MPT-1c3e574f06922c2d86b7,MP019,evidence,evidence_invalid
MPT-1c46526d78be7847249a,MP021,evidence,evidence_invalid;relation_not_entailed
MPT-1c466b453a9d8618bff8,MP002,evidence,evidence_invalid
MPT-1c46ad2da78077c2736f,MP016,evidence,evidence_invalid;relation_not_entailed
MPT-1c634327d1f2858905cb,MP003,evidence,evidence_invalid
MPT-1c7327f259df2647425c,MP007,evidence,evidence_invalid;relation_not_entailed
MPT-1c781abc913252246c5f,MP002,evidence,evidence_invalid
MPT-1c7a7fcc3b95f838e575,MP002,evidence,evidence_invalid
MPT-1c7eced27ce7ead77d22,MP019,evidence,evidence_invalid
MPT-1c853051587881d9eed7,MP004,evidence,evidence_invalid;relation_not_entailed
MPT-1c8ad4370fa747badc20,MP016,evidence,evidence_invalid;relation_not_entailed
MPT-1ca34a7ce5de6b371102,MP016,schema_type,relation_type_invalid
MPT-1ca4e71bcee9b4e64240,MP016,schema_type,relation_type_invalid;evidence_invalid;relation_not_entailed
MPT-1cb58b9827a102460055,MP004,evidence,evidence_invalid;relation_not_entailed
MPT-1cdece1a18690d1e1a3f,MP003,evidence,evidence_invalid
MPT-1ce021a7aea718e2df1f,MP005,evidence,evidence_invalid;relation_not_entailed
MPT-1cebf3f9d1f3dfc49ade,MP005,evidence,evidence_invalid;relation_not_entailed
MPT-1cef6374fc4d78ae57e1,MP002,evidence,evidence_invalid
MPT-1cf3e4d736f4ba58bb11,MP003,evidence,evidence_invalid;relation_not_entailed
MPT-1d05b9f2f625233d17ce,MP002,evidence,evidence_invalid
MPT-1d07e5bed91cdfc92898,MP015,relation_support,dual_qwen_relation_not_entailed
MPT-1d13ed9f4e614532d798,MP019,evidence,evidence_invalid
MPT-1d332e9a534338e5af65,MP019,evidence,evidence_invalid
MPT-1d389cd44e7f08377402,MP001,schema_type,relation_type_invalid;evidence_invalid;relation_not_entailed
MPT-1d489170dd9711ce1440,MP001,schema_type,relation_type_invalid
MPT-1d5aa25a01e743fdfc40,MP007,evidence,evidence_invalid
MPT-1d5c9762992f233f6ffd,MP002,evidence,evidence_invalid
MPT-1d7327710a6975a6b2ce,MP015,evidence,evidence_invalid;relation_not_entailed
MPT-1d7444e662cf88164f22,MP003,evidence,evidence_invalid;relation_not_entailed
MPT-1d8da8f6fbaf398a10a6,MP004,evidence,evidence_invalid;relation_not_entailed
MPT-1da305294881bfb922ac,MP002,evidence,evidence_invalid
MPT-1dad3d7076d1b9376b6a,MP005,schema_type,relation_type_invalid;evidence_invalid;relation_not_entailed
MPT-1db5610f0ed3f001d160,MP004,evidence,evidence_invalid;relation_not_entailed
MPT-1dd56bf44b2c78d4e22b,MP003,evidence,evidence_invalid
MPT-1dd5e7c3cb425029de42,MP015,evidence,evidence_invalid;relation_not_entailed
MPT-1deaab8f9bed77d9bf10,MP005,evidence,evidence_invalid
MPT-1df7cfd03f35a8c9467d,MP001,schema_type,relation_type_invalid
MPT-1dfe3b98099fb5076b79,MP003,schema_type,relation_type_invalid;evidence_invalid;relation_not_entailed
MPT-1dff5f0289d89e302668,MP003,relation_support,dual_qwen_relation_not_entailed
MPT-1e2cfaa717daced2576a,MP003,schema_type,relation_type_invalid;evidence_invalid;relation_not_entailed
MPT-1e3366b79a992cb01222,MP003,evidence,evidence_invalid;relation_not_entailed
MPT-1e4f78905e7caa864753,MP003,schema_type,relation_type_invalid
MPT-1e58313d48213eac5eb1,MP018,evidence,evidence_invalid;relation_not_entailed
MPT-1e5ea34fa463b279d71b,MP001,evidence,evidence_invalid;relation_not_entailed
MPT-1e6b74de7e6200f7ce52,MP022,evidence,evidence_invalid;relation_not_entailed
MPT-1e7b3e685442a68e83a8,MP003,evidence,evidence_invalid;relation_not_entailed
MPT-1ea2b96c48bf26c32ec0,MP003,evidence,evidence_invalid
MPT-1ecbad6a351530f47b4f,MP003,schema_type,relation_type_invalid;evidence_invalid;relation_not_entailed
MPT-1ed1a8c3e722e03a45ac,MP003,schema_type,relation_type_invalid
MPT-1edde84f3147718294dd,MP003,schema_type,relation_type_invalid
MPT-1ee32ffdae4022abb3b1,MP016,evidence,evidence_invalid;relation_not_entailed
MPT-1ee515b61bc606c0934c,MP003,evidence,evidence_invalid;relation_not_entailed
MPT-1ee7b2955d3589161e74,MP002,evidence,evidence_invalid;relation_not_entailed
MPT-1eeea72f7479eb78631a,MP003,schema_type,relation_type_invalid
MPT-1ef69a53389f9a09bbb5,MP003,schema_type,relation_type_invalid;evidence_invalid;relation_not_entailed
MPT-1efa354f5d83a0714761,MP017,evidence,evidence_invalid;relation_not_entailed
MPT-1efd0698e01c944e1766,MP019,schema_type,relation_type_invalid;evidence_invalid;relation_not_entailed
MPT-1efd88c08f9a21c97ade,MP003,schema_type,relation_type_invalid;evidence_invalid;relation_not_entailed
MPT-1f07aa473f549aaf3e80,MP019,evidence,evidence_invalid;relation_not_entailed
MPT-1f213aa5cf7e4e510abb,MP019,evidence,evidence_invalid;relation_not_entailed
MPT-1f23dd92fdbf9bccb1e0,MP019,schema_type,relation_type_invalid;evidence_invalid
MPT-1f2bb975606e09d71e5f,MP002,schema_type,relation_type_invalid
MPT-1f2c3e379e2c6a37e5be,MP019,evidence,evidence_invalid;relation_not_entailed
MPT-1f32c0cea837b3360eba,MP019,evidence,evidence_invalid;relation_not_entailed
MPT-1f363bb34c6c2553c4c0,MP015,evidence,evidence_invalid
MPT-1f37dcae400397e92392,MP019,evidence,evidence_invalid
MPT-1f438000dcdbc4277ca2,MP019,evidence,evidence_invalid
MPT-1f44278cf09568c67ee0,MP007,evidence,evidence_invalid;relation_not_entailed
MPT-1f4c4c8d12647ede03df,MP003,evidence,evidence_invalid;relation_not_entailed
MPT-1f618463916bdbf5f580,MP003,relation_support,dual_qwen_relation_not_entailed
MPT-1f62581905fdb6a668d4,MP003,schema_type,relation_type_invalid;evidence_invalid;relation_not_entailed
MPT-1f66adcd8444b2291064,MP019,evidence,evidence_invalid
MPT-1f68b55d4b4537065ef3,MP005,evidence,evidence_invalid;relation_not_entailed
MPT-1f7b99ab7ba0dcb8c7b6,MP019,evidence,evidence_invalid
MPT-1f83d09a74c978fd70a1,MP007,evidence,evidence_invalid
MPT-1fc8e81b55300dd1bcf2,MP019,evidence,evidence_invalid
MPT-1fcef7446e7c2b6a1398,MP003,evidence,evidence_invalid;relation_not_entailed
MPT-1fd90ed9f4c46b517372,MP003,schema_type,relation_type_invalid
MPT-1fdba03b4ee575d26397,MP019,schema_type,relation_type_invalid;evidence_invalid;relation_not_entailed
MPT-1ff48b1a4ae60f13bf51,MP003,evidence,evidence_invalid;relation_not_entailed
MPT-1ff95a38ad40115e59ed,MP022,schema_type,relation_type_invalid
MPT-2016ab53cdf798fb0ed0,MP019,evidence,evidence_invalid
MPT-201b10d94b32cd7ec4fe,MP019,schema_type,relation_type_invalid;evidence_invalid;relation_not_entailed
MPT-20315e8d2e992d920a3a,MP004,evidence,evidence_invalid
MPT-203165694d1df1f250ba,MP003,evidence,evidence_invalid;relation_not_entailed
MPT-203ee86aba8dab5f0c95,MP021,evidence,evidence_invalid;relation_not_entailed
MPT-205483dfe1fb89786353,MP002,evidence,evidence_invalid
MPT-20559897b317bfcd3a1a,MP001,evidence,evidence_invalid;relation_not_entailed
MPT-2061bc90b8aee85ee5fb,MP002,evidence,evidence_invalid
MPT-20660e15a460df84f927,MP005,evidence,evidence_invalid
MPT-206bf4c7391df2309300,MP003,evidence,evidence_invalid;relation_not_entailed
MPT-207476924f6bcad2a31f,MP003,evidence,evidence_invalid;relation_not_entailed
MPT-207a353b4b08217f2cb8,MP021,evidence,evidence_invalid;relation_not_entailed
MPT-208939d2fa38f6373636,MP003,schema_type,relation_type_invalid;evidence_invalid;relation_not_entailed
MPT-208bb951facfdeb52ee8,MP019,evidence,evidence_invalid
MPT-209d415364278c60ba8d,MP003,evidence,evidence_invalid
MPT-20b705467fadd2b6dd26,MP002,evidence,evidence_invalid
MPT-20df9e6ae01be740d1c0,MP002,evidence,evidence_invalid
MPT-20e90d2a523ff6330c3c,MP003,relation_support,dual_qwen_relation_not_entailed
MPT-20e968eeae722fe0e8d1,MP003,schema_type,relation_type_invalid;evidence_invalid;relation_not_entailed
MPT-20eb4a82000333db3ba5,MP001,evidence,evidence_invalid;relation_not_entailed
MPT-20ed97c58e328718a741,MP004,evidence,evidence_invalid;relation_not_entailed
MPT-20fdccb4cb1a7e0f57c5,MP003,evidence,evidence_invalid
MPT-2103a27e5079655a1897,MP022,evidence,evidence_invalid;relation_not_entailed
MPT-210569382d9335f21da9,MP003,schema_type,relation_type_invalid
MPT-2128eb4f5ee943095c6b,MP020,evidence,evidence_invalid;relation_not_entailed
MPT-212b489755a32c38bbe8,MP015,schema_type,relation_type_invalid
MPT-212d35ffa367bc6ab7e4,MP003,schema_type,relation_type_invalid
MPT-212e2a67f4c6fab169f9,MP020,schema_type,relation_type_invalid
MPT-2132f75c60fb74baa095,MP003,evidence,evidence_invalid;relation_not_entailed
MPT-2137bd415e0a7e3a66ed,MP003,evidence,evidence_invalid;relation_not_entailed
MPT-213b8f6e1dd02eaa3a91,MP018,evidence,evidence_invalid;relation_not_entailed
MPT-2152e4d4089513641aee,MP003,relation_support,dual_qwen_relation_not_entailed
MPT-2156fb734c964ed59355,MP001,schema_type,relation_type_invalid;evidence_invalid;relation_not_entailed
MPT-215d1118942debe2b84f,MP019,evidence,evidence_invalid
MPT-215f9aeecdb39d1356e0,MP019,evidence,evidence_invalid
MPT-21776b20a05b71a8d81b,MP003,schema_type,relation_type_invalid
MPT-2178e2dd5adbef132adf,MP019,evidence,evidence_invalid;relation_not_entailed
MPT-218938f7da5ee89f8a26,MP016,evidence,evidence_invalid;relation_not_entailed
MPT-219fd6f92e93074ba828,MP007,schema_type,relation_type_invalid;evidence_invalid;relation_not_entailed
MPT-21a2188777dda65cadff,MP019,evidence,evidence_invalid;relation_not_entailed
MPT-21aab32cb48ceabed9a7,MP004,evidence,evidence_invalid
MPT-21ab2699ebf347874959,MP003,evidence,evidence_invalid;relation_not_entailed
MPT-21ac69ffa4db22a09f9b,MP003,evidence,evidence_invalid
MPT-21b01b8b47a68e2a040b,MP005,evidence,evidence_invalid;relation_not_entailed
MPT-21c9f4beab78e1819e88,MP003,evidence,evidence_invalid
MPT-21fc536cdbb792f4b614,MP019,evidence,evidence_invalid;relation_not_entailed
MPT-21fec91d8774726d6e3c,MP015,evidence,evidence_invalid;relation_not_entailed
MPT-2216e38bbceac886a625,MP003,evidence,evidence_invalid
MPT-221711a267f972ce6c95,MP001,schema_type,relation_type_invalid;evidence_invalid;relation_not_entailed
MPT-221d624f66e7d5967bfc,MP017,schema_type,relation_type_invalid;evidence_invalid;relation_not_entailed
MPT-22240d2356f239fb5c8b,MP002,schema_type,relation_type_invalid;evidence_invalid
MPT-222e3da35a34bc33f95f,MP016,relation_support,dual_qwen_relation_not_entailed
MPT-223ee37909c08d269283,MP003,evidence,evidence_invalid
MPT-2241dffc729d1112b84e,MP005,schema_type,relation_type_invalid;evidence_invalid;relation_not_entailed
MPT-224ec49829782680251e,MP019,evidence,evidence_invalid;relation_not_entailed
MPT-22613ee16355a793e522,MP002,evidence,evidence_invalid
MPT-2261583e2c141cddf5cb,MP003,evidence,evidence_invalid;relation_not_entailed
MPT-226346f8d097a03fb443,MP002,evidence,evidence_invalid
MPT-2267cf7e653f83bbd201,MP019,schema_type,relation_type_invalid;evidence_invalid;relation_not_entailed
MPT-22687005cac113266a01,MP004,evidence,evidence_invalid;relation_not_entailed
MPT-226b4a8d207e4cb5cf65,MP005,schema_type,relation_type_invalid
MPT-226f9b6326881207f359,MP016,evidence,evidence_invalid;relation_not_entailed
MPT-2291c4a2559f792f4914,MP003,evidence,evidence_invalid
MPT-22958845e4de7c6113a9,MP021,evidence,evidence_invalid;relation_not_entailed
MPT-2299880820568bc3d906,MP003,evidence,evidence_invalid
MPT-229be0f11bb9ad78963c,MP001,relation_support,dual_qwen_relation_not_entailed
MPT-229d87b90735cbacc765,MP015,schema_type,relation_type_invalid
MPT-22a05773d15a2290d8fd,MP019,evidence,evidence_invalid
MPT-22a7c023be83e28b44b2,MP003,schema_type,relation_type_invalid;evidence_invalid
MPT-22c5773e8e27f64e69bb,MP003,evidence,evidence_invalid;relation_not_entailed
MPT-22c7d05910c5d7bd0104,MP020,relation_support,dual_qwen_relation_not_entailed
MPT-22ce74ef27d9caaf8b8a,MP015,evidence,evidence_invalid;relation_not_entailed
MPT-22d530ce68200f2f602a,MP003,schema_type,relation_type_invalid
MPT-22f19e420260ce47f932,MP019,schema_type,relation_type_invalid;evidence_invalid;relation_not_entailed
MPT-22f682cc5fdae57c08ef,MP004,schema_type,relation_type_invalid
MPT-2304f946a8ce9be94dc0,MP003,evidence,evidence_invalid
MPT-2309a794a5eacce7e3dd,MP006,schema_type,relation_type_invalid;evidence_invalid;relation_not_entailed
MPT-2321238b77b57ac02bd1,MP019,evidence,evidence_invalid
MPT-232855ee1a4203e2c6a3,MP007,evidence,evidence_invalid
MPT-232c12a7597492c1d642,MP019,evidence,evidence_invalid
MPT-233136489f02eca753d1,MP020,schema_type,relation_type_invalid;evidence_invalid;relation_not_entailed
MPT-2332d48d9a51728d7115,MP003,evidence,evidence_invalid;relation_not_entailed
MPT-2342050f0f835815be88,MP007,evidence,evidence_invalid;relation_not_entailed
MPT-2369e23614969e55d319,MP019,evidence,evidence_invalid;relation_not_entailed
MPT-236c53292cc7488313f1,MP015,evidence,evidence_invalid
MPT-239cdfd5b957c2777d25,MP003,evidence,evidence_invalid
MPT-239e5e34290672e0c812,MP005,evidence,evidence_invalid;relation_not_entailed
MPT-23b2337038158fdcb50d,MP019,evidence,evidence_invalid;relation_not_entailed
MPT-23bc84107abf8206c04f,MP003,evidence,evidence_invalid;relation_not_entailed
MPT-23dd31ad2c5fe3f64db4,MP003,relation_support,dual_qwen_relation_not_entailed
MPT-23e0be829d265ca4d8bb,MP019,evidence,evidence_invalid
MPT-23e5bf4d3a8072ac0511,MP003,evidence,evidence_invalid;relation_not_entailed
MPT-23f0a886e7441e70a165,MP019,schema_type,relation_type_invalid;evidence_invalid;relation_not_entailed
MPT-240f3b31cccc63c8f01d,MP003,schema_type,relation_type_invalid;evidence_invalid
MPT-2415ebca59ce31a47790,MP019,evidence,evidence_invalid
MPT-242045ab7833c712e8fc,MP019,evidence,evidence_invalid
MPT-24245d20f2a57f1e03ca,MP003,schema_type,relation_type_invalid
MPT-242a90e5e501fd2b48a1,MP003,evidence,evidence_invalid;relation_not_entailed
MPT-242bfb8bf857ce6b81d0,MP005,schema_type,relation_type_invalid
MPT-24305704572dc7e77363,MP017,evidence,evidence_invalid;relation_not_entailed
MPT-243c8120016ede4b066b,MP001,evidence,evidence_invalid;relation_not_entailed
MPT-24401488e96251ebe3b4,MP003,evidence,evidence_invalid
MPT-2446fb250ac409124255,MP007,evidence,evidence_invalid
MPT-2447e9964cde384b3024,MP002,evidence,evidence_invalid
MPT-24916a25528b914dfa95,MP016,evidence,evidence_invalid;relation_not_entailed
MPT-24a0f18d7de7201696a1,MP003,evidence,evidence_invalid;relation_not_entailed
MPT-24a897287f6ef2b8bfb7,MP021,evidence,evidence_invalid;relation_not_entailed
MPT-24aa25bf71415e0f471e,MP016,evidence,evidence_invalid;relation_not_entailed
MPT-24b3e10273f28b8c28e7,MP005,schema_type,relation_type_invalid
MPT-24c5af6a8b8614a6d97b,MP016,evidence,evidence_invalid;relation_not_entailed
MPT-24c9e6fc278bc9532941,MP019,evidence,evidence_invalid
MPT-24d77ca86f0f355f97e0,MP003,evidence,evidence_invalid
MPT-24f0f3d08e424bbbb602,MP003,evidence,evidence_invalid;relation_not_entailed
MPT-25053517b9258c9e4f17,MP015,evidence,evidence_invalid;relation_not_entailed
MPT-250abcee782af5356405,MP003,schema_type,relation_type_invalid
MPT-25133a9db8e4892fe678,MP001,evidence,evidence_invalid
MPT-2514844b8ed6607279ed,MP004,evidence,evidence_invalid
MPT-25171b33bc17867c3c78,MP005,schema_type,relation_type_invalid
MPT-251f21a85e34f20bd8c5,MP016,evidence,evidence_invalid;relation_not_entailed
MPT-25261dcce7de169817d5,MP003,schema_type,relation_type_invalid;evidence_invalid;relation_not_entailed
MPT-253c2878eee5f3a61e78,MP019,schema_type,relation_type_invalid
MPT-254a59b7a06c30d183b6,MP001,schema_type,relation_type_invalid;evidence_invalid;relation_not_entailed
MPT-25534307f6f5cd60d13d,MP005,schema_type,relation_type_invalid
MPT-2555a127f362d7fd9f6b,MP003,evidence,evidence_invalid;relation_not_entailed
MPT-256b540035b6a67570ff,MP003,evidence,evidence_invalid;relation_not_entailed
MPT-2582ec1a0cb75e4d101b,MP019,evidence,evidence_invalid;relation_not_entailed
MPT-258ed03f1edf7c2f8e45,MP016,evidence,evidence_invalid;relation_not_entailed
MPT-25929db665c02ef622eb,MP003,evidence,evidence_invalid
MPT-25a26ba0c0c2a1d94831,MP003,evidence,evidence_invalid;relation_not_entailed
MPT-25a90689fc542ca5f8fb,MP007,evidence,evidence_invalid;relation_not_entailed
MPT-25b3dde7a0b3668b12fc,MP007,evidence,evidence_invalid
MPT-25bc7ff15cdd0de4b0e1,MP003,evidence,evidence_invalid;relation_not_entailed
MPT-25c24451ff41dfbf72f7,MP003,evidence,evidence_invalid;relation_not_entailed
MPT-25c3362517343ac13329,MP002,evidence,evidence_invalid;relation_not_entailed
MPT-25d177faebd2fce66cfc,MP003,evidence,evidence_invalid
MPT-25e87e7be60780b470f4,MP001,evidence,evidence_invalid;relation_not_entailed
MPT-25ec13ed26294c81cbda,MP016,schema_type,relation_type_invalid;evidence_invalid;relation_not_entailed
MPT-260a794d3f612d6c5d2c,MP003,evidence,evidence_invalid;relation_not_entailed
MPT-260b6a49f7a98314f8ae,MP020,evidence,evidence_invalid;relation_not_entailed
MPT-26124fdc1c29b4ada7c3,MP005,schema_type,relation_type_invalid
MPT-261af17318f36cae98ee,MP001,schema_type,relation_type_invalid;evidence_invalid;relation_not_entailed
MPT-26226b40c1bc8f206f19,MP004,evidence,evidence_invalid;relation_not_entailed
MPT-26276446838ad6aad3a4,MP003,schema_type,relation_type_invalid
MPT-2641a979943ad4170c47,MP003,evidence,evidence_invalid;relation_not_entailed
MPT-2648ca226a105093ba3e,MP022,relation_support,dual_qwen_relation_not_entailed
MPT-2654acd861bbede256c6,MP003,evidence,evidence_invalid
MPT-26596be22cb816a9d387,MP003,evidence,evidence_invalid
MPT-2678405d58abf5d2c265,MP005,relation_support,dual_qwen_relation_not_entailed
MPT-2681a23db486dab8d8b4,MP005,schema_type,relation_type_invalid
MPT-268aec6429b7d7fc51a6,MP003,schema_type,relation_type_invalid
MPT-268bbc91b981fe461df1,MP004,evidence,evidence_invalid;relation_not_entailed
MPT-26be6557735488de27ab,MP005,evidence,evidence_invalid;relation_not_entailed
MPT-26c84275274cf46f1a73,MP017,evidence,evidence_invalid;relation_not_entailed
MPT-26d224a4b22bcbbc44b7,MP004,evidence,evidence_invalid;relation_not_entailed
MPT-26e6d991a49aa9a371a7,MP003,evidence,evidence_invalid;relation_not_entailed
MPT-26f4c7753813584ae665,MP003,evidence,evidence_invalid;relation_not_entailed
MPT-26f9229d08a7cb36a694,MP022,schema_type,relation_type_invalid;evidence_invalid;relation_not_entailed
MPT-2706e8e11a27e84f6cb8,MP003,evidence,evidence_invalid;relation_not_entailed
MPT-27096ae91d8443faa644,MP001,evidence,evidence_invalid
MPT-2710eeac099da8155108,MP001,schema_type,relation_type_invalid;evidence_invalid;relation_not_entailed
MPT-2711fb53421f82858636,MP003,evidence,evidence_invalid;relation_not_entailed
MPT-2712a5541f8c87fee481,MP003,schema_type,relation_type_invalid;evidence_invalid
MPT-272cc56a8e187e78df50,MP005,evidence,evidence_invalid
MPT-272e847d4797e5fd22e2,MP015,evidence,evidence_invalid;relation_not_entailed
MPT-27392c98d87e68539062,MP005,relation_support,dual_qwen_relation_not_entailed
MPT-273faa4153c159014619,MP019,evidence,evidence_invalid
MPT-27485e135dc94faf4669,MP019,evidence,evidence_invalid
MPT-275c1f7818e2a224e13d,MP002,evidence,evidence_invalid
MPT-276fdee48e2987a9b245,MP003,evidence,evidence_invalid;relation_not_entailed
MPT-2777d295f0a26324ae2d,MP004,evidence,evidence_invalid;relation_not_entailed
MPT-277c1054013e07f23223,MP019,evidence,evidence_invalid;relation_not_entailed
MPT-277f00ecb5c0d5c7fe94,MP003,evidence,evidence_invalid;relation_not_entailed
MPT-2786b03eec674891535a,MP001,schema_type,relation_type_invalid;evidence_invalid;relation_not_entailed
MPT-27946007f09faa555957,MP003,evidence,evidence_invalid;relation_not_entailed
MPT-27992f92016e12812efc,MP015,evidence,evidence_invalid;relation_not_entailed
MPT-279ee9d602b882c00feb,MP019,evidence,evidence_invalid
MPT-27a75562e87d9dc3230f,MP019,evidence,evidence_invalid
MPT-27c1fb785317cc89cd06,MP002,evidence,evidence_invalid
MPT-27d0278fff680e8671f0,MP003,schema_type,relation_type_invalid
MPT-28065afddf6e85f5a17d,MP002,evidence,evidence_invalid
MPT-280d886fe1bfb5813d81,MP019,evidence,evidence_invalid;relation_not_entailed
MPT-281088fbc28c77d48842,MP007,evidence,evidence_invalid
MPT-283ce0b7b42f90536496,MP016,evidence,evidence_invalid;relation_not_entailed
MPT-283e7c5b35915b294f80,MP002,evidence,evidence_invalid
MPT-285335e5877a79e97693,MP005,schema_type,relation_type_invalid;evidence_invalid;relation_not_entailed
MPT-285701aca1a346e537d9,MP001,evidence,evidence_invalid;relation_not_entailed
MPT-2862308e3d2644652a12,MP018,evidence,evidence_invalid;relation_not_entailed
MPT-28634dbf000adf694f91,MP003,evidence,evidence_invalid;relation_not_entailed
MPT-286de47e2168f488136f,MP003,schema_type,relation_type_invalid;evidence_invalid;relation_not_entailed
MPT-289f79ef6d0257677345,MP003,evidence,evidence_invalid;relation_not_entailed
MPT-28b6855ebba1dea9c25e,MP001,evidence,evidence_invalid;relation_not_entailed
MPT-28bcc987779275af7832,MP019,schema_type,relation_type_invalid;evidence_invalid
MPT-28cbf12998bc9d519699,MP002,evidence,evidence_invalid
MPT-28d35c497512897be7b1,MP003,evidence,evidence_invalid;relation_not_entailed
MPT-28f0c1b796c760a72eb1,MP017,evidence,evidence_invalid;relation_not_entailed
MPT-290dfa62fe416df5cf60,MP019,schema_type,relation_type_invalid;evidence_invalid;relation_not_entailed
MPT-2916a2d4d3c9293d8c2f,MP002,evidence,evidence_invalid
MPT-29244a0cc07b4ac29d3a,MP003,evidence,evidence_invalid;relation_not_entailed
MPT-292bbd658bdb2aa0a225,MP004,evidence,evidence_invalid;relation_not_entailed
MPT-293c5e027254b4b972e8,MP015,evidence,evidence_invalid;relation_not_entailed
MPT-29506f2ac30ec4c01aab,MP019,schema_type,relation_type_invalid;evidence_invalid
MPT-29605b8404bbdcf07955,MP021,schema_type,relation_type_invalid;evidence_invalid;relation_not_entailed
MPT-298da6518f50314dffa6,MP019,evidence,evidence_invalid;relation_not_entailed
MPT-2995d1fcf29acf98f6fd,MP015,evidence,evidence_invalid;relation_not_entailed
MPT-299a93584a33df013c22,MP016,evidence,evidence_invalid;relation_not_entailed
MPT-29a2675799c83ed22388,MP005,schema_type,relation_type_invalid
MPT-29ad28e06c4e4ccbbdcc,MP019,schema_type,relation_type_invalid;evidence_invalid
MPT-29cb2a673280daf82216,MP003,schema_type,relation_type_invalid;evidence_invalid
MPT-29d4ba15585a1aafd94a,MP001,schema_type,relation_type_invalid;evidence_invalid;relation_not_entailed
MPT-29e476e8b876c64e985e,MP019,schema_type,relation_type_invalid;evidence_invalid
MPT-29edf7b80ae0a421b109,MP007,evidence,evidence_invalid;relation_not_entailed
MPT-29faf220d0a0319896c9,MP021,evidence,evidence_invalid;relation_not_entailed
MPT-2a0a62e12285b7dbc8f9,MP005,evidence,evidence_invalid
MPT-2a0fb2a3e59ce23093f5,MP007,evidence,evidence_invalid
MPT-2a15fa495a3ab84944b6,MP003,schema_type,relation_type_invalid;evidence_invalid
MPT-2a20917af25150fb21ee,MP019,evidence,evidence_invalid
MPT-2a22867645d00d451dca,MP003,schema_type,relation_type_invalid
MPT-2a24fee323864ae8b2f8,MP019,evidence,evidence_invalid;relation_not_entailed
MPT-2a260e3cb05c89277db6,MP003,relation_support,dual_qwen_relation_not_entailed
MPT-2a279c111841c21b9d9e,MP019,schema_type,relation_type_invalid;evidence_invalid;relation_not_entailed
MPT-2a336aa1332521193175,MP003,evidence,evidence_invalid;relation_not_entailed
MPT-2a50719abc53bac569b1,MP019,evidence,evidence_invalid
MPT-2a603d04e2c7d8418f96,MP019,evidence,evidence_invalid;relation_not_entailed
MPT-2a6ce887b074b8a6ccf3,MP003,schema_type,relation_type_invalid;evidence_invalid
MPT-2a75037a689ae0e885d7,MP002,evidence,evidence_invalid
MPT-2a7a776fe8b83fd883e4,MP001,evidence,evidence_invalid;relation_not_entailed
MPT-2a7aec2105ace2f1b8f9,MP004,evidence,evidence_invalid;relation_not_entailed
MPT-2a892d4f38d9aa1015dd,MP001,schema_type,relation_type_invalid
MPT-2a8e6a6a6a49b455378c,MP021,evidence,evidence_invalid;relation_not_entailed
MPT-2a910294560118116db6,MP019,evidence,evidence_invalid
MPT-2a9270ff7950f25e1cbb,MP019,schema_type,relation_type_invalid;evidence_invalid
MPT-2a949935b44fa2bc87a6,MP003,schema_type,relation_type_invalid;evidence_invalid
MPT-2a9cd886c0972895ca21,MP003,evidence,evidence_invalid;relation_not_entailed
MPT-2aa50cb4e6e2c79eb297,MP019,evidence,evidence_invalid;relation_not_entailed
MPT-2aca02f0e092502982fc,MP002,evidence,evidence_invalid
MPT-2ad9f2fb919814f623b2,MP019,schema_type,relation_type_invalid
MPT-2ae0db604632d3c5a639,MP019,evidence,evidence_invalid;relation_not_entailed
MPT-2ae7b3ef01aca7c105e3,MP001,schema_type,relation_type_invalid;evidence_invalid;relation_not_entailed
MPT-2ae99695f387ea9141f4,MP003,schema_type,relation_type_invalid
MPT-2aed73a865ce8971889b,MP019,evidence,evidence_invalid
MPT-2afc1c08cf109af7dbb7,MP002,evidence,evidence_invalid
MPT-2aff1e90b7e763841ee7,MP003,evidence,evidence_invalid;relation_not_entailed
MPT-2b0b520ce09e0ea7d70a,MP003,relation_support,dual_qwen_relation_not_entailed
MPT-2b1c636223b8eacea6f5,MP001,evidence,evidence_invalid;relation_not_entailed
MPT-2b208cef708a49833efa,MP003,evidence,evidence_invalid;relation_not_entailed
MPT-2b2c68cce02824e72def,MP015,relation_support,dual_qwen_relation_not_entailed
MPT-2b2f4bdc9341cf19ae74,MP019,evidence,evidence_invalid;relation_not_entailed
MPT-2b382c651ac8e987cddf,MP003,evidence,evidence_invalid;relation_not_entailed
MPT-2b3f3eca2e0abe1c6e16,MP016,evidence,evidence_invalid;relation_not_entailed
MPT-2b4837bb2b1cd25c494e,MP019,evidence,evidence_invalid;relation_not_entailed
MPT-2b4df1166028e4d7ed69,MP019,evidence,evidence_invalid;relation_not_entailed
MPT-2b5538691bcb7b8a555a,MP018,evidence,evidence_invalid;relation_not_entailed
MPT-2b7a0670d1d928673118,MP003,schema_type,relation_type_invalid
MPT-2b7c9417848f0881525e,MP005,relation_support,dual_qwen_relation_not_entailed
MPT-2b8883d81f43fcce9750,MP004,evidence,evidence_invalid;relation_not_entailed
MPT-2b91287bf5f80d591627,MP003,schema_type,relation_type_invalid;evidence_invalid
MPT-2b9aaac31e9b60edae77,MP003,evidence,evidence_invalid
MPT-2ba73203a516cde7af07,MP003,evidence,evidence_invalid;relation_not_entailed
MPT-2ba7c587ac4dc1a581b1,MP002,evidence,evidence_invalid
MPT-2bb7b0719de2d058e144,MP002,evidence,evidence_invalid
MPT-2bcce98e94605c222ccb,MP003,evidence,evidence_invalid;relation_not_entailed
MPT-2bd125f30527c13fb3e0,MP004,evidence,evidence_invalid;relation_not_entailed
MPT-2bfbe72759dd119f64a0,MP003,schema_type,relation_type_invalid
MPT-2c006ff80ebf845d65b4,MP003,evidence,evidence_invalid;relation_not_entailed
MPT-2c09d5e262dc441e9718,MP018,below_candidate_0.60,below_candidate_confidence
MPT-2c10f4d7e14ecae06659,MP003,evidence,evidence_invalid;relation_not_entailed
MPT-2c14332bf759493eb658,MP019,evidence,evidence_invalid
MPT-2c2297b4e62aee24b060,MP001,schema_type,relation_type_invalid;evidence_invalid;relation_not_entailed
MPT-2c292b1c0b16b0a17e4d,MP017,schema_type,relation_type_invalid;evidence_invalid;relation_not_entailed
MPT-2c2ec8ace1984d2d2cd7,MP001,evidence,evidence_invalid
MPT-2c59246962bfd3d4f338,MP019,evidence,evidence_invalid;relation_not_entailed
MPT-2c600c13f860a469f9dd,MP002,schema_type,relation_type_invalid;evidence_invalid;relation_not_entailed
MPT-2c6f678e029b4e1771dd,MP019,evidence,evidence_invalid;relation_not_entailed
MPT-2c7d036a0797dc5655ba,MP003,evidence,evidence_invalid
MPT-2c946ae865f7bdd704a3,MP002,schema_type,relation_type_invalid;evidence_invalid;relation_not_entailed
MPT-2ca67afb695dfc9c6fab,MP019,evidence,evidence_invalid;relation_not_entailed
MPT-2cb1ec8b3c1a642d7c92,MP005,evidence,evidence_invalid;relation_not_entailed
MPT-2cb259a5d323fd43a97f,MP003,evidence,evidence_invalid;relation_not_entailed
MPT-2cbc0e1522e1df7a5430,MP003,evidence,evidence_invalid
MPT-2cdbeae46f11a0f88b00,MP003,evidence,evidence_invalid
MPT-2ce32882a31634fecd7d,MP019,evidence,evidence_invalid;relation_not_entailed
MPT-2ceee00e43875d3f2e79,MP015,relation_support,dual_qwen_relation_not_entailed
MPT-2cfcb25a8f0a91ab5f90,MP018,schema_type,relation_type_invalid
MPT-2d014e76e7f85b324974,MP001,evidence,evidence_invalid;relation_not_entailed
MPT-2d06c2ae826d35b76100,MP001,evidence,evidence_invalid;relation_not_entailed
MPT-2d186e9988a4be2e39a7,MP005,schema_type,relation_type_invalid
MPT-2d24177430004bdad3c1,MP015,relation_support,dual_qwen_relation_not_entailed
MPT-2d5a9dba4502fd982cda,MP016,evidence,evidence_invalid;relation_not_entailed
MPT-2d6b04a54c14be0a92cd,MP004,relation_support,dual_qwen_relation_not_entailed
MPT-2d7446229d5014f735b2,MP019,evidence,evidence_invalid
MPT-2d7d9d059b9e02b9a7a9,MP022,evidence,evidence_invalid;relation_not_entailed
MPT-2d9da8098f770f578e4c,MP016,evidence,evidence_invalid;relation_not_entailed
MPT-2da6ca3803bd607a6a9d,MP017,evidence,evidence_invalid;relation_not_entailed
MPT-2dbbfc5c87e7c3920576,MP001,evidence,evidence_invalid;relation_not_entailed
MPT-2ddd1a4539a223bf3559,MP019,evidence,evidence_invalid
MPT-2dfac20353bcb834652c,MP021,evidence,evidence_invalid;relation_not_entailed
MPT-2dfae7fb6c9d44ca4a27,MP003,evidence,evidence_invalid
MPT-2dfe1b558ac38d480fe1,MP016,evidence,evidence_invalid;relation_not_entailed
MPT-2dfe3bde2a08701bcfd4,MP003,schema_type,relation_type_invalid
MPT-2e108f72ad6eed185fcb,MP003,evidence,evidence_invalid;relation_not_entailed
MPT-2e1988f002fe5913e8ff,MP003,evidence,evidence_invalid;relation_not_entailed
MPT-2e25dcfb08012b4272aa,MP003,schema_type,relation_type_invalid
MPT-2e2ea2337ba611f95913,MP002,evidence,evidence_invalid
MPT-2e38f89081a913a1fd1c,MP003,schema_type,relation_type_invalid;evidence_invalid;relation_not_entailed
MPT-2e3fc4f4dc6d0088dc24,MP002,evidence,evidence_invalid
MPT-2e540c9895275c994fe1,MP018,evidence,evidence_invalid;relation_not_entailed
MPT-2e77d15bbab95db72037,MP003,schema_type,relation_type_invalid;evidence_invalid;relation_not_entailed
MPT-2e7b0f40534969b92397,MP003,evidence,evidence_invalid
MPT-2e8af119c806d3eee291,MP019,schema_type,relation_type_invalid;evidence_invalid;relation_not_entailed
MPT-2e8bc818b7daf6960530,MP003,evidence,evidence_invalid;relation_not_entailed
MPT-2ea0d4acb245b109a77f,MP005,evidence,evidence_invalid;relation_not_entailed
MPT-2ea495b362a954179f26,MP003,evidence,evidence_invalid;relation_not_entailed
MPT-2ecf5e27aed96920b83f,MP002,evidence,evidence_invalid
MPT-2ee0e2a606d81ab22acf,MP015,evidence,evidence_invalid;relation_not_entailed
MPT-2f31457e375f7ec17f03,MP018,evidence,evidence_invalid;relation_not_entailed
MPT-2f459732d7370d4c7ae7,MP004,evidence,evidence_invalid;relation_not_entailed
MPT-2f58e925a3ea4cbfbd37,MP003,below_candidate_0.60,below_candidate_confidence
MPT-2f648993f3ce41aa1433,MP003,evidence,evidence_invalid
MPT-2f71a92c9b497bb89457,MP017,evidence,evidence_invalid;relation_not_entailed
MPT-2f75ad54e476ff8416ab,MP001,evidence,evidence_invalid
MPT-2f9cb9a9db2d2513bd2d,MP003,evidence,evidence_invalid
MPT-2fa37588e9ce830381c9,MP002,evidence,evidence_invalid
MPT-2fa73849ef532ac484ef,MP002,relation_support,dual_qwen_relation_not_entailed
MPT-2fb4070adc4bfa8011d5,MP005,schema_type,relation_type_invalid;evidence_invalid;relation_not_entailed
MPT-2fb8c3a8b854ced9342b,MP005,schema_type,relation_type_invalid
MPT-2fd944e1524c3e14f138,MP001,evidence,evidence_invalid;relation_not_entailed
MPT-2fe70558e76ea66630a2,MP015,evidence,evidence_invalid;relation_not_entailed
MPT-2fe72368ee917d405485,MP019,evidence,evidence_invalid
MPT-2ff43d12e5fcf4a947f6,MP004,evidence,evidence_invalid;relation_not_entailed
MPT-2fff17e83beaf2931c76,MP015,evidence,evidence_invalid;relation_not_entailed
MPT-3014ec7ae9e6e29e2eff,MP003,evidence,evidence_invalid;relation_not_entailed
MPT-30160bd50f2eadde3651,MP002,evidence,evidence_invalid
MPT-301f8d4a81e18154619d,MP001,evidence,evidence_invalid;relation_not_entailed
MPT-30261f8ea118e5805286,MP001,schema_type,relation_type_invalid;evidence_invalid;relation_not_entailed
MPT-30309a2d5121555ac1bb,MP019,evidence,evidence_invalid
MPT-3033bf8c8f75e02d54ad,MP005,evidence,evidence_invalid;relation_not_entailed
MPT-3039c4ae81637228a5be,MP001,evidence,evidence_invalid;relation_not_entailed
MPT-303d4a0a1b1e0664898d,MP019,evidence,evidence_invalid;relation_not_entailed
MPT-30459505c68c4c7e0a1a,MP003,schema_type,relation_type_invalid;evidence_invalid
MPT-3047c76436b9d8fdb79f,MP003,schema_type,relation_type_invalid
MPT-3047f0baa85342da20ba,MP022,evidence,evidence_invalid;relation_not_entailed
MPT-305cc95606ae36677c57,MP019,evidence,evidence_invalid;relation_not_entailed
MPT-30798b626e1653a16308,MP019,evidence,evidence_invalid;relation_not_entailed
MPT-3079cb22f5ec194c70da,MP019,schema_type,relation_type_invalid;evidence_invalid
MPT-307e667740c4fefd6333,MP003,relation_support,dual_qwen_relation_not_entailed
MPT-3096c5c293fbb1e8eae8,MP003,evidence,evidence_invalid;relation_not_entailed
MPT-30cc3b9082617f419aae,MP019,evidence,evidence_invalid;relation_not_entailed
MPT-30cefc9271ec76528287,MP018,evidence,evidence_invalid;relation_not_entailed
MPT-30ddb1aef24d315ff80e,MP003,schema_type,relation_type_invalid
MPT-310a6717200022e236e7,MP002,evidence,evidence_invalid;relation_not_entailed
MPT-311a30ca65a5b7a346f2,MP003,evidence,evidence_invalid;relation_not_entailed
MPT-3125f5e54e6ccd3a1ac0,MP003,evidence,evidence_invalid;relation_not_entailed
MPT-31437b901ba56e9a0e0f,MP003,schema_type,relation_type_invalid;evidence_invalid
MPT-314e8b3cfe876e922779,MP002,evidence,evidence_invalid
MPT-31524006493eeade7289,MP015,evidence,evidence_invalid;relation_not_entailed
MPT-315b400324788c7c467b,MP003,schema_type,relation_type_invalid
MPT-315e1fbb08f3b28309a4,MP021,schema_type,relation_type_invalid
MPT-31790ddbc44abd794be0,MP004,evidence,evidence_invalid
MPT-318edec38351e2d38a54,MP003,evidence,evidence_invalid;relation_not_entailed
MPT-319decf31d1168d93d44,MP016,evidence,evidence_invalid;relation_not_entailed
MPT-319ee1bca408718ce574,MP002,evidence,evidence_invalid
MPT-31ac18acf7f20b068514,MP001,schema_type,relation_type_invalid;evidence_invalid;relation_not_entailed
MPT-31aceae3dfa47f31a9b2,MP022,evidence,evidence_invalid;relation_not_entailed
MPT-31af36ada7377979378d,MP021,evidence,evidence_invalid;relation_not_entailed
MPT-31b765e594c6354edb3a,MP002,evidence,evidence_invalid
MPT-31c9f392eef42b1f218d,MP003,evidence,evidence_invalid;relation_not_entailed
MPT-31cd7c5a74d9d8531e77,MP001,evidence,evidence_invalid
MPT-31d2aed2538e2d0fee47,MP003,evidence,evidence_invalid;relation_not_entailed
MPT-31d4adb7cf9fe2f56e41,MP019,evidence,evidence_invalid;relation_not_entailed
MPT-31df7801512c61671027,MP002,evidence,evidence_invalid;relation_not_entailed
MPT-31e1091926ff62ea8984,MP003,evidence,evidence_invalid;relation_not_entailed
MPT-31e1350246c69f03514c,MP003,evidence,evidence_invalid;relation_not_entailed
MPT-31f06b4cff08d43ac21a,MP022,evidence,evidence_invalid;relation_not_entailed
MPT-31f2e9129adcce152bb2,MP019,evidence,evidence_invalid
MPT-31f5874f7ee81bb8c104,MP005,schema_type,relation_type_invalid
MPT-321f1b85ea6e0bb73805,MP019,evidence,evidence_invalid;relation_not_entailed
MPT-324ad9c47e486732cc8d,MP003,schema_type,relation_type_invalid;evidence_invalid
MPT-324b18f098e0a1aeb400,MP003,schema_type,relation_type_invalid;evidence_invalid
MPT-326b106f70d5f5479fd8,MP003,evidence,evidence_invalid;relation_not_entailed
MPT-327b97681a2c1f423875,MP002,schema_type,relation_type_invalid;evidence_invalid
MPT-327c6369e3ff826317df,MP003,evidence,evidence_invalid
MPT-327f99fc05ff70d92654,MP019,schema_type,relation_type_invalid;evidence_invalid;relation_not_entailed
MPT-328570759272ca243298,MP016,evidence,evidence_invalid;relation_not_entailed
MPT-329bffdfb6c81a67cab1,MP019,evidence,evidence_invalid
MPT-32a29f147a763b3b1427,MP003,evidence,evidence_invalid
MPT-32a74248a24ef046748e,MP022,evidence,evidence_invalid
MPT-32b2bae4fbc15dc078c8,MP019,evidence,evidence_invalid
MPT-32b3e30398b78ac658c9,MP003,evidence,evidence_invalid;relation_not_entailed
MPT-32b4ff1dcee19b17cadd,MP016,evidence,evidence_invalid;relation_not_entailed
MPT-32bdb21d4c31e0be5521,MP003,evidence,evidence_invalid
MPT-32c4b898873fc3f6696a,MP019,schema_type,relation_type_invalid;evidence_invalid
MPT-32d5c15300f3507428cb,MP001,evidence,evidence_invalid;relation_not_entailed
MPT-32d97f13dc9065fdff8c,MP003,evidence,evidence_invalid;relation_not_entailed
MPT-32df11f0de4e551bb91c,MP001,evidence,evidence_invalid;relation_not_entailed
MPT-32f339d1b5b2f5df8524,MP001,evidence,evidence_invalid;relation_not_entailed
MPT-32f67d6c60910aacf6f4,MP003,evidence,evidence_invalid;relation_not_entailed
MPT-330ac0347bf1ab8eae7d,MP004,evidence,evidence_invalid;relation_not_entailed
MPT-33445bb6d898f7025059,MP015,relation_support,dual_qwen_relation_not_entailed
MPT-33495f0b4baec3ca1ad4,MP019,evidence,evidence_invalid
MPT-3354eb43ec3ae79d202e,MP001,evidence,evidence_invalid;relation_not_entailed
MPT-336fb3c824c0cedb46e9,MP003,evidence,evidence_invalid;relation_not_entailed
MPT-3380518a76ef0d8d79d2,MP019,evidence,evidence_invalid
MPT-33b21314ed3801b8ae19,MP003,schema_type,relation_type_invalid;evidence_invalid
MPT-33b23cf4ba80aa73d1d3,MP003,evidence,evidence_invalid
MPT-33b813781909ac801e38,MP003,schema_type,relation_type_invalid;evidence_invalid;relation_not_entailed
MPT-33c8f43d813fccc9f014,MP020,evidence,evidence_invalid;relation_not_entailed
MPT-33cfca9971bf81694521,MP003,evidence,evidence_invalid;relation_not_entailed
MPT-33ef097c78cd6dc0e1f5,MP002,evidence,evidence_invalid
MPT-3407dd895b8faa44e4dd,MP003,evidence,evidence_invalid;relation_not_entailed
MPT-340cfab37483603e23a6,MP002,evidence,evidence_invalid
MPT-34128cdfcf3b75d99bea,MP003,schema_type,relation_type_invalid;evidence_invalid;relation_not_entailed
MPT-3434f92aa174e540321b,MP019,evidence,evidence_invalid;relation_not_entailed
MPT-3447be29c50aeb8834ad,MP001,schema_type,relation_type_invalid;evidence_invalid
MPT-344cffdb2b0dfd50c8df,MP005,schema_type,relation_type_invalid
MPT-34595320c4968900b9d6,MP003,evidence,evidence_invalid
MPT-3468c7f0ac6008bc7c51,MP019,evidence,evidence_invalid
MPT-3468defd4fd6e7bb5211,MP007,evidence,evidence_invalid
MPT-3476a457552458c92323,MP019,evidence,evidence_invalid;relation_not_entailed
MPT-34784a471800d9d437b1,MP017,evidence,evidence_invalid;relation_not_entailed
MPT-347f8180791aea9a349b,MP003,schema_type,relation_type_invalid
MPT-348191068ca9a71fa845,MP003,schema_type,relation_type_invalid;evidence_invalid
MPT-3497b96f87fa472801dc,MP021,evidence,evidence_invalid
MPT-349fd79f98fdbfac7c77,MP003,evidence,evidence_invalid;relation_not_entailed
MPT-34cac5928dcc770cc536,MP003,schema_type,relation_type_invalid
MPT-34cd5947a4ae10e66713,MP003,evidence,evidence_invalid
MPT-34e405a654a472aba3d7,MP001,evidence,evidence_invalid;relation_not_entailed
MPT-34f9532d2343f42d8c86,MP019,evidence,evidence_invalid;relation_not_entailed
MPT-34fe81a3cbdfeff025fd,MP003,evidence,evidence_invalid
MPT-351a5deec2c96a807172,MP021,evidence,evidence_invalid;relation_not_entailed
MPT-351e8bc08f3cf993c7ea,MP005,evidence,evidence_invalid;relation_not_entailed
MPT-352217e00cc5f348de5b,MP020,evidence,evidence_invalid;relation_not_entailed
MPT-3523193d817725ba490d,MP019,evidence,evidence_invalid;relation_not_entailed
MPT-353fb08ca06f11d49664,MP002,evidence,evidence_invalid
MPT-35475c5c612565f426eb,MP002,evidence,evidence_invalid
MPT-354c2ab9a2bc4979302e,MP019,evidence,evidence_invalid
MPT-3559bb1f78808c01e989,MP007,evidence,evidence_invalid
MPT-355cee3a39892bd601e4,MP019,evidence,evidence_invalid;relation_not_entailed
MPT-355edb23f596918dda42,MP020,relation_support,dual_qwen_relation_not_entailed
MPT-3561df0b7eb1b72f69a2,MP019,evidence,evidence_invalid
MPT-356e908fad09061b17f5,MP016,evidence,evidence_invalid;relation_not_entailed
MPT-3573e255bd2e73c3427f,MP005,evidence,evidence_invalid
MPT-35761e75714a4ec96ef5,MP019,evidence,evidence_invalid
MPT-3576e6c26f90a14840bb,MP007,evidence,evidence_invalid;relation_not_entailed
MPT-357d3c70bfffb7dcbcf3,MP021,evidence,evidence_invalid;relation_not_entailed
MPT-357df39f65092baaa78a,MP019,evidence,evidence_invalid
MPT-35882a1678a6bf9d52cc,MP002,evidence,evidence_invalid;relation_not_entailed
MPT-35ad2d4690728af52913,MP020,evidence,evidence_invalid;relation_not_entailed
MPT-35ccdd66ce15c5f3442c,MP002,evidence,evidence_invalid
MPT-35d86ebcc87acdfe6f8d,MP019,evidence,evidence_invalid
MPT-35e9477de4052ae028ba,MP020,schema_type,relation_type_invalid
MPT-360a0d4b2bfdd2a456b2,MP005,evidence,evidence_invalid;relation_not_entailed
MPT-360c6d47803647869a50,MP016,evidence,evidence_invalid;relation_not_entailed
MPT-360c756bd776a5de04fd,MP001,evidence,evidence_invalid
MPT-36119a83db43086954e0,MP003,schema_type,relation_type_invalid;evidence_invalid;relation_not_entailed
MPT-36153ccd1ac24f275838,MP020,evidence,evidence_invalid;relation_not_entailed
MPT-361664038c9556f5021d,MP002,evidence,evidence_invalid
MPT-3616dee3c60924f59790,MP004,evidence,evidence_invalid;relation_not_entailed
MPT-361e1fbc86a654500988,MP005,schema_type,relation_type_invalid
MPT-3633184ed6389a2d4483,MP002,evidence,evidence_invalid
MPT-3645ccbbf28debf16141,MP019,evidence,evidence_invalid
MPT-364f9ecfd71efc8e3a70,MP001,schema_type,relation_type_invalid
MPT-365296678464896c776e,MP001,evidence,evidence_invalid;relation_not_entailed
MPT-36574a237f4c602b0062,MP003,schema_type,relation_type_invalid;evidence_invalid;relation_not_entailed
MPT-365beb0fb9ed71546833,MP005,evidence,evidence_invalid;relation_not_entailed
MPT-36690ea1c155c37c2643,MP019,evidence,evidence_invalid;relation_not_entailed
MPT-367c4bcaa00ac9002256,MP003,schema_type,relation_type_invalid;evidence_invalid;relation_not_entailed
MPT-367d2a27c56cb3911695,MP017,below_candidate_0.60,below_candidate_confidence
MPT-3691afd1404a251565d0,MP003,evidence,evidence_invalid;relation_not_entailed
MPT-36cf64652b81a279e4f3,MP022,evidence,evidence_invalid;relation_not_entailed
MPT-36d4d11e21d7fdfbb6be,MP019,evidence,evidence_invalid
MPT-36e8ba0704d92f7b88a8,MP019,evidence,evidence_invalid;relation_not_entailed
MPT-36faa19a14d22777b968,MP021,evidence,evidence_invalid;relation_not_entailed
MPT-37140717d49e2fa31c98,MP016,evidence,evidence_invalid;relation_not_entailed
MPT-37205538ed6b940a36c0,MP019,schema_type,relation_type_invalid;evidence_invalid
MPT-3728fcd1a6ba774d93bd,MP021,evidence,evidence_invalid;relation_not_entailed
MPT-372cf7194d1965bcbbab,MP001,schema_type,relation_type_invalid;evidence_invalid;relation_not_entailed
MPT-372cfa020890d7961ce0,MP003,evidence,evidence_invalid;relation_not_entailed
MPT-373976b9b62b034388b6,MP003,evidence,evidence_invalid;relation_not_entailed
MPT-373a0430fab0890edbf8,MP003,relation_support,dual_qwen_relation_not_entailed
MPT-373e6e3c0ca81b7c7446,MP003,evidence,evidence_invalid
MPT-374b373c2d0bc6d5870a,MP015,evidence,evidence_invalid;relation_not_entailed
MPT-376e1e2c836bf29095f8,MP018,relation_support,dual_qwen_relation_not_entailed
MPT-3779f8dff93381798178,MP019,evidence,evidence_invalid
MPT-37812b84fe2a0c6893bf,MP003,evidence,evidence_invalid
MPT-3782dd12b7a1550c38d9,MP003,schema_type,relation_type_invalid;evidence_invalid;relation_not_entailed
MPT-378496579549a43c31ee,MP016,schema_type,relation_type_invalid
MPT-37858534f993550220c9,MP003,schema_type,relation_type_invalid;evidence_invalid;relation_not_entailed
MPT-378792993324a35c7da8,MP001,evidence,evidence_invalid;relation_not_entailed
MPT-3796b78ede5caf7b48e0,MP002,evidence,evidence_invalid
MPT-3796f757fc4f939ab595,MP003,schema_type,relation_type_invalid
MPT-37aa1e34cb80285b19e7,MP004,evidence,evidence_invalid;relation_not_entailed
MPT-37b559e200cfd12c4319,MP019,evidence,evidence_invalid
MPT-37b80b7082bcb339f39e,MP019,evidence,evidence_invalid
MPT-37c1ed20d2ead06e7396,MP006,schema_type,relation_type_invalid
MPT-37dc7546404f528f9222,MP019,evidence,evidence_invalid;relation_not_entailed
MPT-37efa3e014c3f00ba415,MP003,relation_support,dual_qwen_relation_not_entailed
MPT-37f65024dba176a8bf89,MP019,evidence,evidence_invalid
MPT-37f87928f9a380ddb9d8,MP016,relation_support,dual_qwen_relation_not_entailed
MPT-38170b01f2c1af08f4fd,MP015,relation_support,dual_qwen_relation_not_entailed
MPT-381a1b178f86b86de85f,MP003,schema_type,relation_type_invalid
MPT-3823ea453b43b9f5688c,MP007,schema_type,relation_type_invalid;evidence_invalid
MPT-38462a457f9e5f0e003a,MP003,evidence,evidence_invalid;relation_not_entailed
MPT-3846340ddcebeba2076d,MP003,evidence,evidence_invalid;relation_not_entailed
MPT-385e51f2e1cc42f90f9e,MP003,evidence,evidence_invalid
MPT-387651266bbf3cfbd1bb,MP005,evidence,evidence_invalid;relation_not_entailed
MPT-3876aa173a536aa618c9,MP019,evidence,evidence_invalid;relation_not_entailed
MPT-387d55711f03120c3154,MP019,evidence,evidence_invalid;relation_not_entailed
MPT-3883f20a79caebd136a1,MP018,schema_type,relation_type_invalid
MPT-3885ca5b307d65306bf7,MP001,evidence,evidence_invalid;relation_not_entailed
MPT-388ab122df735b1fdc36,MP003,schema_type,relation_type_invalid;evidence_invalid
MPT-38a8cd88366e184210d9,MP003,schema_type,relation_type_invalid;evidence_invalid
MPT-38b06cea6e3b6cf50c04,MP019,schema_type,relation_type_invalid;evidence_invalid
MPT-38c1207a5ae7ce2011e4,MP019,evidence,evidence_invalid
MPT-38ee433349b2fe63ce58,MP019,evidence,evidence_invalid;relation_not_entailed
MPT-38fbffb7714ef07627bd,MP019,evidence,evidence_invalid
MPT-390503931181b7d97efd,MP019,evidence,evidence_invalid
MPT-391329bf9cd353571b8e,MP001,evidence,evidence_invalid;relation_not_entailed
MPT-391601bf60b68fc4ee17,MP003,evidence,evidence_invalid;relation_not_entailed
MPT-39295e025cf523d11927,MP003,schema_type,relation_type_invalid;evidence_invalid
MPT-39481ed1ad7847b4d24b,MP019,evidence,evidence_invalid
MPT-395a42c22a89e68840ae,MP019,evidence,evidence_invalid
MPT-396413e0c80bc6ed0d4c,MP020,relation_support,dual_qwen_relation_not_entailed
MPT-398727187d65a292dda2,MP019,evidence,evidence_invalid;relation_not_entailed
MPT-39883498138aee974f42,MP003,evidence,evidence_invalid
MPT-398aeafd4f4be3bfb8ff,MP003,evidence,evidence_invalid;relation_not_entailed
MPT-399bc3ba758e6590182f,MP015,evidence,evidence_invalid;relation_not_entailed
MPT-399c62f7b87d6ab32b9d,MP017,below_candidate_0.60,below_candidate_confidence
MPT-399e835130531c6ff330,MP003,schema_type,relation_type_invalid;evidence_invalid
MPT-399ee638a1ce309f6dcd,MP001,evidence,evidence_invalid;relation_not_entailed
MPT-39aa90766037ca2e01bc,MP002,evidence,evidence_invalid
MPT-39b401cb84dbaa91c643,MP003,schema_type,relation_type_invalid;evidence_invalid;relation_not_entailed
MPT-39bb0ad73477c14e8b6b,MP003,schema_type,relation_type_invalid
MPT-39d5ecd2f2f0a0817cbf,MP020,evidence,evidence_invalid;relation_not_entailed
MPT-39f0cdc4c4ee248755f5,MP003,evidence,evidence_invalid
MPT-3a196bf002ea5d9e2f17,MP002,schema_type,relation_type_invalid;evidence_invalid
MPT-3a1c3ef4360b075a89a6,MP003,schema_type,relation_type_invalid
MPT-3a2cd8c2654eda4e1d7b,MP019,evidence,evidence_invalid
MPT-3a491107cf12bc5f1d48,MP003,evidence,evidence_invalid;relation_not_entailed
MPT-3a529725e95e8c884520,MP021,evidence,evidence_invalid;relation_not_entailed
MPT-3a67e9bddd0e0b5aa1d0,MP003,evidence,evidence_invalid;relation_not_entailed
MPT-3a7450d3243397757669,MP003,schema_type,relation_type_invalid
MPT-3a8e91d9331e06ca822e,MP006,evidence,evidence_invalid;relation_not_entailed
MPT-3aa7c77cadee7444ded8,MP002,evidence,evidence_invalid
MPT-3ab1e4f6b5abfeee22d1,MP003,evidence,evidence_invalid
MPT-3ab256fe74c337cfd0dc,MP004,evidence,evidence_invalid;relation_not_entailed
MPT-3ac0a2659887badd393c,MP003,evidence,evidence_invalid;relation_not_entailed
MPT-3ac9a4b1550a28a79c48,MP003,evidence,evidence_invalid;relation_not_entailed
MPT-3aca2678ad7000ced980,MP016,evidence,evidence_invalid;relation_not_entailed
MPT-3acff6a3f48c62d74cda,MP003,evidence,evidence_invalid;relation_not_entailed
MPT-3ade6651feb6834aa33a,MP019,evidence,evidence_invalid
MPT-3ae714bdc03c78b0f190,MP001,evidence,evidence_invalid;relation_not_entailed
MPT-3aefcc678f38785bdb8e,MP001,evidence,evidence_invalid;relation_not_entailed
MPT-3af46105834092d915ac,MP019,schema_type,relation_type_invalid;evidence_invalid
MPT-3afbb2c045d23e7a8bb7,MP003,evidence,evidence_invalid
MPT-3b08fea27707fedaa215,MP016,evidence,evidence_invalid;relation_not_entailed
MPT-3b0eedab3151ec13a3b4,MP004,evidence,evidence_invalid;relation_not_entailed
MPT-3b359e679ffbb8f84687,MP003,evidence,evidence_invalid;relation_not_entailed
MPT-3b48d36cfe751efe9cdf,MP001,evidence,evidence_invalid
MPT-3b4a7cfa061b797a8de2,MP016,evidence,evidence_invalid;relation_not_entailed
MPT-3b5739af384db14a866d,MP003,evidence,evidence_invalid
MPT-3b683c8698434f0e7270,MP019,evidence,evidence_invalid
MPT-3b736e13ea0b65a3026e,MP019,evidence,evidence_invalid
MPT-3b773090b26cc3db6372,MP005,evidence,evidence_invalid;relation_not_entailed
MPT-3b7cf95d66ae39088c09,MP003,schema_type,relation_type_invalid;evidence_invalid
MPT-3b84efeb85c4982c494c,MP018,schema_type,relation_type_invalid
MPT-3b86c861d212a053545f,MP001,evidence,evidence_invalid;relation_not_entailed
MPT-3b9e970013e95f54bc77,MP002,evidence,evidence_invalid
MPT-3ba1d460c0284c8bd4f5,MP003,relation_support,dual_qwen_relation_not_entailed
MPT-3bac8f022555829f27e8,MP019,evidence,evidence_invalid
MPT-3bb05bf8f92200202132,MP005,evidence,evidence_invalid
MPT-3bb1639582bc3c7f9792,MP003,relation_support,dual_qwen_relation_not_entailed
MPT-3bcc1054d68a6f434c3f,MP003,evidence,evidence_invalid
MPT-3bd5820ddf5066e79682,MP003,evidence,evidence_invalid
MPT-3bd9189f9050e750f37a,MP016,evidence,evidence_invalid;relation_not_entailed
MPT-3be1d0cad91c4b61a315,MP007,evidence,evidence_invalid;relation_not_entailed
MPT-3bf1f3b0b04f76530f8b,MP019,evidence,evidence_invalid;relation_not_entailed
MPT-3bf7f782fea3b6471303,MP003,evidence,evidence_invalid;relation_not_entailed
MPT-3c055ab0d9e507650e0d,MP016,evidence,evidence_invalid;relation_not_entailed
MPT-3c1137f777eba0bff244,MP019,evidence,evidence_invalid
MPT-3c3782e74ee177821008,MP002,evidence,evidence_invalid
MPT-3c3ef5b5ac8d4a730207,MP018,schema_type,relation_type_invalid;evidence_invalid;relation_not_entailed
MPT-3c5637b3858865592709,MP002,schema_type,relation_type_invalid;evidence_invalid
MPT-3c62bfc354272bfe9938,MP001,schema_type,relation_type_invalid;evidence_invalid;relation_not_entailed
MPT-3c6863ccf0694ac765b5,MP016,evidence,evidence_invalid;relation_not_entailed
MPT-3c7481214481d4b5b9d5,MP019,evidence,evidence_invalid;relation_not_entailed
MPT-3c98ba0bada7b2a0faf7,MP003,schema_type,relation_type_invalid;evidence_invalid;relation_not_entailed
MPT-3ca02e7c6e504f9e0166,MP001,evidence,evidence_invalid
MPT-3ca101df07ffb5c0c961,MP019,evidence,evidence_invalid
MPT-3ca8e2f2f345a6cb0b45,MP004,evidence,evidence_invalid;relation_not_entailed
MPT-3ca94f225f49db982473,MP017,evidence,evidence_invalid;relation_not_entailed
MPT-3ca9c53dbedb4df94211,MP003,evidence,evidence_invalid;relation_not_entailed
MPT-3cce816648e88ab6d31b,MP001,evidence,evidence_invalid;relation_not_entailed
MPT-3cd898f0fff8eb3d8b80,MP005,evidence,evidence_invalid;relation_not_entailed
MPT-3cd940e1c7b83c6c3fa6,MP002,schema_type,relation_type_invalid
MPT-3ce04e42bc0fa0fc8d31,MP003,schema_type,relation_type_invalid
MPT-3ce2f556456a799dfc47,MP019,evidence,evidence_invalid;relation_not_entailed
MPT-3d2f501070af2fd4adf9,MP022,schema_type,relation_type_invalid
MPT-3d301a5bfcf2b43cc397,MP021,evidence,evidence_invalid;relation_not_entailed
MPT-3d31f9010abc36ebb3f6,MP019,evidence,evidence_invalid
MPT-3d3373d2e60f512e883b,MP016,evidence,evidence_invalid;relation_not_entailed
MPT-3d3f8826fe7af13df9b2,MP022,evidence,evidence_invalid;relation_not_entailed
MPT-3d80d3ce03b5900c7b2d,MP003,evidence,evidence_invalid;relation_not_entailed
MPT-3d876c44afcb59e47b22,MP004,evidence,evidence_invalid;relation_not_entailed
MPT-3d9751eb5fcb74d52da7,MP004,evidence,evidence_invalid;relation_not_entailed
MPT-3dabf1b67756eadde76a,MP001,evidence,evidence_invalid;relation_not_entailed
MPT-3db99a6bff6d8f6296e3,MP021,evidence,evidence_invalid
MPT-3db9d1b5515608a9daea,MP019,evidence,evidence_invalid
MPT-3dd8af95b9a452dbeaad,MP002,evidence,evidence_invalid
MPT-3df2764ccb5b7313200d,MP017,evidence,evidence_invalid;relation_not_entailed
MPT-3df6fa2dd8420960cbdd,MP001,schema_type,relation_type_invalid;evidence_invalid
MPT-3e002e6c0a8bf990e796,MP003,evidence,evidence_invalid;relation_not_entailed
MPT-3e06bf2ea2ce2dbdfa1e,MP003,schema_type,relation_type_invalid
MPT-3e0a495d7100598a4897,MP001,evidence,evidence_invalid;relation_not_entailed
MPT-3e2b930ad30abf1ef5bc,MP020,schema_type,relation_type_invalid;evidence_invalid;relation_not_entailed
MPT-3e2c2e4379af132e586e,MP019,evidence,evidence_invalid
MPT-3e2d8591ca11741e1e0d,MP021,evidence,evidence_invalid
MPT-3e30c0e67dec8129e2e6,MP019,evidence,evidence_invalid
MPT-3e414fd66138c74e31cd,MP016,evidence,evidence_invalid;relation_not_entailed
MPT-3e4bad767a6ea0bd268e,MP019,schema_type,relation_type_invalid;evidence_invalid;relation_not_entailed
MPT-3e4e1d3c7003b8b54680,MP019,evidence,evidence_invalid;relation_not_entailed
MPT-3e526deda8f1025a9328,MP003,relation_support,dual_qwen_relation_not_entailed
MPT-3e8fccc66664cae1a0fb,MP005,evidence,evidence_invalid
MPT-3e945317938eafa0315b,MP019,schema_type,relation_type_invalid
MPT-3e9e046e971e2e72c90e,MP003,evidence,evidence_invalid
MPT-3ea7af9516c1faa3f242,MP001,relation_support,dual_qwen_relation_not_entailed
MPT-3ea8fd3c628ca1683c61,MP016,evidence,evidence_invalid;relation_not_entailed
MPT-3ebb2b59b392fd37a51b,MP003,schema_type,relation_type_invalid;evidence_invalid;relation_not_entailed
MPT-3ec01e6e9b9cece78730,MP002,evidence,evidence_invalid;relation_not_entailed
MPT-3ec5e76beaaeb51a1412,MP003,evidence,evidence_invalid
MPT-3ecea94d4840df75b594,MP022,evidence,evidence_invalid;relation_not_entailed
MPT-3ee0747e3eab3adb0fe8,MP019,evidence,evidence_invalid
MPT-3f03c4333e25c992ce86,MP002,evidence,evidence_invalid;relation_not_entailed
MPT-3f05ed25fd445292930f,MP016,evidence,evidence_invalid;relation_not_entailed
MPT-3f06a961037f9e2a1a12,MP019,evidence,evidence_invalid
MPT-3f1021fac3c561df527e,MP005,evidence,evidence_invalid;relation_not_entailed
MPT-3f1fc073fef0a17b27d0,MP004,evidence,evidence_invalid;relation_not_entailed
MPT-3f2a9b245167c6ac25fc,MP017,evidence,evidence_invalid;relation_not_entailed
MPT-3f4215c678ecb873c723,MP003,evidence,evidence_invalid;relation_not_entailed
MPT-3f8658341bc5f183f17b,MP004,evidence,evidence_invalid
MPT-3f9532dba2adc87d2674,MP005,relation_support,dual_qwen_relation_not_entailed
MPT-3f96f1a63f1150415de5,MP017,schema_type,relation_type_invalid;evidence_invalid;relation_not_entailed
MPT-3fa67eec9ca591d684dc,MP002,evidence,evidence_invalid
MPT-3fb849bdd7646a90f0b2,MP020,schema_type,relation_type_invalid
MPT-3fbb0638be16ada510d2,MP018,schema_type,relation_type_invalid
MPT-3fc249a998badd49d236,MP003,evidence,evidence_invalid;relation_not_entailed
MPT-3fc57ee4cbe486243b7a,MP001,evidence,evidence_invalid;relation_not_entailed
MPT-3fc67e901bc253d695bb,MP001,schema_type,relation_type_invalid
MPT-3fc907dce91c686564ec,MP019,evidence,evidence_invalid
MPT-3fcb6a3dadc0b7728f22,MP016,evidence,evidence_invalid;relation_not_entailed
MPT-3fccf62ab962a49bec36,MP019,evidence,evidence_invalid;relation_not_entailed
MPT-3fdae6b24a6732b09adc,MP016,evidence,evidence_invalid;relation_not_entailed
MPT-3fe11f3042e922e37466,MP017,evidence,evidence_invalid;relation_not_entailed
MPT-3fe5831638a518c8a27e,MP005,evidence,evidence_invalid;relation_not_entailed
MPT-3fe5effe0a5eeb621c86,MP007,evidence,evidence_invalid;relation_not_entailed
MPT-40160785058a4aa9ebfc,MP019,evidence,evidence_invalid;relation_not_entailed
MPT-401b1eac7b3281948409,MP001,evidence,evidence_invalid;relation_not_entailed
MPT-4044a2c201a78516de81,MP016,evidence,evidence_invalid;relation_not_entailed
MPT-4044fe98e6055aed3278,MP001,schema_type,relation_type_invalid;evidence_invalid;relation_not_entailed
MPT-4046157cece7d9dd5077,MP005,evidence,evidence_invalid
MPT-405c3839dbb9b1f7f688,MP002,evidence,evidence_invalid
MPT-408229173f8589a6efaa,MP021,evidence,evidence_invalid;relation_not_entailed
MPT-4082e8c1a9dc5a43a1eb,MP003,relation_support,dual_qwen_relation_not_entailed
MPT-40831ddfef121a1c0ddd,MP002,evidence,evidence_invalid
MPT-4084ef10c461736e90ea,MP001,evidence,evidence_invalid;relation_not_entailed
MPT-40866bca2700670f6496,MP005,evidence,evidence_invalid
MPT-408734f9220dcedf5492,MP003,evidence,evidence_invalid;relation_not_entailed
MPT-40b1db3efa0a28e70dc9,MP003,evidence,evidence_invalid;relation_not_entailed
MPT-40b6a7c97e81a0de1bcf,MP003,evidence,evidence_invalid;relation_not_entailed
MPT-40ba2d5440b478a8c222,MP015,relation_support,dual_qwen_relation_not_entailed
MPT-40c5bc8b405b33753930,MP003,evidence,evidence_invalid;relation_not_entailed
MPT-40d12789a5a2c02416c8,MP001,evidence,evidence_invalid;relation_not_entailed
MPT-40d4eae474531facd212,MP007,evidence,evidence_invalid
MPT-40f541dd39395eff45c9,MP004,evidence,evidence_invalid;relation_not_entailed
MPT-40ffd085cf59255ee63a,MP005,evidence,evidence_invalid
MPT-4102ca7cac1d264d07da,MP003,relation_support,dual_qwen_relation_not_entailed
MPT-4113f566f3a9819e1ac8,MP019,evidence,evidence_invalid
MPT-411ddf2cd5a403cf2163,MP020,evidence,evidence_invalid;relation_not_entailed
MPT-41210a5bf97012a5851f,MP002,evidence,evidence_invalid
MPT-412da2182feab250a0ca,MP021,schema_type,relation_type_invalid;evidence_invalid;relation_not_entailed
MPT-413899c294ab3f2af247,MP002,evidence,evidence_invalid
MPT-41440c0d3afcd5fbe276,MP019,evidence,evidence_invalid
MPT-416f5580906e762a7455,MP005,evidence,evidence_invalid;relation_not_entailed
MPT-416ffec757df60559e03,MP019,evidence,evidence_invalid
MPT-417341a00ae64e2544c4,MP018,evidence,evidence_invalid;relation_not_entailed
MPT-417ae3e0a8eb01a76e37,MP002,evidence,evidence_invalid
MPT-417f637e0d23a03302dc,MP019,evidence,evidence_invalid;relation_not_entailed
MPT-4181e4f03bf61cc078ad,MP003,evidence,evidence_invalid
MPT-4185db1b1621b19886bf,MP005,evidence,evidence_invalid;relation_not_entailed
MPT-4199ae219ccc71534bc4,MP019,evidence,evidence_invalid
MPT-419f8ce90925c6c42578,MP004,evidence,evidence_invalid
MPT-41a66a31329865e81d1a,MP019,evidence,evidence_invalid
MPT-41bc80b4ed7eb293bf71,MP002,evidence,evidence_invalid
MPT-41c3c2c48c7f4e71769d,MP003,evidence,evidence_invalid;relation_not_entailed
MPT-41ca3039650cde2f37cf,MP015,evidence,evidence_invalid;relation_not_entailed
MPT-41d8b6ef2a47fa30aea3,MP016,schema_type,relation_type_invalid
MPT-41e8519afed760742d89,MP003,relation_support,dual_qwen_relation_not_entailed
MPT-41f010053e6a33ebb60f,MP019,evidence,evidence_invalid
MPT-41f242729323e88d8e09,MP019,evidence,evidence_invalid
MPT-41f9ca56a3852fd57eb5,MP018,evidence,evidence_invalid;relation_not_entailed
MPT-420394a3ad8da1edd7b6,MP007,evidence,evidence_invalid;relation_not_entailed
MPT-420ba3ea01b216af958a,MP021,evidence,evidence_invalid
MPT-4213a339456446b5bb7a,MP003,evidence,evidence_invalid;relation_not_entailed
MPT-421b44f2d02da9affdde,MP003,relation_support,dual_qwen_relation_not_entailed
MPT-422088b3a8f270b9f45f,MP015,relation_support,dual_qwen_relation_not_entailed
MPT-422fc328d80c50ad8b3e,MP019,evidence,evidence_invalid
MPT-423b7e14241eb9abc49c,MP003,evidence,evidence_invalid
MPT-424494c84e9d53849d07,MP003,evidence,evidence_invalid;relation_not_entailed
MPT-425511efdaeb976ea5c4,MP004,evidence,evidence_invalid;relation_not_entailed
MPT-4257ef65e44c8e195a23,MP003,schema_type,relation_type_invalid
MPT-42633ff602bf715fccbe,MP019,evidence,evidence_invalid
MPT-4266d6bbaf8c029896d7,MP005,evidence,evidence_invalid
MPT-42a75155aab69f3b213f,MP005,evidence,evidence_invalid
MPT-42ae731a01ddad963e64,MP005,evidence,evidence_invalid
MPT-42c02fab6c2275cf6f66,MP019,evidence,evidence_invalid
MPT-42c0b717aa7f6a548580,MP019,evidence,evidence_invalid;relation_not_entailed
MPT-42d139434c3dd0d9816b,MP003,evidence,evidence_invalid;relation_not_entailed
MPT-42db74409c3bb4bb2dc6,MP019,schema_type,relation_type_invalid;evidence_invalid;relation_not_entailed
MPT-42e666868b51ed35fb00,MP020,schema_type,relation_type_invalid
MPT-42ef9285d9a69b920d92,MP003,evidence,evidence_invalid;relation_not_entailed
MPT-42f2f3ed4ac70b74af33,MP019,schema_type,relation_type_invalid;evidence_invalid;relation_not_entailed
MPT-43067574948010fb8e14,MP003,evidence,evidence_invalid;relation_not_entailed
MPT-430b395ed1902c2e510d,MP001,relation_support,dual_qwen_relation_not_entailed
MPT-4313a88223738475a920,MP019,evidence,evidence_invalid;relation_not_entailed
MPT-431ef01944368fddc486,MP020,evidence,evidence_invalid;relation_not_entailed
MPT-43204b44ad32958f15e1,MP019,evidence,evidence_invalid;relation_not_entailed
MPT-432a0ccca0468caa5199,MP003,schema_type,relation_type_invalid
MPT-432e0a7bb97c26e80e60,MP003,evidence,evidence_invalid
MPT-432eb1bc9f576c853fcb,MP003,evidence,evidence_invalid;relation_not_entailed
MPT-433e4c0c5b5be3e06947,MP003,evidence,evidence_invalid;relation_not_entailed
MPT-43435ea424837b70a9cb,MP001,evidence,evidence_invalid
MPT-4360039c15217397fbb7,MP019,evidence,evidence_invalid
MPT-4364eb4b5855aa5916f8,MP005,evidence,evidence_invalid;relation_not_entailed
MPT-4379774e3866da38206c,MP019,evidence,evidence_invalid
MPT-437cabbbbfb3fa8cf7d2,MP019,evidence,evidence_invalid;relation_not_entailed
MPT-438900f870985d107b38,MP021,evidence,evidence_invalid;relation_not_entailed
MPT-438fc16fd050f276c3c5,MP019,schema_type,relation_type_invalid
MPT-4395d896f8aaafb4dfc3,MP002,evidence,evidence_invalid;relation_not_entailed
MPT-439e24692ac94747f74c,MP019,evidence,evidence_invalid
MPT-43a896972e21c6f0434c,MP004,evidence,evidence_invalid;relation_not_entailed
MPT-43ae55df1168721f189d,MP022,evidence,evidence_invalid;relation_not_entailed
MPT-43de6a64924d1ac7518f,MP005,evidence,evidence_invalid;relation_not_entailed
MPT-43e0c3f5cfedf1621fae,MP019,evidence,evidence_invalid
MPT-43e56650630a69809693,MP020,schema_type,relation_type_invalid;evidence_invalid;relation_not_entailed
MPT-43e84c6ba78a7a51da87,MP003,evidence,evidence_invalid;relation_not_entailed
MPT-43efcee26668c403c944,MP003,schema_type,relation_type_invalid;evidence_invalid;relation_not_entailed
MPT-43f2e882f6557b7757c8,MP003,schema_type,relation_type_invalid
MPT-43f707154ac259b468b7,MP019,below_candidate_0.60,below_candidate_confidence
MPT-43fa6944b39a356fe106,MP003,evidence,evidence_invalid;relation_not_entailed
MPT-43fa984f2c3bb5754b43,MP002,evidence,evidence_invalid
MPT-4426bbb125e34fcc2580,MP001,evidence,evidence_invalid;relation_not_entailed
MPT-44271eec9c44df2a61db,MP016,evidence,evidence_invalid;relation_not_entailed
MPT-444076b3f348801a74a7,MP019,evidence,evidence_invalid;relation_not_entailed
MPT-4440a0f0e5b6f53379d1,MP021,evidence,evidence_invalid;relation_not_entailed
MPT-4453139d4f718d8b58a8,MP003,evidence,evidence_invalid;relation_not_entailed
MPT-445a3c8709e44d6e9bbd,MP003,evidence,evidence_invalid;relation_not_entailed
MPT-445f4e02f4378ffc032f,MP019,evidence,evidence_invalid;relation_not_entailed
MPT-446336ef38208843182c,MP002,schema_type,relation_type_invalid
MPT-446b48aef2c7e8979c02,MP019,evidence,evidence_invalid
MPT-4477678b5c350844d035,MP003,evidence,evidence_invalid;relation_not_entailed
MPT-44a657b5146b6b1a64a5,MP019,evidence,evidence_invalid
MPT-44adf48d6c5f0d0c2608,MP001,evidence,evidence_invalid;relation_not_entailed
MPT-44ae30f3149a7328d079,MP001,evidence,evidence_invalid;relation_not_entailed
MPT-44b179aa7be13aedb5f9,MP019,evidence,evidence_invalid
MPT-44b2e3fb4a196dafbc4b,MP017,evidence,evidence_invalid;relation_not_entailed
MPT-44b4583a59eed7a23144,MP017,evidence,evidence_invalid;relation_not_entailed
MPT-44b490376af9f56f9f6a,MP016,evidence,evidence_invalid;relation_not_entailed
MPT-44d3c6030b550719b6e8,MP019,schema_type,relation_type_invalid;evidence_invalid;relation_not_entailed
MPT-44d413bf84364b48d422,MP005,evidence,evidence_invalid;relation_not_entailed
MPT-44d83e50898d7ba7a69f,MP005,evidence,evidence_invalid;relation_not_entailed
MPT-44daf2d310772e5f63ca,MP018,evidence,evidence_invalid;relation_not_entailed
MPT-44e3ac76fef1688a7571,MP017,schema_type,relation_type_invalid;evidence_invalid;relation_not_entailed
MPT-44e76a95b932f319127d,MP003,evidence,evidence_invalid
MPT-44ed50ac541617a61c42,MP004,schema_type,relation_type_invalid
MPT-44ed7b471810edd9c34d,MP003,evidence,evidence_invalid
MPT-44ee96bede60c82f3c6b,MP003,schema_type,relation_type_invalid;evidence_invalid
MPT-44f457a1cb78d8fe97aa,MP019,evidence,evidence_invalid;relation_not_entailed
MPT-44f5317aa291ecf6af6d,MP005,schema_type,relation_type_invalid
MPT-4503c9f6433836e33e60,MP003,evidence,evidence_invalid
MPT-45162b51560d08615e94,MP002,evidence,evidence_invalid;relation_not_entailed
MPT-451a111abdea2d9156dc,MP020,relation_support,dual_qwen_relation_not_entailed
MPT-454d9abbd7d6a42d7927,MP003,evidence,evidence_invalid
MPT-454df5060e8b6cbdfdd3,MP022,evidence,evidence_invalid;relation_not_entailed
MPT-456452f559a1e2a1668d,MP022,evidence,evidence_invalid
MPT-45648634d469efe25b63,MP015,schema_type,relation_type_invalid
MPT-456f18a495629da417e9,MP001,evidence,evidence_invalid;relation_not_entailed
MPT-457617132a39e361e0b4,MP019,evidence,evidence_invalid
MPT-4580ef5621f06628e231,MP016,evidence,evidence_invalid;relation_not_entailed
MPT-458b8ead4b2f2829d574,MP016,evidence,evidence_invalid;relation_not_entailed
MPT-4592b3933d3dd16685e9,MP003,schema_type,relation_type_invalid
MPT-45a217e54d0ab537b6b9,MP004,evidence,evidence_invalid;relation_not_entailed
MPT-45b0b4504012f6c06427,MP003,evidence,evidence_invalid;relation_not_entailed
MPT-45b5c3db712d3b6768f8,MP003,schema_type,relation_type_invalid
MPT-45bcfab4b4571f03b508,MP003,evidence,evidence_invalid;relation_not_entailed
MPT-45f3a6c1349230a859ac,MP019,evidence,evidence_invalid
MPT-45fd03d79410ffac0eba,MP005,evidence,evidence_invalid
MPT-45fe46eb4ea00db599fe,MP021,evidence,evidence_invalid;relation_not_entailed
MPT-460967353ce9a1481196,MP005,evidence,evidence_invalid
MPT-4612662430ef5716f6ff,MP019,evidence,evidence_invalid
MPT-4619118fb4198fed1227,MP003,evidence,evidence_invalid
MPT-461fa7ceb71f5a7c9b96,MP016,evidence,evidence_invalid;relation_not_entailed
MPT-46228fd34f0f06b30e5e,MP003,evidence,evidence_invalid;relation_not_entailed
MPT-462c7fcf8450399a3029,MP007,evidence,evidence_invalid;relation_not_entailed
MPT-463204cc96e0c46dcd43,MP006,schema_type,relation_type_invalid
MPT-463cf3d9f629c924e3fe,MP002,evidence,evidence_invalid
MPT-465ce39a116ae131ea7a,MP019,schema_type,relation_type_invalid
MPT-46617c9cb1437af06f8a,MP019,evidence,evidence_invalid
MPT-4674e78c314c76528ea7,MP019,schema_type,relation_type_invalid
MPT-468a3f088b3dc2a1f128,MP003,relation_support,dual_qwen_relation_not_entailed
MPT-468b2d7831e3d5bcd6ff,MP019,evidence,evidence_invalid
MPT-468f105577f023ec9778,MP019,evidence,evidence_invalid;relation_not_entailed
MPT-4690d770aa3bfc7c6d7c,MP019,schema_type,relation_type_invalid;evidence_invalid
MPT-46ab5a1f2e235d1fff80,MP022,evidence,evidence_invalid;relation_not_entailed
MPT-46b176be28199e9cb7c2,MP001,schema_type,relation_type_invalid;evidence_invalid;relation_not_entailed
MPT-46bf540b3ab9e95d54dc,MP016,evidence,evidence_invalid;relation_not_entailed
MPT-46eda82f649772f2e2ff,MP003,evidence,evidence_invalid
MPT-46f2dc865fc6814d9499,MP004,schema_type,relation_type_invalid
MPT-46f73a4d65020899a294,MP001,schema_type,relation_type_invalid
MPT-46fad784c08fdb90f82c,MP019,evidence,evidence_invalid;relation_not_entailed
MPT-4705ccb27cef442170a4,MP001,evidence,evidence_invalid;relation_not_entailed
MPT-470f463cf8de0658d2b2,MP004,evidence,evidence_invalid;relation_not_entailed
MPT-471366d857fe63af8275,MP021,evidence,evidence_invalid
MPT-473f3572eac426450261,MP005,evidence,evidence_invalid;relation_not_entailed
MPT-474e2dccca9e38f9fbe0,MP017,evidence,evidence_invalid;relation_not_entailed
MPT-4754c2e7a9796e614d6e,MP019,schema_type,relation_type_invalid
MPT-4755555e67d0de26127d,MP002,schema_type,relation_type_invalid;evidence_invalid
MPT-475ac29e0ed563181e05,MP004,evidence,evidence_invalid;relation_not_entailed
MPT-47616a9b2c06d30d7b92,MP018,relation_support,dual_qwen_relation_not_entailed
MPT-476a4ee28fe8eecbe267,MP003,evidence,evidence_invalid
MPT-4786fad19401fd111e8f,MP020,schema_type,relation_type_invalid;evidence_invalid;relation_not_entailed
MPT-4788c92bd4cd6bfd43f2,MP003,evidence,evidence_invalid;relation_not_entailed
MPT-47a5b666c425a12e6227,MP002,schema_type,relation_type_invalid
MPT-47a69fbeb04e00f1e909,MP021,schema_type,relation_type_invalid
MPT-47dabde52d01cd0d8c71,MP003,schema_type,relation_type_invalid;evidence_invalid;relation_not_entailed
MPT-4802e44d8651aebaceea,MP017,evidence,evidence_invalid;relation_not_entailed
MPT-481fe8975b2fd555b5cc,MP015,evidence,evidence_invalid;relation_not_entailed
MPT-482d0a9adca755996573,MP015,relation_support,dual_qwen_relation_not_entailed
MPT-483bba4bc5808a8af67c,MP020,schema_type,relation_type_invalid
MPT-483bf372da94d418cb01,MP003,evidence,evidence_invalid;relation_not_entailed
MPT-4849166455334aa5c367,MP003,evidence,evidence_invalid;relation_not_entailed
MPT-484e6173af0481084746,MP019,evidence,evidence_invalid
MPT-48597d84fff5f90696a1,MP019,schema_type,relation_type_invalid;evidence_invalid;relation_not_entailed
MPT-485a4665b7675ff94b9f,MP020,schema_type,relation_type_invalid
MPT-485b4e416d33c49f855c,MP005,relation_support,dual_qwen_relation_not_entailed
MPT-486191ea3ef3d2229eae,MP003,schema_type,relation_type_invalid;evidence_invalid;relation_not_entailed
MPT-48793bd38bf1df5acb5d,MP003,evidence,evidence_invalid;relation_not_entailed
MPT-48836238729ca4fccb37,MP004,evidence,evidence_invalid
MPT-488bf9e98f52209b46a3,MP004,evidence,evidence_invalid;relation_not_entailed
MPT-48ad34a609f7175f7dc7,MP021,relation_support,dual_qwen_relation_not_entailed
MPT-48bc3fa56eb0f88d51d5,MP003,evidence,evidence_invalid;relation_not_entailed
MPT-48c8ed1c67d0f5da8806,MP019,evidence,evidence_invalid;relation_not_entailed
MPT-48d7eb09eaa4adf92f77,MP005,evidence,evidence_invalid;relation_not_entailed
MPT-48e89735244dce0e13f2,MP019,evidence,evidence_invalid
MPT-48e8ef55d468a81d1c80,MP019,evidence,evidence_invalid
MPT-48f9f7af7cf250d8224f,MP020,schema_type,relation_type_invalid;evidence_invalid;relation_not_entailed
MPT-48fb492d0d0fb5e8cbdb,MP001,evidence,evidence_invalid;relation_not_entailed
MPT-49062cc3ce634df5d5f1,MP003,evidence,evidence_invalid
MPT-4908a8d7bf172fce9945,MP019,evidence,evidence_invalid
MPT-49209c7810ff1c5feda7,MP003,evidence,evidence_invalid
MPT-4927b7d5c8670ca8af07,MP019,evidence,evidence_invalid
MPT-49340e15cb71e1a766c2,MP002,schema_type,relation_type_invalid;evidence_invalid;relation_not_entailed
MPT-493732a3a1b5dbb2df81,MP021,evidence,evidence_invalid;relation_not_entailed
MPT-494a857541b5f54a6580,MP005,schema_type,relation_type_invalid;evidence_invalid;relation_not_entailed
MPT-49948c3b74a4808e5c10,MP016,schema_type,relation_type_invalid;evidence_invalid;relation_not_entailed
MPT-4999adaf04d449cc5e9a,MP003,evidence,evidence_invalid;relation_not_entailed
MPT-49a9754454692e9f03ac,MP003,evidence,evidence_invalid;relation_not_entailed
MPT-49b818549b1753008ba0,MP001,evidence,evidence_invalid
MPT-49c072915ba0a697dfea,MP003,evidence,evidence_invalid
MPT-49caaf1ab05f2a22ecc6,MP003,evidence,evidence_invalid
MPT-49dbb0c64ae436b7b431,MP001,evidence,evidence_invalid
MPT-49e4bf0e0c1564a67cd8,MP019,evidence,evidence_invalid
MPT-49e8efc5a17fe2502f05,MP002,evidence,evidence_invalid
MPT-49f41ff0acd09cdfe97d,MP019,evidence,evidence_invalid
MPT-49f62c19b6f8577100f1,MP019,schema_type,relation_type_invalid;evidence_invalid;relation_not_entailed
MPT-49f7c7cb2c3b4ed3e0d4,MP004,evidence,evidence_invalid
MPT-4a01238ae1c04916de41,MP021,evidence,evidence_invalid
MPT-4a353e211569382e1abc,MP004,evidence,evidence_invalid
MPT-4a3af2d8cb5836cbe910,MP016,evidence,evidence_invalid;relation_not_entailed
MPT-4a426318256e137cf106,MP002,evidence,evidence_invalid;relation_not_entailed
MPT-4a47646fb01d3308a99a,MP004,evidence,evidence_invalid;relation_not_entailed
MPT-4a4c699f53eadc2eb5f8,MP003,relation_support,dual_qwen_relation_not_entailed
MPT-4a4cd915bf99b1d9239b,MP019,evidence,evidence_invalid
MPT-4a4f9d7d037848e6ad78,MP007,below_candidate_0.60,below_candidate_confidence
MPT-4a66e40de945e4b4a7f6,MP001,schema_type,relation_type_invalid;evidence_invalid;relation_not_entailed
MPT-4a7256375dda79630307,MP019,evidence,evidence_invalid;relation_not_entailed
MPT-4a8deb202d1d69e2d391,MP003,evidence,evidence_invalid
MPT-4ab5d2fa0643ccc8bd6b,MP001,evidence,evidence_invalid;relation_not_entailed
MPT-4acaf137991df9782f86,MP016,evidence,evidence_invalid;relation_not_entailed
MPT-4acecad4c4c03930344c,MP021,evidence,evidence_invalid;relation_not_entailed
MPT-4ad5abb944a11371e460,MP016,evidence,evidence_invalid;relation_not_entailed
MPT-4ae142ecc640b4a1c243,MP005,schema_type,relation_type_invalid
MPT-4ae786791bce62067364,MP019,evidence,evidence_invalid;relation_not_entailed
MPT-4b165496246a8189c7c2,MP003,schema_type,relation_type_invalid
MPT-4b2b4038a2c33a4292e3,MP015,relation_support,dual_qwen_relation_not_entailed
MPT-4b2d46cfd0dd01c7bcd5,MP016,schema_type,relation_type_invalid
MPT-4b305ed9377279ef7a5f,MP019,evidence,evidence_invalid
MPT-4b7134ba3842518cdec5,MP002,schema_type,relation_type_invalid
MPT-4b872822262f37e88104,MP016,evidence,evidence_invalid;relation_not_entailed
MPT-4b8870a1ca9fe4b03532,MP002,schema_type,relation_type_invalid;evidence_invalid;relation_not_entailed
MPT-4bcd60f5aaa82cc5f610,MP016,evidence,evidence_invalid;relation_not_entailed
MPT-4bdabe80c09852e758e0,MP003,evidence,evidence_invalid;relation_not_entailed
MPT-4bde76ed100c1333f3e4,MP002,evidence,evidence_invalid
MPT-4bf5db3175d6509515d1,MP002,evidence,evidence_invalid
MPT-4c060c082a910e6048da,MP007,evidence,evidence_invalid;relation_not_entailed
MPT-4c10b464ed1e4d5f225d,MP004,evidence,evidence_invalid;relation_not_entailed
MPT-4c252a37e5ebb3da4e56,MP001,evidence,evidence_invalid;relation_not_entailed
MPT-4c5540d20bf9dc643943,MP002,evidence,evidence_invalid
MPT-4c5ddc08514a7dfdadb0,MP022,evidence,evidence_invalid
MPT-4c6d95ccd7285bf33eed,MP004,evidence,evidence_invalid;relation_not_entailed
MPT-4c7ce40b68f70f5d53b1,MP019,evidence,evidence_invalid
MPT-4c82fd2c8250fa01b0e7,MP003,evidence,evidence_invalid;relation_not_entailed
MPT-4c8c9e30070e56a3e0f6,MP004,schema_type,relation_type_invalid
MPT-4c92a3b682456e95061a,MP003,schema_type,relation_type_invalid;evidence_invalid
MPT-4c94e7cfbfb4fa1bf447,MP005,evidence,evidence_invalid
MPT-4c9b3f66d349198e1a69,MP003,evidence,evidence_invalid
MPT-4c9d9cfd5caf09eae5e4,MP019,evidence,evidence_invalid;relation_not_entailed
MPT-4c9e23ab78086e7a88fb,MP019,schema_type,relation_type_invalid;evidence_invalid;relation_not_entailed
MPT-4cb638be494d36e855f8,MP003,evidence,evidence_invalid
MPT-4cc03b5c1648c41a95d7,MP004,evidence,evidence_invalid;relation_not_entailed
MPT-4cc45108f3a7ff83317f,MP001,evidence,evidence_invalid;relation_not_entailed
MPT-4cd3ce0381d38b31b0a7,MP002,evidence,evidence_invalid
MPT-4cd6b62958469b3e191c,MP005,evidence,evidence_invalid
MPT-4cf3573667ea9bd5f4ee,MP005,evidence,evidence_invalid;relation_not_entailed
MPT-4cf8d6696fdafe327ffb,MP004,evidence,evidence_invalid
MPT-4d0a127389d30c3e3e0e,MP003,evidence,evidence_invalid;relation_not_entailed
MPT-4d0d494f54df8fca513e,MP005,schema_type,relation_type_invalid;evidence_invalid;relation_not_entailed
MPT-4d0eadf36ccb14e0be41,MP005,schema_type,relation_type_invalid
MPT-4d12e9ddf5e3a78707c9,MP005,evidence,evidence_invalid;relation_not_entailed
MPT-4d15e2daabfbf98c30f7,MP019,evidence,evidence_invalid
MPT-4d1e03a50172a7de4283,MP019,evidence,evidence_invalid;relation_not_entailed
MPT-4d1ed0a4e567e2b1abd4,MP003,evidence,evidence_invalid;relation_not_entailed
MPT-4d25d6505aa75389d746,MP019,evidence,evidence_invalid
MPT-4d3df51a4a4af7bfb2ad,MP016,evidence,evidence_invalid;relation_not_entailed
MPT-4d446c80ec32555a301c,MP001,evidence,evidence_invalid;relation_not_entailed
MPT-4d44a3299419553c3d3f,MP021,evidence,evidence_invalid;relation_not_entailed
MPT-4d54f3bcb7d6eb4e9c17,MP001,evidence,evidence_invalid;relation_not_entailed
MPT-4d55ed45fa4f1d82e514,MP005,evidence,evidence_invalid
MPT-4d5b41b8f6840f5122bf,MP016,evidence,evidence_invalid;relation_not_entailed
MPT-4d68c0041cd86fb1ffee,MP003,schema_type,relation_type_invalid
MPT-4d720f04e553fbebf10c,MP005,relation_support,dual_qwen_relation_not_entailed
MPT-4daed7f4e10e88900e9d,MP003,evidence,evidence_invalid;relation_not_entailed
MPT-4dafa076d08124209f7f,MP002,schema_type,relation_type_invalid
MPT-4db13955bacc503c9ff5,MP001,schema_type,relation_type_invalid;evidence_invalid;relation_not_entailed
MPT-4db53a64105690f90d42,MP002,evidence,evidence_invalid;relation_not_entailed
MPT-4dbd356d4b04d6712727,MP003,evidence,evidence_invalid;relation_not_entailed
MPT-4dbde831f65f7c205d7a,MP015,evidence,evidence_invalid;relation_not_entailed
MPT-4dcc7777af554cef5c12,MP021,evidence,evidence_invalid;relation_not_entailed
MPT-4dd506cca43605df92ab,MP003,relation_support,dual_qwen_relation_not_entailed
MPT-4dd6a622fca2f1332735,MP021,evidence,evidence_invalid;relation_not_entailed
MPT-4de11dc6c4379100ed5c,MP021,evidence,evidence_invalid;relation_not_entailed
MPT-4defeb97309be9cadc39,MP016,evidence,evidence_invalid;relation_not_entailed
MPT-4df4b318c6f1d40b6ac3,MP001,evidence,evidence_invalid;relation_not_entailed
MPT-4dfb943799d44635d3ae,MP016,evidence,evidence_invalid;relation_not_entailed
MPT-4dfbf66c13e448403d3a,MP019,schema_type,relation_type_invalid;evidence_invalid;relation_not_entailed
MPT-4dfc87c2d51793eae1fe,MP019,evidence,evidence_invalid;relation_not_entailed
MPT-4e0f35d3c246453e8452,MP016,evidence,evidence_invalid;relation_not_entailed
MPT-4e1878ad21e7a4ca72b1,MP003,evidence,evidence_invalid;relation_not_entailed
MPT-4e23ad21f4741c1d8a33,MP019,schema_type,relation_type_invalid;evidence_invalid
MPT-4e25a7ebf738456158d8,MP003,evidence,evidence_invalid
MPT-4e282384ae4e9c66b62e,MP022,evidence,evidence_invalid;relation_not_entailed
MPT-4e375b0afdafea33fc8b,MP019,evidence,evidence_invalid
MPT-4e3d29f699380333b48b,MP003,evidence,evidence_invalid
MPT-4e46912c7d70fdadc640,MP019,evidence,evidence_invalid;relation_not_entailed
MPT-4e46f621118afdb96610,MP019,evidence,evidence_invalid;relation_not_entailed
MPT-4e5a99b93131287b43a1,MP005,evidence,evidence_invalid;relation_not_entailed
MPT-4e8668a820ff42ddaa1f,MP002,evidence,evidence_invalid
MPT-4e8ce558d16e258592c6,MP002,schema_type,relation_type_invalid
MPT-4e906a93361b29bb6a75,MP019,evidence,evidence_invalid
MPT-4ea15c3f19570aea3216,MP002,evidence,evidence_invalid
MPT-4ea5fd52cccb2a43744b,MP015,evidence,evidence_invalid;relation_not_entailed
MPT-4eb286ee05f6bf8c1685,MP003,schema_type,relation_type_invalid;evidence_invalid
MPT-4eb5affa536c0cae78b4,MP003,evidence,evidence_invalid;relation_not_entailed
MPT-4eb924458be42c9d5787,MP004,evidence,evidence_invalid
MPT-4ebe42d9900d469eee33,MP003,evidence,evidence_invalid;relation_not_entailed
MPT-4ecb176d9647fa732fca,MP016,evidence,evidence_invalid;relation_not_entailed
MPT-4edf50e4e6bfda301cf0,MP002,evidence,evidence_invalid
MPT-4eedf975a69a5447b50c,MP003,relation_support,dual_qwen_relation_not_entailed
MPT-4f0523fcf6fac5c5f7a4,MP001,schema_type,relation_type_invalid;evidence_invalid;relation_not_entailed
MPT-4f06e52e3c5085d57524,MP002,schema_type,relation_type_invalid
MPT-4f06ea15ef52422de2ff,MP005,evidence,evidence_invalid
MPT-4f1be026df3e8a4b02b9,MP005,evidence,evidence_invalid;relation_not_entailed
MPT-4f2c9d2906f9a1522e4b,MP019,evidence,evidence_invalid
MPT-4f383b485d608b480b64,MP006,evidence,evidence_invalid;relation_not_entailed
MPT-4f393c769bd0178ec506,MP019,schema_type,relation_type_invalid;evidence_invalid;relation_not_entailed
MPT-4f3e18b25bc99432bca7,MP017,evidence,evidence_invalid;relation_not_entailed
MPT-4f3f06a7c1f6434fc902,MP019,evidence,evidence_invalid
MPT-4f4f49e125e54fe49011,MP018,evidence,evidence_invalid;relation_not_entailed
MPT-4f570342b84c0506a525,MP003,evidence,evidence_invalid
MPT-4f5e12582b48e75e93a5,MP019,evidence,evidence_invalid
MPT-4f71504a90707f909cd2,MP018,evidence,evidence_invalid;relation_not_entailed
MPT-4f81b1f3eb53ea77583a,MP003,evidence,evidence_invalid
MPT-4f888299312d96515073,MP002,evidence,evidence_invalid
MPT-4fb0663bbef8f7c421ba,MP019,evidence,evidence_invalid;relation_not_entailed
MPT-4fb50a3976952a8eb862,MP001,schema_type,relation_type_invalid
MPT-4fd9706dcbb5a696baff,MP005,schema_type,relation_type_invalid
MPT-4fde7524f0b27c397e96,MP003,evidence,evidence_invalid;relation_not_entailed
MPT-4fe2d580e3fbe2d089b2,MP003,schema_type,relation_type_invalid
MPT-4ff0df4f96d61b9e6d0e,MP002,schema_type,relation_type_invalid
MPT-4ff534c6e6c188fde09c,MP021,evidence,evidence_invalid;relation_not_entailed
MPT-500566172e9c5fac962d,MP004,evidence,evidence_invalid;relation_not_entailed
MPT-500afb5117deef5077a9,MP002,evidence,evidence_invalid;relation_not_entailed
MPT-5011645276afdfe89a05,MP002,evidence,evidence_invalid
MPT-5022ddd5c392bd24715c,MP019,schema_type,relation_type_invalid;evidence_invalid
MPT-502dd386914123ebbaae,MP017,evidence,evidence_invalid;relation_not_entailed
MPT-50350f375b0903a7b0ca,MP019,evidence,evidence_invalid
MPT-505c83dd50217b9b6e3f,MP007,evidence,evidence_invalid
MPT-506e4f0e71e2d47e8112,MP007,evidence,evidence_invalid;relation_not_entailed
MPT-507f097ae323512371a2,MP003,relation_support,dual_qwen_relation_not_entailed
MPT-50951da997cdfb5ac09e,MP001,schema_type,relation_type_invalid
MPT-50968fbd256e1599d36e,MP003,evidence,evidence_invalid;relation_not_entailed
MPT-50985eb84ea219bd3d07,MP016,evidence,evidence_invalid;relation_not_entailed
MPT-509e31dc0503c74e0c89,MP022,schema_type,relation_type_invalid
MPT-50aed9fb8be32a934644,MP005,evidence,evidence_invalid;relation_not_entailed
MPT-50af3391121bb7581e6f,MP006,evidence,evidence_invalid;relation_not_entailed
MPT-50c094efd2d740a5a71d,MP019,schema_type,relation_type_invalid
MPT-50c4cb0f7fb52a8b4b57,MP001,schema_type,relation_type_invalid;evidence_invalid;relation_not_entailed
MPT-50c8c9252332b396c21b,MP005,schema_type,relation_type_invalid
MPT-50f10e80889bfbcd698e,MP002,evidence,evidence_invalid
MPT-51168e27061bff9e6e7a,MP019,evidence,evidence_invalid
MPT-51241cbd950d37ea0769,MP005,evidence,evidence_invalid;relation_not_entailed
MPT-512721dcb000eaa75abe,MP022,evidence,evidence_invalid
MPT-512d3d913c35851d7ef2,MP019,evidence,evidence_invalid
MPT-513114c5a51aba273950,MP019,evidence,evidence_invalid;relation_not_entailed
MPT-513a16c0ab3511230f7f,MP003,schema_type,relation_type_invalid;evidence_invalid;relation_not_entailed
MPT-51443d679808be95b9eb,MP003,evidence,evidence_invalid
MPT-514a242ebcf1cef435b7,MP001,evidence,evidence_invalid;relation_not_entailed
MPT-5169840a49ffec62ed29,MP019,evidence,evidence_invalid;relation_not_entailed
MPT-516b074f723291e45dff,MP019,evidence,evidence_invalid;relation_not_entailed
MPT-517f6a3c285b1111e77e,MP003,evidence,evidence_invalid
MPT-51906006aa7dce17e815,MP004,evidence,evidence_invalid
MPT-51add47a51dcf7e4aeaa,MP019,evidence,evidence_invalid
MPT-51b78203e98289c03cce,MP003,schema_type,relation_type_invalid;evidence_invalid
MPT-51e27424b47a240acd51,MP005,evidence,evidence_invalid
MPT-51f1201e98d6566aef6d,MP005,evidence,evidence_invalid
MPT-51f2148205b5b2065e5c,MP001,evidence,evidence_invalid;relation_not_entailed
MPT-51f61b8d3dbe41256698,MP020,schema_type,relation_type_invalid;evidence_invalid;relation_not_entailed
MPT-520116ed93aa2718be0c,MP019,evidence,evidence_invalid;relation_not_entailed
MPT-5238abe3702756bf5c87,MP003,schema_type,relation_type_invalid;evidence_invalid
MPT-523ea17ee12196fb5454,MP021,evidence,evidence_invalid;relation_not_entailed
MPT-52438866b854cf7828db,MP005,schema_type,relation_type_invalid
MPT-5259a593907d48f8de37,MP003,schema_type,relation_type_invalid;evidence_invalid;relation_not_entailed
MPT-52644115146bb1670976,MP005,schema_type,relation_type_invalid;evidence_invalid;relation_not_entailed
MPT-526fdfd3583de43693d9,MP001,evidence,evidence_invalid;relation_not_entailed
MPT-527d1aa774f2edfc0c1e,MP003,evidence,evidence_invalid;relation_not_entailed
MPT-527d8d85bd2bc6df3cc7,MP005,evidence,evidence_invalid;relation_not_entailed
MPT-5281c95cd7c4d7e39ae8,MP019,schema_type,relation_type_invalid;evidence_invalid;relation_not_entailed
MPT-5283f102d95c50e3e291,MP005,schema_type,relation_type_invalid
MPT-52941521b6988e1431a8,MP002,evidence,evidence_invalid
MPT-5297ed48c88253d8be78,MP019,evidence,evidence_invalid
MPT-52a81ed6cae13f6a123e,MP003,evidence,evidence_invalid;relation_not_entailed
MPT-52acd7a9957a73058a5e,MP002,evidence,evidence_invalid
MPT-52b81e3f55a74a1d9bf4,MP016,evidence,evidence_invalid;relation_not_entailed
MPT-52c1a5c381df131b5957,MP019,schema_type,relation_type_invalid
MPT-52c537b844325211d38b,MP001,evidence,evidence_invalid;relation_not_entailed
MPT-52cf2f04e9ff42e79779,MP005,relation_support,dual_qwen_relation_not_entailed
MPT-52d17b44179e2de971fb,MP015,evidence,evidence_invalid;relation_not_entailed
MPT-52de948d7487242c3b37,MP003,evidence,evidence_invalid
MPT-52f036bd829f96aa738a,MP019,evidence,evidence_invalid
MPT-52f53fcf85da6b170ef6,MP019,evidence,evidence_invalid;relation_not_entailed
MPT-5303de36ec3d8d3f4d19,MP022,evidence,evidence_invalid;relation_not_entailed
MPT-530c72229136fc7d0c0e,MP001,evidence,evidence_invalid;relation_not_entailed
MPT-53173653ff71ec2f0aab,MP003,schema_type,relation_type_invalid
MPT-531ac5b0d512741c3bb3,MP004,evidence,evidence_invalid
MPT-5323bc597b548d153f8f,MP003,evidence,evidence_invalid
MPT-5324191aa9b475085e3b,MP021,evidence,evidence_invalid
MPT-5324aa888c18edbeeb05,MP007,evidence,evidence_invalid
MPT-532b7d115b81e3845420,MP003,evidence,evidence_invalid;relation_not_entailed
MPT-532b9e18a4fa4c136be1,MP017,schema_type,relation_type_invalid;evidence_invalid;relation_not_entailed
MPT-5334f5321cc6c792c786,MP021,evidence,evidence_invalid
MPT-533d6b968cde7ed0172a,MP003,relation_support,dual_qwen_relation_not_entailed
MPT-5351e0bbd0528a5601f6,MP005,evidence,evidence_invalid;relation_not_entailed
MPT-5355130239dce03c1b36,MP019,evidence,evidence_invalid
MPT-5361eef6f7655f2a4ca1,MP004,schema_type,relation_type_invalid
MPT-536360aa99f9f168db07,MP019,evidence,evidence_invalid
MPT-537825e44736c0692c98,MP019,schema_type,relation_type_invalid
MPT-53828d70f3b226d95214,MP021,schema_type,relation_type_invalid;evidence_invalid;relation_not_entailed
MPT-5382f18ba0644d43ecc6,MP005,schema_type,relation_type_invalid
MPT-538d27738d070b4ade9b,MP004,evidence,evidence_invalid
MPT-5396150b8dc8cba5de5a,MP003,evidence,evidence_invalid;relation_not_entailed
MPT-539ad06a18dee35a0b96,MP021,evidence,evidence_invalid;relation_not_entailed
MPT-53c20087a39107ae1bcf,MP019,evidence,evidence_invalid
MPT-53c6e20a1b67c10384ea,MP003,relation_support,dual_qwen_relation_not_entailed
MPT-53def56aa393be3a709e,MP022,relation_support,dual_qwen_relation_not_entailed
MPT-53f41a5d0d8eb0e051e8,MP003,evidence,evidence_invalid;relation_not_entailed
MPT-5409d3eb98ea882aaa88,MP019,evidence,evidence_invalid;relation_not_entailed
MPT-541006b4006d6d44fd21,MP005,evidence,evidence_invalid;relation_not_entailed
MPT-541f76d86a0c3f1970e6,MP016,evidence,evidence_invalid;relation_not_entailed
MPT-544a187cc269f6d395e6,MP007,evidence,evidence_invalid
MPT-544e7dc2ee25afa56bd1,MP003,evidence,evidence_invalid
MPT-5456a721145b886e880a,MP003,evidence,evidence_invalid;relation_not_entailed
MPT-5464ea7364051774628a,MP019,evidence,evidence_invalid;relation_not_entailed
MPT-5465c1f0281470dffa37,MP003,evidence,evidence_invalid;relation_not_entailed
MPT-547cacce234ca17649a3,MP018,schema_type,relation_type_invalid
MPT-547df90e15e8c951682b,MP003,evidence,evidence_invalid;relation_not_entailed
MPT-548991711c02e1e4c89a,MP005,schema_type,relation_type_invalid;evidence_invalid;relation_not_entailed
MPT-5492ad9bd830eb5cd258,MP021,evidence,evidence_invalid;relation_not_entailed
MPT-549c39556a494d113912,MP004,evidence,evidence_invalid
MPT-54a5e0414e87848a4553,MP015,evidence,evidence_invalid;relation_not_entailed
MPT-54ae3e1c8e0fb796673d,MP019,evidence,evidence_invalid
MPT-54b41482b9d64b764bd3,MP003,schema_type,relation_type_invalid;evidence_invalid;relation_not_entailed
MPT-54b61e49af437d815b50,MP019,evidence,evidence_invalid;relation_not_entailed
MPT-54b70643278e222615f5,MP003,schema_type,relation_type_invalid;evidence_invalid;relation_not_entailed
MPT-54c01f0ab6a658934e27,MP019,evidence,evidence_invalid
MPT-54c8f87a6083e887cacc,MP003,evidence,evidence_invalid;relation_not_entailed
MPT-54ce8a359cc18e130db4,MP015,evidence,evidence_invalid;relation_not_entailed
MPT-54dfce80a78e6a2d1e09,MP003,schema_type,relation_type_invalid
MPT-54e51229c15dced320b6,MP005,evidence,evidence_invalid;relation_not_entailed
MPT-54e7c27418af6a273aed,MP003,evidence,evidence_invalid;relation_not_entailed
MPT-54eab7d247b60ee7fd31,MP003,evidence,evidence_invalid
MPT-54f3920fa2a354df4861,MP019,evidence,evidence_invalid;relation_not_entailed
MPT-54f82cced03c9295e454,MP005,evidence,evidence_invalid;relation_not_entailed
MPT-55047fa67cd0939f0a62,MP003,schema_type,relation_type_invalid;evidence_invalid
MPT-550486277c00632692b2,MP015,evidence,evidence_invalid
MPT-551645aa2254c8616482,MP019,schema_type,relation_type_invalid
MPT-55181bf03761af506a18,MP020,evidence,evidence_invalid;relation_not_entailed
MPT-55237e92cfa1d22212ae,MP019,evidence,evidence_invalid
MPT-55248c92bfdbca72c07f,MP002,evidence,evidence_invalid
MPT-5529a775b6c23de66837,MP019,evidence,evidence_invalid
MPT-5534dfa4f37bca5d78ad,MP001,evidence,evidence_invalid;relation_not_entailed
MPT-5535695d7e0b178d18c6,MP006,evidence,evidence_invalid;relation_not_entailed
MPT-553828cb7e4236006db4,MP020,schema_type,relation_type_invalid;evidence_invalid;relation_not_entailed
MPT-55382a4df868f179649a,MP019,evidence,evidence_invalid
MPT-553f800dff06a9a449db,MP016,evidence,evidence_invalid;relation_not_entailed
MPT-554448c598f019cc7afb,MP003,schema_type,relation_type_invalid
MPT-554ed32818be57731b80,MP003,relation_support,dual_qwen_relation_not_entailed
MPT-5551f170051723cdf7b4,MP003,evidence,evidence_invalid;relation_not_entailed
MPT-5553ff3e29a5e8d24e7d,MP019,schema_type,relation_type_invalid;evidence_invalid
MPT-556d5f948d777c52a5da,MP007,relation_support,dual_qwen_relation_not_entailed
MPT-5577526a2c8c9d4ad7c1,MP019,evidence,evidence_invalid;relation_not_entailed
MPT-558ecff98662f0aeaff5,MP019,evidence,evidence_invalid
MPT-55a4c0abc956d204aa2e,MP002,evidence,evidence_invalid
MPT-55b2dfecc7c66406c9c2,MP019,schema_type,relation_type_invalid;evidence_invalid
MPT-55baa8d829940ec976f6,MP004,evidence,evidence_invalid;relation_not_entailed
MPT-55bb557a959f95269d16,MP002,evidence,evidence_invalid
MPT-55c778a607fe31725bdc,MP003,evidence,evidence_invalid;relation_not_entailed
MPT-55d9a8909db32baed6e0,MP019,evidence,evidence_invalid
MPT-55ef1f86800e57bf02a1,MP005,schema_type,relation_type_invalid
MPT-55f472c61bc6acec2362,MP003,evidence,evidence_invalid
MPT-5615655ce1c831e13161,MP002,schema_type,relation_type_invalid;evidence_invalid
MPT-5620c3c8f066312c0c0b,MP016,schema_type,relation_type_invalid
MPT-5620d176bfb75afa01f5,MP005,schema_type,relation_type_invalid
MPT-5627c812594527ad0eab,MP003,schema_type,relation_type_invalid;evidence_invalid;relation_not_entailed
MPT-56474bb17dd8572a63b3,MP015,schema_type,relation_type_invalid
MPT-5651576f74913f0a28de,MP018,schema_type,relation_type_invalid
MPT-5654e79ad949092c72c3,MP004,evidence,evidence_invalid;relation_not_entailed
MPT-5657083703291a848ded,MP005,evidence,evidence_invalid;relation_not_entailed
MPT-568c3c9902f977a2ed96,MP016,evidence,evidence_invalid;relation_not_entailed
MPT-56a1012aa205c293fdf2,MP003,evidence,evidence_invalid;relation_not_entailed
MPT-56a892816954ce98767f,MP001,evidence,evidence_invalid;relation_not_entailed
MPT-56af599cb9155324cb52,MP004,relation_support,dual_qwen_relation_not_entailed
MPT-56bdacc6c1a24e957dec,MP003,evidence,evidence_invalid;relation_not_entailed
MPT-56c0547f2edbbcd1ded3,MP005,evidence,evidence_invalid;relation_not_entailed
MPT-56c8e664b01bbf30d040,MP019,evidence,evidence_invalid;relation_not_entailed
MPT-56d959c6d1bba4e3f5cd,MP003,schema_type,relation_type_invalid;evidence_invalid;relation_not_entailed
MPT-56e30d647f0dc0051849,MP019,evidence,evidence_invalid
MPT-571358c94f53adbae52e,MP003,evidence,evidence_invalid
MPT-571dbd214adb08e4bfc5,MP003,schema_type,relation_type_invalid;evidence_invalid;relation_not_entailed
MPT-57371da0974e6bf26b93,MP003,schema_type,relation_type_invalid;evidence_invalid
MPT-573fc8df7f2856b8be01,MP001,evidence,evidence_invalid;relation_not_entailed
MPT-574ccc445bcb98a1b7d0,MP004,evidence,evidence_invalid;relation_not_entailed
MPT-57534f8d79076ad8feba,MP019,evidence,evidence_invalid;relation_not_entailed
MPT-575769608c730b43da8e,MP019,evidence,evidence_invalid;relation_not_entailed
MPT-57611326099cdeb91a67,MP019,evidence,evidence_invalid;relation_not_entailed
MPT-5762a223855556838574,MP019,evidence,evidence_invalid
MPT-576f713911386d15c21d,MP007,evidence,evidence_invalid
MPT-5770e0425323e132c026,MP001,evidence,evidence_invalid
MPT-5782bf1381594fee1396,MP019,relation_support,dual_qwen_relation_not_entailed
MPT-5784e7d148be33952c6c,MP007,evidence,evidence_invalid
MPT-578b9834a058fbc56ee2,MP001,evidence,evidence_invalid;relation_not_entailed
MPT-57906207c25cb61fda88,MP003,schema_type,relation_type_invalid
MPT-5791217806f4fbf6f41a,MP003,evidence,evidence_invalid;relation_not_entailed
MPT-57939e9f4d49bef1fd0e,MP003,evidence,evidence_invalid
MPT-579a79d0ac2d7f356be7,MP002,evidence,evidence_invalid;relation_not_entailed
MPT-57b914c761246be18be3,MP001,schema_type,relation_type_invalid
MPT-57edc81d693b00887431,MP017,schema_type,relation_type_invalid;evidence_invalid;relation_not_entailed
MPT-57f497090cd009da1266,MP019,evidence,evidence_invalid
MPT-57f5dbbf615f44813fbf,MP003,evidence,evidence_invalid;relation_not_entailed
MPT-57fe623776dbd7762c73,MP002,evidence,evidence_invalid
MPT-5804a1251466874b18d4,MP003,relation_support,dual_qwen_relation_not_entailed
MPT-5805962a34ef7c312472,MP003,evidence,evidence_invalid;relation_not_entailed
MPT-580de2f64f194d50bffa,MP005,evidence,evidence_invalid;relation_not_entailed
MPT-583b3944036235025f72,MP001,schema_type,relation_type_invalid;evidence_invalid;relation_not_entailed
MPT-58436c04c7576397447c,MP001,evidence,evidence_invalid;relation_not_entailed
MPT-5878153912315616f21f,MP002,evidence,evidence_invalid
MPT-587d2b3ff954df114a30,MP001,evidence,evidence_invalid;relation_not_entailed
MPT-587e60a84e3e88a88735,MP007,evidence,evidence_invalid
MPT-587f179f7272ee13e152,MP001,evidence,evidence_invalid;relation_not_entailed
MPT-5889f0c3622c87fd8953,MP005,schema_type,relation_type_invalid;evidence_invalid;relation_not_entailed
MPT-58917694c73a71bcf9c3,MP007,evidence,evidence_invalid
MPT-58943889a95906971646,MP005,evidence,evidence_invalid;relation_not_entailed
MPT-589b6e19feac73bbe57d,MP001,evidence,evidence_invalid;relation_not_entailed
MPT-58c981f66a26340b8018,MP002,evidence,evidence_invalid
MPT-58d4990cf6a9ab2a297a,MP002,evidence,evidence_invalid
MPT-58dfbf5500ac632f8338,MP019,schema_type,relation_type_invalid;evidence_invalid;relation_not_entailed
MPT-58f660cdba691c0fe774,MP021,schema_type,relation_type_invalid
MPT-58f8f00ed4b63ce6a27a,MP003,evidence,evidence_invalid
MPT-58fa077e00d6390c29c5,MP005,schema_type,relation_type_invalid;evidence_invalid;relation_not_entailed
MPT-5900f8bd5a6fcc20a958,MP002,evidence,evidence_invalid
MPT-591077eea31ce38579fc,MP002,evidence,evidence_invalid;relation_not_entailed
MPT-59424fa55570bc0479dc,MP019,evidence,evidence_invalid
MPT-595c20101c79380c5d05,MP019,schema_type,relation_type_invalid
MPT-59612919e6a5250c4975,MP004,evidence,evidence_invalid;relation_not_entailed
MPT-596cd7560f10e0171c52,MP003,evidence,evidence_invalid;relation_not_entailed
MPT-597dafeb0db279cea0f4,MP003,evidence,evidence_invalid;relation_not_entailed
MPT-598228bc85221aad6060,MP022,evidence,evidence_invalid;relation_not_entailed
MPT-59867b8b0bd9371d5275,MP019,evidence,evidence_invalid;relation_not_entailed
MPT-59a520e0878635f2e74f,MP021,evidence,evidence_invalid;relation_not_entailed
MPT-59a60b1271ceb1efad4a,MP001,evidence,evidence_invalid;relation_not_entailed
MPT-59afbf49d4b158978cbc,MP005,evidence,evidence_invalid;relation_not_entailed
MPT-59c97105fae1976d543e,MP005,relation_support,dual_qwen_relation_not_entailed
MPT-59cb368571b5c274045a,MP001,schema_type,relation_type_invalid;evidence_invalid;relation_not_entailed
MPT-59d2d91b2d7a20b4b541,MP003,evidence,evidence_invalid;relation_not_entailed
MPT-59d4e72116ffea3fe33a,MP019,evidence,evidence_invalid
MPT-59d508fc9a35bd0db864,MP001,evidence,evidence_invalid;relation_not_entailed
MPT-59ea70d7fa0a1f4b7c31,MP002,evidence,evidence_invalid
MPT-59f773a2bfe7108a0f93,MP019,evidence,evidence_invalid
MPT-5a112e17af098e3eeee2,MP003,evidence,evidence_invalid;relation_not_entailed
MPT-5a134dcbc80bdabb5e18,MP019,evidence,evidence_invalid
MPT-5a1e1b9115959f46abb1,MP019,schema_type,relation_type_invalid;evidence_invalid;relation_not_entailed
MPT-5a207d5688bb05b99881,MP019,evidence,evidence_invalid;relation_not_entailed
MPT-5a21fc37dbe353e8bb36,MP019,evidence,evidence_invalid
MPT-5a2fd380043a5ceb0095,MP003,schema_type,relation_type_invalid;evidence_invalid;relation_not_entailed
MPT-5a3cdc4f1ba159311d00,MP001,evidence,evidence_invalid;relation_not_entailed
MPT-5a477ffe2b8ac05a0f0a,MP016,evidence,evidence_invalid;relation_not_entailed
MPT-5a64dd0675794cbaa7bc,MP016,evidence,evidence_invalid;relation_not_entailed
MPT-5a6a24fe41b6083d6cd1,MP002,evidence,evidence_invalid
MPT-5a7143bcb3abcada1150,MP003,evidence,evidence_invalid;relation_not_entailed
MPT-5a727d4885179e1c1784,MP001,evidence,evidence_invalid
MPT-5a85ac733c15fc8f23c4,MP003,schema_type,relation_type_invalid
MPT-5a8f78c3fbef5adf04b0,MP003,evidence,evidence_invalid;relation_not_entailed
MPT-5a9b12088ad38ea5ff24,MP005,evidence,evidence_invalid
MPT-5aaf4b74bc70453dfc57,MP019,relation_support,dual_qwen_relation_not_entailed
MPT-5ab7d1c13462a30a5150,MP021,evidence,evidence_invalid;relation_not_entailed
MPT-5ac9cd365b107cae14da,MP003,schema_type,relation_type_invalid
MPT-5ac9e431a043740727d4,MP003,evidence,evidence_invalid;relation_not_entailed
MPT-5ac9ff570d4c00d2282b,MP002,evidence,evidence_invalid
MPT-5aca5163162c08cc792a,MP019,evidence,evidence_invalid
MPT-5ad52c424cb487e64e6b,MP020,schema_type,relation_type_invalid
MPT-5adf1caf737dc1c2352d,MP001,evidence,evidence_invalid;relation_not_entailed
MPT-5ae408f27c986661abb7,MP015,evidence,evidence_invalid;relation_not_entailed
MPT-5b1e05bae59231438b47,MP003,evidence,evidence_invalid;relation_not_entailed
MPT-5b4e2ac9a360efa7699c,MP003,evidence,evidence_invalid
MPT-5b60c37a01c5e330bf5a,MP007,schema_type,relation_type_invalid
MPT-5b79cbdfd5011b583d24,MP003,relation_support,dual_qwen_relation_not_entailed
MPT-5badfb3b4fe0d01a53fc,MP018,schema_type,relation_type_invalid;evidence_invalid;relation_not_entailed
MPT-5bc7dd6d2b5e134273c5,MP004,evidence,evidence_invalid
MPT-5bcaa37691fda5f1600b,MP007,evidence,evidence_invalid
MPT-5bd58f2c1c2792ff0514,MP021,evidence,evidence_invalid;relation_not_entailed
MPT-5bd8e61e622972cc3a32,MP001,evidence,evidence_invalid;relation_not_entailed
MPT-5bda37ff61bb11db2a1b,MP003,evidence,evidence_invalid;relation_not_entailed
MPT-5bdb7eb7b7f22d528f1e,MP004,schema_type,relation_type_invalid
MPT-5be18df29d43efdefa5a,MP004,evidence,evidence_invalid
MPT-5be392160f7d131142c1,MP005,evidence,evidence_invalid
MPT-5be64b8e0d03bee0d3aa,MP003,evidence,evidence_invalid
MPT-5bedf28a386862c848fd,MP003,relation_support,dual_qwen_relation_not_entailed
MPT-5bef70d4be969bda0ac2,MP019,schema_type,relation_type_invalid;evidence_invalid;relation_not_entailed
MPT-5bf07fc7a97c54ee863b,MP017,schema_type,relation_type_invalid
MPT-5bf7f4202db1026802e1,MP019,evidence,evidence_invalid;relation_not_entailed
MPT-5bfd0457dfe4299eef3c,MP019,evidence,evidence_invalid;relation_not_entailed
MPT-5c09b13da77e1378853b,MP001,evidence,evidence_invalid;relation_not_entailed
MPT-5c0a558e97dd9aa62e4c,MP005,schema_type,relation_type_invalid
MPT-5c1aeec14d677eef0608,MP001,evidence,evidence_invalid;relation_not_entailed
MPT-5c48aa7116cee7986130,MP005,evidence,evidence_invalid;relation_not_entailed
MPT-5c7d4a62a91b70b74b00,MP001,evidence,evidence_invalid;relation_not_entailed
MPT-5c9b01fee0d6c2e58333,MP003,evidence,evidence_invalid;relation_not_entailed
MPT-5cb821749bfbfb3dbc19,MP002,evidence,evidence_invalid
MPT-5cc4566d1ab8b912921c,MP019,evidence,evidence_invalid;relation_not_entailed
MPT-5cd29e804401103bb949,MP003,evidence,evidence_invalid;relation_not_entailed
MPT-5cf58bec71527a0f9ab7,MP003,evidence,evidence_invalid;relation_not_entailed
MPT-5d03f79f18301a148734,MP001,evidence,evidence_invalid;relation_not_entailed
MPT-5d05dae4049cb4a64da4,MP019,evidence,evidence_invalid
MPT-5d1c7148850f52917aa1,MP003,schema_type,relation_type_invalid
MPT-5d1e6d4542c8cc6b2947,MP003,schema_type,relation_type_invalid
MPT-5d23d2533cd8634047a7,MP002,evidence,evidence_invalid
MPT-5d2afdf38a4e2ebf34b6,MP002,evidence,evidence_invalid
MPT-5d2d0db85d9d9b1ff29b,MP016,evidence,evidence_invalid;relation_not_entailed
MPT-5d3d6b030e7a48c6906e,MP019,evidence,evidence_invalid
MPT-5d3e8f58fcb19a192059,MP002,evidence,evidence_invalid
MPT-5d5c1e76a0c2ffdca246,MP003,evidence,evidence_invalid;relation_not_entailed
MPT-5d68731509397741d401,MP019,evidence,evidence_invalid
MPT-5d70f41bcaa085d6ddaf,MP019,schema_type,relation_type_invalid;evidence_invalid;relation_not_entailed
MPT-5d7d65c15820b28ded54,MP005,evidence,evidence_invalid
MPT-5d8069ceb25791a659a2,MP019,evidence,evidence_invalid
MPT-5d9610a18962245ccebc,MP005,evidence,evidence_invalid
MPT-5d9d74e1f37eca241b12,MP019,evidence,evidence_invalid
MPT-5dafe2c6b8b9b0f33afc,MP002,evidence,evidence_invalid;relation_not_entailed
MPT-5dbe5d7b7ba64bda96e6,MP022,evidence,evidence_invalid;relation_not_entailed
MPT-5dc2515c15689afa17d3,MP019,evidence,evidence_invalid
MPT-5dccb811af719ef3138d,MP019,evidence,evidence_invalid;relation_not_entailed
MPT-5deae189df3165c545b0,MP020,evidence,evidence_invalid;relation_not_entailed
MPT-5df467b520a754ccb97e,MP006,schema_type,relation_type_invalid;evidence_invalid;relation_not_entailed
MPT-5e0e0fe379d454521fc5,MP022,evidence,evidence_invalid;relation_not_entailed
MPT-5e0f59b4544ad96d4006,MP004,evidence,evidence_invalid;relation_not_entailed
MPT-5e15743f441e63ee6bda,MP002,evidence,evidence_invalid
MPT-5e175b4b80b845a27361,MP019,evidence,evidence_invalid
MPT-5e1defb4761bd903f281,MP022,evidence,evidence_invalid;relation_not_entailed
MPT-5e1ffe365b427c7e5e21,MP019,evidence,evidence_invalid
MPT-5e23c935febb69cd1b0f,MP019,schema_type,relation_type_invalid;evidence_invalid;relation_not_entailed
MPT-5e29c91ab37992bf1149,MP019,schema_type,relation_type_invalid;evidence_invalid
MPT-5e2e5b23ea6187cade50,MP001,relation_support,dual_qwen_relation_not_entailed
MPT-5e310a3c47df4d2c1eef,MP003,schema_type,relation_type_invalid;evidence_invalid;relation_not_entailed
MPT-5e3ada4fe1832b5b78ee,MP003,evidence,evidence_invalid;relation_not_entailed
MPT-5e436459e9dad630ad63,MP019,evidence,evidence_invalid;relation_not_entailed
MPT-5e51e1a1e8bea78116d0,MP003,evidence,evidence_invalid
MPT-5e5bc401abfaead9d59f,MP001,evidence,evidence_invalid;relation_not_entailed
MPT-5e638b586ae52dc271a8,MP019,evidence,evidence_invalid
MPT-5e6aa18cd05772993776,MP004,schema_type,relation_type_invalid
MPT-5e6ec9b7185df4edd71e,MP001,schema_type,relation_type_invalid;evidence_invalid;relation_not_entailed
MPT-5e72101670fd32574997,MP003,schema_type,relation_type_invalid;evidence_invalid;relation_not_entailed
MPT-5e97ccca15756d062b35,MP019,evidence,evidence_invalid
MPT-5ec9246406d0861ccbfb,MP005,schema_type,relation_type_invalid
MPT-5ed2039f3e874883bc1b,MP019,evidence,evidence_invalid
MPT-5ed65aac37167a628537,MP003,evidence,evidence_invalid;relation_not_entailed
MPT-5ee0227e7633b176a796,MP002,evidence,evidence_invalid;relation_not_entailed
MPT-5ee25501fcb95b6c5d44,MP007,evidence,evidence_invalid;relation_not_entailed
MPT-5ef1ebffb2cd71416cad,MP003,evidence,evidence_invalid;relation_not_entailed
MPT-5ef248049e01491c822a,MP003,schema_type,relation_type_invalid;evidence_invalid;relation_not_entailed
MPT-5ef747cdc4f760813bc1,MP003,evidence,evidence_invalid;relation_not_entailed
MPT-5f01ad80bd46208fe74b,MP003,evidence,evidence_invalid;relation_not_entailed
MPT-5f0ab6c06da8b69ebf5d,MP019,schema_type,relation_type_invalid;evidence_invalid
MPT-5f120c92571df1917dd6,MP002,evidence,evidence_invalid
MPT-5f32d06162aba7b16990,MP021,evidence,evidence_invalid;relation_not_entailed
MPT-5f39a16e57b230be1ef0,MP015,evidence,evidence_invalid;relation_not_entailed
MPT-5f3a1e1c5e1e6aff77bf,MP003,evidence,evidence_invalid;relation_not_entailed
MPT-5f3af5be6871509bf1c5,MP019,evidence,evidence_invalid;relation_not_entailed
MPT-5f3f4ad0247c18280c5e,MP019,evidence,evidence_invalid;relation_not_entailed
MPT-5f409d19ed1f01fdc944,MP019,evidence,evidence_invalid;relation_not_entailed
MPT-5f40ecb9f5732bf595fc,MP003,evidence,evidence_invalid;relation_not_entailed
MPT-5f4186300733e72edc10,MP002,evidence,evidence_invalid
MPT-5f4227fad33ed784257c,MP019,evidence,evidence_invalid
MPT-5f4aae3c5b960ec350f5,MP005,evidence,evidence_invalid
MPT-5f5f8df92b882fd7a351,MP018,schema_type,relation_type_invalid
MPT-5f906184e09fde86a42f,MP021,schema_type,relation_type_invalid;evidence_invalid;relation_not_entailed
MPT-5f920006ea01cb0c326b,MP021,evidence,evidence_invalid;relation_not_entailed
MPT-5f9735c1fb5cb15b9744,MP021,evidence,evidence_invalid;relation_not_entailed
MPT-5f9f09d6182709904611,MP003,schema_type,relation_type_invalid
MPT-5fafceb5d173f0793ed2,MP003,evidence,evidence_invalid;relation_not_entailed
MPT-5fbf1463558d604eb788,MP007,evidence,evidence_invalid
MPT-5fc14bf3b330e047eb5c,MP019,evidence,evidence_invalid;relation_not_entailed
MPT-5fc39df33400b835f8b8,MP004,schema_type,relation_type_invalid;evidence_invalid;relation_not_entailed
MPT-5fca413c5ce0278b82f1,MP017,schema_type,relation_type_invalid;evidence_invalid;relation_not_entailed
MPT-5fcb9d12c88a67c15d04,MP004,evidence,evidence_invalid
MPT-5fcfe098b52da6ca6276,MP019,evidence,evidence_invalid
MPT-5fe5e4ef747ee5601d07,MP003,schema_type,relation_type_invalid
MPT-5ff5df1a5e4aff6efe6c,MP019,evidence,evidence_invalid
MPT-5ff5f4c44e78eb8207dd,MP003,schema_type,relation_type_invalid;evidence_invalid;relation_not_entailed
MPT-5ff74bc00edde10153c8,MP003,evidence,evidence_invalid;relation_not_entailed
MPT-60024e35c1f1d55a1b1b,MP019,evidence,evidence_invalid
MPT-60135c56b54ce8901a2b,MP015,evidence,evidence_invalid;relation_not_entailed
MPT-603d48b753c1ae0a6beb,MP003,evidence,evidence_invalid
MPT-6046e88b1af06d65983a,MP001,evidence,evidence_invalid;relation_not_entailed
MPT-604dfc04059c08a838a5,MP017,evidence,evidence_invalid;relation_not_entailed
MPT-60512bd30fba5b07392a,MP017,schema_type,relation_type_invalid
MPT-60560bd4539d8c817a36,MP021,evidence,evidence_invalid;relation_not_entailed
MPT-605983e811f0ed4cfe79,MP002,evidence,evidence_invalid
MPT-6061fa10af8d1c849912,MP016,schema_type,relation_type_invalid;evidence_invalid;relation_not_entailed
MPT-6065ff94f2382c992711,MP001,schema_type,relation_type_invalid;evidence_invalid;relation_not_entailed
MPT-6067851f985eb861f9ca,MP003,schema_type,relation_type_invalid
MPT-6079ea030fc94158e4f9,MP004,evidence,evidence_invalid;relation_not_entailed
MPT-609e81ef03eab6b90c61,MP019,schema_type,relation_type_invalid;evidence_invalid;relation_not_entailed
MPT-60a803e12f1b9666ff8a,MP017,evidence,evidence_invalid;relation_not_entailed
MPT-60b60e6b19a7dbd03def,MP019,evidence,evidence_invalid
MPT-60c3153a243418d69376,MP019,evidence,evidence_invalid
MPT-60caef0e9f1857f463b3,MP021,evidence,evidence_invalid;relation_not_entailed
MPT-60e8d858326e7090025e,MP021,evidence,evidence_invalid;relation_not_entailed
MPT-60ec2dd624cd5e0947d9,MP003,relation_support,dual_qwen_relation_not_entailed
MPT-60f5bdce5915406802ba,MP005,evidence,evidence_invalid
MPT-61028282e2c1a80465dc,MP002,evidence,evidence_invalid
MPT-6139045b5692c0794c48,MP003,schema_type,relation_type_invalid;evidence_invalid
MPT-6143cdb66e0b0b5caef1,MP001,schema_type,relation_type_invalid;evidence_invalid;relation_not_entailed
MPT-615ebca259faa22cbf0a,MP020,schema_type,relation_type_invalid;evidence_invalid;relation_not_entailed
MPT-6160d9ed5c5addd2d496,MP003,evidence,evidence_invalid
MPT-616977b9f4028644eecb,MP022,relation_support,dual_qwen_relation_not_entailed
MPT-616e06bd197ba09e4596,MP003,schema_type,relation_type_invalid
MPT-6178adaea2006f259aca,MP003,evidence,evidence_invalid
MPT-617d69c4a5ad652d5829,MP003,evidence,evidence_invalid;relation_not_entailed
MPT-618b7e0bfc30244f84e3,MP005,evidence,evidence_invalid;relation_not_entailed
MPT-618d06159b14888942cc,MP019,schema_type,relation_type_invalid;evidence_invalid;relation_not_entailed
MPT-61d357246b297243a5e3,MP003,schema_type,relation_type_invalid;evidence_invalid;relation_not_entailed
MPT-61dc0e915c7556fa9f34,MP004,evidence,evidence_invalid;relation_not_entailed
MPT-61edc8de85288801fdab,MP021,evidence,evidence_invalid;relation_not_entailed
MPT-61f10a0351984b06f962,MP003,evidence,evidence_invalid;relation_not_entailed
MPT-61f8fb6da3a88afbbc3b,MP016,schema_type,relation_type_invalid;evidence_invalid;relation_not_entailed
MPT-61fb72ec2017b194a219,MP003,evidence,evidence_invalid;relation_not_entailed
MPT-6200aee14e788bacc68a,MP002,evidence,evidence_invalid
MPT-6202ca1229d0d73ef4ce,MP021,schema_type,relation_type_invalid;evidence_invalid;relation_not_entailed
MPT-620fa492d4e4fae499bd,MP003,schema_type,relation_type_invalid
MPT-62226c5d497bbb9ebd5f,MP015,evidence,evidence_invalid;relation_not_entailed
MPT-6224753d3cbba79a07c3,MP022,schema_type,relation_type_invalid;evidence_invalid;relation_not_entailed
MPT-622c8255d29b2aafae81,MP004,evidence,evidence_invalid;relation_not_entailed
MPT-623d248379969364c9fa,MP002,evidence,evidence_invalid
MPT-6246843e76df96358d93,MP016,evidence,evidence_invalid;relation_not_entailed
MPT-6254bf972ddb07c2d1e7,MP005,evidence,evidence_invalid
MPT-62588ebb786e860c82e9,MP003,evidence,evidence_invalid;relation_not_entailed
MPT-6258de3cf38cb9096cb8,MP002,schema_type,relation_type_invalid
MPT-6264fa40dc8ab1eebf2b,MP002,evidence,evidence_invalid
MPT-626f67b8a7ea3829071a,MP003,schema_type,relation_type_invalid;evidence_invalid;relation_not_entailed
MPT-62832c4a4a9b35ed65e9,MP001,evidence,evidence_invalid;relation_not_entailed
MPT-628475c6c82fdc004912,MP003,relation_support,dual_qwen_relation_not_entailed
MPT-6285eb034c04b44e2187,MP003,schema_type,relation_type_invalid;evidence_invalid;relation_not_entailed
MPT-628c62162f612f1d7525,MP003,evidence,evidence_invalid;relation_not_entailed
MPT-62a3a7e59c4bb0b93c61,MP019,evidence,evidence_invalid;relation_not_entailed
MPT-62bdfb865a9e03e4d34f,MP015,evidence,evidence_invalid
MPT-62c1c297d6c1c13800c3,MP022,evidence,evidence_invalid;relation_not_entailed
MPT-62cc92f4a2b725f20d4b,MP016,evidence,evidence_invalid;relation_not_entailed
MPT-62d678a1d0357130b928,MP001,evidence,evidence_invalid;relation_not_entailed
MPT-62d853943d4a29c655fe,MP022,evidence,evidence_invalid;relation_not_entailed
MPT-62df1d361972ccb22b58,MP003,evidence,evidence_invalid
MPT-62e0ab113ac3b2b3eef3,MP001,evidence,evidence_invalid;relation_not_entailed
MPT-62e1d5ee2ec58b9f27ff,MP005,evidence,evidence_invalid
MPT-62ea3aa85625ca401a49,MP004,evidence,evidence_invalid
MPT-62f80e9b74e5ddfa9aa8,MP003,evidence,evidence_invalid;relation_not_entailed
MPT-62fb4a4be553812e54ee,MP018,schema_type,relation_type_invalid
MPT-630577baed1868eb3402,MP003,evidence,evidence_invalid
MPT-6308aa2f05c1bfda5e73,MP019,evidence,evidence_invalid
MPT-630b2057d615dc2f236a,MP005,schema_type,relation_type_invalid
MPT-630ef0c0fa70610fb5be,MP019,schema_type,relation_type_invalid;evidence_invalid;relation_not_entailed
MPT-63135f6ef58475340300,MP018,schema_type,relation_type_invalid
MPT-631a9a0abfeba791506f,MP003,schema_type,relation_type_invalid
MPT-632d9cbe761bdb41727e,MP003,schema_type,relation_type_invalid;evidence_invalid;relation_not_entailed
MPT-63312dbc19332c487b64,MP001,evidence,evidence_invalid
MPT-63355fd775c69f33a334,MP019,evidence,evidence_invalid
MPT-633673b4f9e754f4d888,MP019,evidence,evidence_invalid
MPT-63390a1312f99334521a,MP019,evidence,evidence_invalid
MPT-633aeb9b5912bdc8420b,MP001,schema_type,relation_type_invalid
MPT-6340e7cccba4487b6e33,MP022,evidence,evidence_invalid;relation_not_entailed
MPT-6351ada5b8b7b6f8235b,MP019,evidence,evidence_invalid
MPT-636787d4721efa96945a,MP002,evidence,evidence_invalid
MPT-636985366b821df074cc,MP017,schema_type,relation_type_invalid;evidence_invalid;relation_not_entailed
MPT-636a9c02f70914bee6c3,MP003,evidence,evidence_invalid;relation_not_entailed
MPT-637052837a73f506029e,MP019,evidence,evidence_invalid
MPT-637817053a479a84c2ec,MP003,evidence,evidence_invalid;relation_not_entailed
MPT-637e9cd77cf5a44dbf4e,MP002,evidence,evidence_invalid
MPT-637f216013e5379101a9,MP004,evidence,evidence_invalid;relation_not_entailed
MPT-63987c7dbf8bc74006fa,MP019,schema_type,relation_type_invalid
MPT-639c83113ef5746bf4ff,MP003,evidence,evidence_invalid;relation_not_entailed
MPT-63a3a09e2d1e415856ff,MP007,evidence,evidence_invalid
MPT-63b46b1fd2b82e614a84,MP003,evidence,evidence_invalid
MPT-63beab5d60dfd773530a,MP019,evidence,evidence_invalid
MPT-63e300d99038af7383fc,MP015,evidence,evidence_invalid;relation_not_entailed
MPT-63e3241eb92febbc46b8,MP005,schema_type,relation_type_invalid;evidence_invalid;relation_not_entailed
MPT-63e4c73a98f8f71539e7,MP016,evidence,evidence_invalid;relation_not_entailed
MPT-63e9d51f0a3b8b30027f,MP002,evidence,evidence_invalid
MPT-63f5d3e2e1152c5e76b0,MP005,evidence,evidence_invalid;relation_not_entailed
MPT-64020be605b86d2d3546,MP019,evidence,evidence_invalid
MPT-640781e1f5a3084a6d0d,MP005,evidence,evidence_invalid;relation_not_entailed
MPT-640a0f91f8b4c89e743a,MP019,evidence,evidence_invalid
MPT-640ecb68196509654379,MP005,evidence,evidence_invalid
MPT-6414c4f7cda490b11e27,MP016,evidence,evidence_invalid;relation_not_entailed
MPT-641700252802ef33da18,MP001,evidence,evidence_invalid
MPT-641a7fbe9e753629434d,MP019,evidence,evidence_invalid;relation_not_entailed
MPT-643cf4e820468d8f75dc,MP015,schema_type,relation_type_invalid
MPT-6442fcbf8d7774ba7191,MP019,evidence,evidence_invalid
MPT-6458f79fab6305e7259c,MP005,schema_type,relation_type_invalid;evidence_invalid;relation_not_entailed
MPT-645d8add2cc6f56fc5da,MP003,evidence,evidence_invalid;relation_not_entailed
MPT-6468154f2cc0b3562309,MP019,evidence,evidence_invalid
MPT-648a2996a454193e1fad,MP005,relation_support,dual_qwen_relation_not_entailed
MPT-64989ce5415ba9b705fd,MP021,evidence,evidence_invalid;relation_not_entailed
MPT-649ef77ff9ec38f4b58d,MP018,evidence,evidence_invalid;relation_not_entailed
MPT-64ac705ff1b5f87afcfd,MP005,evidence,evidence_invalid;relation_not_entailed
MPT-64b75c0c37dc935efd6b,MP004,evidence,evidence_invalid
MPT-64ba2542f1a4339dde5c,MP002,evidence,evidence_invalid
MPT-64ba64807bb5fc664d30,MP019,evidence,evidence_invalid;relation_not_entailed
MPT-64ba740999bb4f5af5d3,MP022,evidence,evidence_invalid;relation_not_entailed
MPT-64e326ea9b715d09ed1e,MP016,evidence,evidence_invalid;relation_not_entailed
MPT-64eff0ad3ad902eacc70,MP022,evidence,evidence_invalid;relation_not_entailed
MPT-64f8beae426052e9c4b4,MP019,schema_type,relation_type_invalid;evidence_invalid;relation_not_entailed
MPT-6505e54268a93a48190a,MP003,evidence,evidence_invalid
MPT-65100feb589b4a70e085,MP018,below_candidate_0.60,below_candidate_confidence
MPT-65186e98f2a767ed719a,MP005,evidence,evidence_invalid;relation_not_entailed
MPT-65228190b1c361808ad8,MP019,evidence,evidence_invalid
MPT-6526826e909b71f2a49b,MP002,evidence,evidence_invalid
MPT-653795c1d3275afa3eb6,MP003,evidence,evidence_invalid;relation_not_entailed
MPT-653a9e4e5ab52e1803b3,MP005,schema_type,relation_type_invalid
MPT-653c38cc80d817444196,MP005,evidence,evidence_invalid;relation_not_entailed
MPT-65584a5ccf28eeca4f21,MP015,evidence,evidence_invalid;relation_not_entailed
MPT-656b96a5c1e700674912,MP017,schema_type,relation_type_invalid;evidence_invalid;relation_not_entailed
MPT-6579c747d5da5bce20d8,MP003,evidence,evidence_invalid;relation_not_entailed
MPT-657f9355fbad8ac76315,MP003,evidence,evidence_invalid;relation_not_entailed
MPT-65817a74cd003f8c6e16,MP022,evidence,evidence_invalid;relation_not_entailed
MPT-65818e67805e78187b54,MP019,evidence,evidence_invalid
MPT-658737ed13addc3a6169,MP019,schema_type,relation_type_invalid;evidence_invalid;relation_not_entailed
MPT-658b9b4f30b50ac30d0b,MP002,evidence,evidence_invalid
MPT-65a40b11dd87a4e75de7,MP002,evidence,evidence_invalid
MPT-65c5100037dbe7993eca,MP019,schema_type,relation_type_invalid;evidence_invalid
MPT-65c554a2563bf1b1d36e,MP001,evidence,evidence_invalid;relation_not_entailed
MPT-65d2484c65aa56614156,MP016,evidence,evidence_invalid;relation_not_entailed
MPT-65dd18367fe5401141bb,MP019,evidence,evidence_invalid
MPT-65eba31d1638014c2585,MP004,evidence,evidence_invalid
MPT-65ed64baf56c2ecb53ae,MP019,evidence,evidence_invalid
MPT-6607413df9cfd4ab7664,MP003,schema_type,relation_type_invalid
MPT-664597c8f0f0ad3de1fc,MP003,evidence,evidence_invalid
MPT-664f18b75939cc5c57d4,MP017,evidence,evidence_invalid;relation_not_entailed
MPT-664fd3ee1bf21ddb18fa,MP006,evidence,evidence_invalid;relation_not_entailed
MPT-6660da9963add5e60964,MP019,evidence,evidence_invalid;relation_not_entailed
MPT-666216e0e445e9de4268,MP019,evidence,evidence_invalid;relation_not_entailed
MPT-667ddb68f3391273d5c4,MP020,evidence,evidence_invalid;relation_not_entailed
MPT-6683c000d2501b1ddee7,MP015,relation_support,dual_qwen_relation_not_entailed
MPT-6684b22eefaa8cd439e4,MP004,evidence,evidence_invalid;relation_not_entailed
MPT-66857bd2101e16685bde,MP001,evidence,evidence_invalid;relation_not_entailed
MPT-668bda35d36be3a796a8,MP002,evidence,evidence_invalid
MPT-669fc4bf97463915bb41,MP003,evidence,evidence_invalid;relation_not_entailed
MPT-66ab643225cf41e4a1f5,MP001,evidence,evidence_invalid;relation_not_entailed
MPT-66b8336c31cdebdc1477,MP003,schema_type,relation_type_invalid
MPT-66beae0f24a407a158bd,MP020,schema_type,relation_type_invalid;evidence_invalid;relation_not_entailed
MPT-66cb6f3756f4d3be4e20,MP003,evidence,evidence_invalid
MPT-66e0f78bd928ab4eeb66,MP019,evidence,evidence_invalid;relation_not_entailed
MPT-66f471b6cad7be8a7d98,MP007,evidence,evidence_invalid;relation_not_entailed
MPT-6711f470613c791d1e27,MP003,schema_type,relation_type_invalid
MPT-672e0a154e74cc4a1905,MP004,evidence,evidence_invalid;relation_not_entailed
MPT-6743167fcd133ee96f54,MP015,schema_type,relation_type_invalid
MPT-675537c813e5916a145d,MP019,evidence,evidence_invalid;relation_not_entailed
MPT-6758bca704ef7f9bc25e,MP003,evidence,evidence_invalid;relation_not_entailed
MPT-67741e1034c2cd0ce3c3,MP001,evidence,evidence_invalid
MPT-67c4552893918882e824,MP002,evidence,evidence_invalid;relation_not_entailed
MPT-67d6b4e033ab9b655d64,MP019,evidence,evidence_invalid
MPT-67df670b6916674bef8b,MP003,relation_support,dual_qwen_relation_not_entailed
MPT-67e6ac181ecad33fa233,MP019,evidence,evidence_invalid
MPT-67eaaa845e16a7bc9464,MP003,schema_type,relation_type_invalid;evidence_invalid;relation_not_entailed
MPT-680efdcbeb4ba45f6e3c,MP003,evidence,evidence_invalid
MPT-6819ac8484a14937749c,MP001,evidence,evidence_invalid;relation_not_entailed
MPT-681aa10f67b0d1672649,MP003,evidence,evidence_invalid
MPT-682dbdace1e2cf5a83ee,MP021,evidence,evidence_invalid;relation_not_entailed
MPT-683122c186db9da3fdfd,MP005,evidence,evidence_invalid;relation_not_entailed
MPT-683f1a53b8184ad81a76,MP004,evidence,evidence_invalid;relation_not_entailed
MPT-686a069e3e4bbef11ec0,MP015,evidence,evidence_invalid
MPT-68744783a4694dfcdaae,MP015,schema_type,relation_type_invalid
MPT-687538431b8f95f38b96,MP003,evidence,evidence_invalid
MPT-687c8231963d6fc5d6c6,MP020,schema_type,relation_type_invalid
MPT-6883abe795c2dad7318c,MP019,evidence,evidence_invalid
MPT-688cbf24b822c9862d8c,MP007,evidence,evidence_invalid
MPT-688fc6544b3164582927,MP002,relation_support,dual_qwen_relation_not_entailed
MPT-68b3d1fef6c1bc688030,MP001,evidence,evidence_invalid;relation_not_entailed
MPT-68b66f887550a2851b2b,MP003,evidence,evidence_invalid;relation_not_entailed
MPT-68d6b18fa3d9b4fc27dd,MP021,evidence,evidence_invalid;relation_not_entailed
MPT-68dafe465aaa4955636d,MP004,evidence,evidence_invalid;relation_not_entailed
MPT-68e888966d0cac8a06c6,MP003,schema_type,relation_type_invalid;evidence_invalid
MPT-68ec747a929fe6bb86a9,MP001,evidence,evidence_invalid
MPT-68ecdf3637f8b1dca3c3,MP016,evidence,evidence_invalid;relation_not_entailed
MPT-68f090f9e042108372d4,MP019,schema_type,relation_type_invalid;evidence_invalid
MPT-68f9ea63e8ca2fa991d6,MP019,evidence,evidence_invalid
MPT-68fb26431ceefcc9b304,MP015,evidence,evidence_invalid;relation_not_entailed
MPT-6922f1fbf77e4d2d839e,MP002,schema_type,relation_type_invalid;evidence_invalid
MPT-692b79717125e2c3de98,MP019,evidence,evidence_invalid
MPT-692fea79be635aa86873,MP019,evidence,evidence_invalid;relation_not_entailed
MPT-69447a370922c4c1e002,MP001,evidence,evidence_invalid;relation_not_entailed
MPT-6948534fbe897c5c61db,MP005,evidence,evidence_invalid
MPT-695b5e36af73285ebf31,MP004,evidence,evidence_invalid;relation_not_entailed
MPT-6969a4010e193b6a6a30,MP019,evidence,evidence_invalid
MPT-696a0efebf5557a3ae41,MP004,evidence,evidence_invalid;relation_not_entailed
MPT-69724a9e0c1f4c5b9f58,MP007,relation_support,dual_qwen_relation_not_entailed
MPT-697ebda1dc8813770bf0,MP005,schema_type,relation_type_invalid
MPT-697fff1cbc86d333d642,MP006,schema_type,relation_type_invalid
MPT-699f827cc6fe8ea016ad,MP006,schema_type,relation_type_invalid
MPT-69a891e40788eb50ade2,MP019,evidence,evidence_invalid;relation_not_entailed
MPT-69c405f4ef394a1612d9,MP005,schema_type,relation_type_invalid;evidence_invalid;relation_not_entailed
MPT-69c63afa91a5e22167d3,MP003,schema_type,relation_type_invalid
MPT-69cae85b24f20b90b887,MP019,evidence,evidence_invalid;relation_not_entailed
MPT-69cfa95639c9e44dd4c6,MP004,evidence,evidence_invalid;relation_not_entailed
MPT-69de2537a72c210421f7,MP003,evidence,evidence_invalid;relation_not_entailed
MPT-69e6149f0fc63f54ac9c,MP017,evidence,evidence_invalid;relation_not_entailed
MPT-69e6b326ceefdfb92724,MP003,evidence,evidence_invalid
MPT-69f513cd0cc16b6fa27c,MP016,evidence,evidence_invalid;relation_not_entailed
MPT-6a0ca9183a82e40b9fce,MP003,schema_type,relation_type_invalid
MPT-6a1d1139357568327bae,MP021,evidence,evidence_invalid;relation_not_entailed
MPT-6a1d456caa59b11ce5fe,MP019,schema_type,relation_type_invalid
MPT-6a3ecdf05deb62debdcf,MP001,evidence,evidence_invalid;relation_not_entailed
MPT-6a4739f0b95bef3f19e5,MP003,schema_type,relation_type_invalid;evidence_invalid;relation_not_entailed
MPT-6a51abd011548eadac9c,MP016,evidence,evidence_invalid;relation_not_entailed
MPT-6a567809131dd5504d4e,MP004,evidence,evidence_invalid;relation_not_entailed
MPT-6a5f55b95f662659bd81,MP003,evidence,evidence_invalid
MPT-6a75f98e8e966d12cca6,MP003,schema_type,relation_type_invalid;evidence_invalid;relation_not_entailed
MPT-6a79af45175be1dad991,MP002,evidence,evidence_invalid
MPT-6a990af04c146aafca75,MP002,evidence,evidence_invalid
MPT-6aac70160ca027ddd0d9,MP001,evidence,evidence_invalid;relation_not_entailed
MPT-6ac6931dbf8ebb16eacc,MP021,schema_type,relation_type_invalid;evidence_invalid;relation_not_entailed
MPT-6ad1aa4960f0cf236432,MP019,evidence,evidence_invalid
MPT-6ad4b11ddbd3361410fe,MP003,evidence,evidence_invalid
MPT-6ad66ea35fb983808431,MP003,evidence,evidence_invalid;relation_not_entailed
MPT-6ae26929f75db4e3e4d0,MP018,schema_type,relation_type_invalid;evidence_invalid;relation_not_entailed
MPT-6af92db5344a321932ae,MP022,evidence,evidence_invalid;relation_not_entailed
MPT-6afc8c6fd0e96b06685b,MP019,evidence,evidence_invalid;relation_not_entailed
MPT-6b01a12a6a3819b3bcf0,MP002,evidence,evidence_invalid
MPT-6b0fc2034960c6658176,MP003,schema_type,relation_type_invalid;evidence_invalid;relation_not_entailed
MPT-6b2d3cbdd488ef07bfd7,MP004,evidence,evidence_invalid;relation_not_entailed
MPT-6b2e7de8104c00f71626,MP002,evidence,evidence_invalid
MPT-6b43ab6b15fe0b043dcd,MP019,schema_type,relation_type_invalid;evidence_invalid;relation_not_entailed
MPT-6b4ec4bebceb1e7b2266,MP017,schema_type,relation_type_invalid;evidence_invalid;relation_not_entailed
MPT-6b588edcbf362a9e3046,MP004,evidence,evidence_invalid;relation_not_entailed
MPT-6b6932fcf7d2c21f5db3,MP019,evidence,evidence_invalid;relation_not_entailed
MPT-6b6afdcd1aa5abe9180a,MP003,schema_type,relation_type_invalid;evidence_invalid
MPT-6b6c04f9972ee9cb0b96,MP016,evidence,evidence_invalid;relation_not_entailed
MPT-6b81f06546e14bcbabc9,MP001,evidence,evidence_invalid
MPT-6b838c480b6c1089a541,MP019,evidence,evidence_invalid;relation_not_entailed
MPT-6b8c73b78cbda3f74f9d,MP005,evidence,evidence_invalid
MPT-6b921156f68f5aa9c20c,MP001,schema_type,relation_type_invalid;evidence_invalid;relation_not_entailed
MPT-6b9dd8c31340f762101c,MP020,schema_type,relation_type_invalid
MPT-6ba9815bebabec96b495,MP001,evidence,evidence_invalid;relation_not_entailed
MPT-6bb706fd31e37f9a0d51,MP003,evidence,evidence_invalid;relation_not_entailed
MPT-6bfa8153ee22bc86f6d9,MP003,evidence,evidence_invalid
MPT-6c003893e01297381f9f,MP020,evidence,evidence_invalid;relation_not_entailed
MPT-6c0c73bf4152f5e565eb,MP004,evidence,evidence_invalid
MPT-6c18e759121719fd4f7d,MP019,evidence,evidence_invalid
MPT-6c2091316c4b9cc4107a,MP005,evidence,evidence_invalid;relation_not_entailed
MPT-6c236e2cea5eea75b1b9,MP007,evidence,evidence_invalid
MPT-6c30f4d7d171b884b9a0,MP019,evidence,evidence_invalid
MPT-6c32d903b35a2e7162ea,MP002,evidence,evidence_invalid
MPT-6c430473105b78bf27b6,MP019,schema_type,relation_type_invalid;evidence_invalid;relation_not_entailed
MPT-6c49e53071c3cd62d9dd,MP005,evidence,evidence_invalid;relation_not_entailed
MPT-6c6f1a80cf27495b8dfa,MP003,schema_type,relation_type_invalid;evidence_invalid;relation_not_entailed
MPT-6c6f2f1feaca777fb63a,MP003,relation_support,dual_qwen_relation_not_entailed
MPT-6c72a5f2e9306c536726,MP022,evidence,evidence_invalid;relation_not_entailed
MPT-6c75f574eeec66865b9c,MP002,schema_type,relation_type_invalid
MPT-6c7c8b0b83c9f4a6348e,MP002,evidence,evidence_invalid
MPT-6c9acd3c445302796085,MP019,evidence,evidence_invalid;relation_not_entailed
MPT-6cc14d618f09b822870e,MP022,evidence,evidence_invalid;relation_not_entailed
MPT-6cc8ac8cc59c4cd7ad41,MP020,schema_type,relation_type_invalid
MPT-6ccb6a9df10e23393f54,MP007,evidence,evidence_invalid
MPT-6cdb299daa7801cd149f,MP003,evidence,evidence_invalid;relation_not_entailed
MPT-6cf949c7aa184175693c,MP003,evidence,evidence_invalid
MPT-6cff7ee1bee539958a87,MP003,evidence,evidence_invalid;relation_not_entailed
MPT-6d11ef4de717ccf96050,MP003,evidence,evidence_invalid
MPT-6d18db6e2afc82112d00,MP004,evidence,evidence_invalid;relation_not_entailed
MPT-6d2c142aefcac4dce9ea,MP003,schema_type,relation_type_invalid;evidence_invalid
MPT-6d2fb3ff975f28a205ce,MP003,evidence,evidence_invalid
MPT-6d445d6d8b496379cb07,MP017,evidence,evidence_invalid;relation_not_entailed
MPT-6d578a1c3300b1aa5c3c,MP019,evidence,evidence_invalid;relation_not_entailed
MPT-6d58b9ae65f25f832807,MP019,evidence,evidence_invalid
MPT-6d61ac925ffd6b0fe746,MP003,evidence,evidence_invalid;relation_not_entailed
MPT-6d8be028eb6dea36ae9e,MP021,evidence,evidence_invalid
MPT-6d8c527b8e30c221dd3c,MP007,evidence,evidence_invalid
MPT-6d8ff04dfdd608b5033e,MP020,schema_type,relation_type_invalid;evidence_invalid;relation_not_entailed
MPT-6d91184a4c95edb2ba87,MP016,evidence,evidence_invalid;relation_not_entailed
MPT-6d9774a52786ba76915c,MP004,evidence,evidence_invalid
MPT-6da891b3e67f9f19bf87,MP003,evidence,evidence_invalid;relation_not_entailed
MPT-6dcb273638dc95ea9cda,MP003,evidence,evidence_invalid;relation_not_entailed
MPT-6dddc6cd1559f8626d43,MP019,evidence,evidence_invalid;relation_not_entailed
MPT-6de0b436af3627205ba5,MP019,evidence,evidence_invalid
MPT-6de34b5d499bd34e8459,MP019,evidence,evidence_invalid;relation_not_entailed
MPT-6defc6e43f62b0d3272e,MP015,schema_type,relation_type_invalid
MPT-6df4bfe75ac338b475da,MP001,evidence,evidence_invalid
MPT-6df72824dc9907e927b8,MP003,evidence,evidence_invalid;relation_not_entailed
MPT-6df7b76507a8ad01d255,MP017,evidence,evidence_invalid;relation_not_entailed
MPT-6e11db061a6ec5f31c35,MP001,schema_type,relation_type_invalid
MPT-6e1a4b2d5f38ac174b72,MP017,evidence,evidence_invalid;relation_not_entailed
MPT-6e1db55a6fb719f67445,MP002,relation_support,dual_qwen_relation_not_entailed
MPT-6e210acb73fc039bfc38,MP003,evidence,evidence_invalid;relation_not_entailed
MPT-6e3214837318ba1ebc43,MP002,evidence,evidence_invalid
MPT-6e38f5c4608c147ba200,MP007,evidence,evidence_invalid
MPT-6e439a7e6ea95819bccf,MP003,evidence,evidence_invalid
MPT-6e53ab893533e68d9db8,MP003,evidence,evidence_invalid;relation_not_entailed
MPT-6e55233f99cc405a96ba,MP005,schema_type,relation_type_invalid
MPT-6e64574f0453bc826de3,MP001,evidence,evidence_invalid;relation_not_entailed
MPT-6e6827ddd9216b4cbd18,MP015,evidence,evidence_invalid;relation_not_entailed
MPT-6e73b687f9fa108426a8,MP015,evidence,evidence_invalid;relation_not_entailed
MPT-6e75aebf164260233736,MP019,evidence,evidence_invalid
MPT-6e7949196c5fe1388786,MP022,evidence,evidence_invalid;relation_not_entailed
MPT-6e81c7dc78264632267e,MP002,evidence,evidence_invalid
MPT-6e859a90fe73ad327ce4,MP019,evidence,evidence_invalid
MPT-6e86604f9e70de4ff024,MP004,evidence,evidence_invalid;relation_not_entailed
MPT-6e89fc02717cbc1a76fe,MP003,evidence,evidence_invalid;relation_not_entailed
MPT-6e8ec0f7b11714d33244,MP022,evidence,evidence_invalid;relation_not_entailed
MPT-6e9a4eeb8beba397c025,MP005,evidence,evidence_invalid;relation_not_entailed
MPT-6e9e18460560ada6e2f4,MP005,schema_type,relation_type_invalid;evidence_invalid;relation_not_entailed
MPT-6eb2ca383d1781fb6417,MP003,evidence,evidence_invalid
MPT-6eb5b5b715333202e6a5,MP020,schema_type,relation_type_invalid
MPT-6ec1f597cc961e093ce3,MP019,evidence,evidence_invalid;relation_not_entailed
MPT-6ed3b85526a79c7bc5ae,MP005,evidence,evidence_invalid;relation_not_entailed
MPT-6ede9e8cb6d7e021caf2,MP003,schema_type,relation_type_invalid;evidence_invalid;relation_not_entailed
MPT-6ee22713058d011c6f6f,MP001,evidence,evidence_invalid;relation_not_entailed
MPT-6ee76b41512ab58ffd3c,MP005,evidence,evidence_invalid
MPT-6f00272af42801c12a2c,MP016,evidence,evidence_invalid;relation_not_entailed
MPT-6f04d31a09d1004066fe,MP015,schema_type,relation_type_invalid
MPT-6f16efa7de9d2faf9956,MP003,schema_type,relation_type_invalid;evidence_invalid;relation_not_entailed
MPT-6f17758c63eef0b9474d,MP001,evidence,evidence_invalid;relation_not_entailed
MPT-6f2f82c78ebf7fb38e37,MP004,evidence,evidence_invalid
MPT-6f3a0d5663265c9ab679,MP003,schema_type,relation_type_invalid;evidence_invalid
MPT-6f3db93df4ec67c81c1b,MP003,schema_type,relation_type_invalid
MPT-6f56ee94bc81a292adf2,MP003,schema_type,relation_type_invalid
MPT-6f603d8fad39cc2d88bb,MP015,relation_support,dual_qwen_relation_not_entailed
MPT-6f9990b7dc4fea16b682,MP007,evidence,evidence_invalid
MPT-6fa8cd464dcde4905b0a,MP003,evidence,evidence_invalid;relation_not_entailed
MPT-6fca60bb6fe621cb5fe1,MP019,evidence,evidence_invalid
MPT-6fcb834f56d0057f5429,MP019,evidence,evidence_invalid
MPT-6fce31ea1721b85a2166,MP002,evidence,evidence_invalid
MPT-6fd85a1060f10ccafb64,MP002,evidence,evidence_invalid
MPT-6fe339200b13b60bb70a,MP019,schema_type,relation_type_invalid;evidence_invalid;relation_not_entailed
MPT-6fe78be9f30c16feda07,MP021,evidence,evidence_invalid
MPT-6fea5deaa3e97528d942,MP003,evidence,evidence_invalid;relation_not_entailed
MPT-6ff9a793ecfa4997e988,MP005,evidence,evidence_invalid;relation_not_entailed
MPT-6ffffb8d094df4a808e0,MP019,evidence,evidence_invalid;relation_not_entailed
MPT-7003842e4d946bbfb1fc,MP002,evidence,evidence_invalid
MPT-702d66ab518446fab996,MP017,evidence,evidence_invalid;relation_not_entailed
MPT-70389218d01dec9c3d52,MP019,schema_type,relation_type_invalid;evidence_invalid
MPT-7047e638a709ee9af28a,MP001,schema_type,relation_type_invalid
MPT-70481f08957afefca0bf,MP017,evidence,evidence_invalid;relation_not_entailed
MPT-705c9d9c74fe5bbf9e90,MP002,evidence,evidence_invalid
MPT-706cd10e9ef39be95994,MP003,schema_type,relation_type_invalid;evidence_invalid;relation_not_entailed
MPT-7073c94cf93f0e9e5280,MP005,schema_type,relation_type_invalid;evidence_invalid;relation_not_entailed
MPT-708a80a0c6948ac0784f,MP022,evidence,evidence_invalid;relation_not_entailed
MPT-70925a101031fc24810c,MP002,evidence,evidence_invalid
MPT-70925c1a744a0f9e162c,MP019,evidence,evidence_invalid
MPT-709c947116ab3e5ca9c1,MP002,evidence,evidence_invalid
MPT-70a3c2515a9be87900bd,MP019,schema_type,relation_type_invalid;evidence_invalid
MPT-70bb5a6fb9bede580db5,MP004,evidence,evidence_invalid;relation_not_entailed
MPT-70c3eb804b0b979a0974,MP003,schema_type,relation_type_invalid;evidence_invalid
MPT-70c93d03048a617b6602,MP002,schema_type,relation_type_invalid;evidence_invalid
MPT-70db110ec32f90731453,MP019,evidence,evidence_invalid;relation_not_entailed
MPT-70df659157eee34513e2,MP019,evidence,evidence_invalid
MPT-70e8c285483a2dc77141,MP019,evidence,evidence_invalid
MPT-70f32c6da31ca734bfd2,MP001,evidence,evidence_invalid;relation_not_entailed
MPT-70f85731125caf6c8121,MP001,schema_type,relation_type_invalid;evidence_invalid
MPT-710134c990a55921f1d9,MP004,evidence,evidence_invalid;relation_not_entailed
MPT-710f0eede6b229f93439,MP016,evidence,evidence_invalid;relation_not_entailed
MPT-712c3ac75ddd113c7e88,MP001,evidence,evidence_invalid
MPT-713921f2eacdc809cdf0,MP019,evidence,evidence_invalid;relation_not_entailed
MPT-7139ddfae352b80326d6,MP007,evidence,evidence_invalid;relation_not_entailed
MPT-7145bd6d005a3aeb547c,MP003,schema_type,relation_type_invalid
MPT-7157e363d0f69eef88f8,MP019,schema_type,relation_type_invalid;evidence_invalid
MPT-715ddd8a588e254cbfcf,MP019,evidence,evidence_invalid
MPT-717764733860119cf3da,MP016,evidence,evidence_invalid;relation_not_entailed
MPT-718859bfab1ebda583e0,MP002,evidence,evidence_invalid
MPT-7198f071264b0b5c50be,MP003,schema_type,relation_type_invalid;evidence_invalid
MPT-71a5523a52faeec8d1ec,MP007,evidence,evidence_invalid;relation_not_entailed
MPT-71dc4f81943c7a510e9b,MP003,relation_support,dual_qwen_relation_not_entailed
MPT-71dfc63e0d2252fa5452,MP004,evidence,evidence_invalid;relation_not_entailed
MPT-71e30cb6f3174c79ae92,MP002,schema_type,relation_type_invalid;evidence_invalid
MPT-71e6f670bc376f8c20a7,MP004,evidence,evidence_invalid;relation_not_entailed
MPT-71eb8bb17532c7d3bbe3,MP019,evidence,evidence_invalid
MPT-72033fde59486511d0f8,MP001,evidence,evidence_invalid;relation_not_entailed
MPT-721f956677beec9914c3,MP004,evidence,evidence_invalid
MPT-722cb1ffb2b20b3983e8,MP002,evidence,evidence_invalid
MPT-723ce8e9687caff9c9e3,MP021,evidence,evidence_invalid;relation_not_entailed
MPT-72550c5500b76de989ad,MP004,evidence,evidence_invalid;relation_not_entailed
MPT-72567667441670aa447f,MP002,schema_type,relation_type_invalid;evidence_invalid;relation_not_entailed
MPT-725d668376ce7c79c074,MP019,schema_type,relation_type_invalid;evidence_invalid;relation_not_entailed
MPT-726e5d03e5ebec2b87a6,MP019,schema_type,relation_type_invalid
MPT-7273f63a59f3a32a9271,MP016,evidence,evidence_invalid;relation_not_entailed
MPT-728f1de0c7d11487c65d,MP002,evidence,evidence_invalid
MPT-7290a9014c2f1f8a0b30,MP002,evidence,evidence_invalid
MPT-72977b68844d46bc1660,MP019,evidence,evidence_invalid
MPT-729b172eac27f7ee9918,MP001,evidence,evidence_invalid;relation_not_entailed
MPT-729c5fb35a9a5413e2f4,MP019,evidence,evidence_invalid
MPT-729c7640c9b532dad3dd,MP015,schema_type,relation_type_invalid
MPT-72a6d46a109c5cf02bdc,MP019,evidence,evidence_invalid
MPT-72aa4d80f473b37ec9ee,MP001,evidence,evidence_invalid
MPT-72ad4375f6a5b9ee3ac9,MP005,evidence,evidence_invalid;relation_not_entailed
MPT-72bc41f917fb6a3df45c,MP003,evidence,evidence_invalid
MPT-72bea0aff1fee34f5bdc,MP004,evidence,evidence_invalid
MPT-72c242434175501efbe4,MP002,evidence,evidence_invalid
MPT-72c8f4488094b28f3896,MP003,schema_type,relation_type_invalid;evidence_invalid
MPT-72d9b8c1d55a835086d9,MP019,evidence,evidence_invalid;relation_not_entailed
MPT-72de8081ec9d10d39527,MP001,evidence,evidence_invalid;relation_not_entailed
MPT-72e16ef0fbd3839d597c,MP003,evidence,evidence_invalid
MPT-72e6494400c977ada216,MP002,evidence,evidence_invalid
MPT-72f7b42b0b3a72371b42,MP019,evidence,evidence_invalid
MPT-730556f4d26e305f468b,MP019,evidence,evidence_invalid
MPT-731446cb188a761642bf,MP019,evidence,evidence_invalid
MPT-733a835a8240455014eb,MP016,evidence,evidence_invalid;relation_not_entailed
MPT-734331269cd7d2539462,MP001,evidence,evidence_invalid;relation_not_entailed
MPT-735521c77a71a8925eaf,MP005,evidence,evidence_invalid;relation_not_entailed
MPT-737235efa01356032225,MP019,evidence,evidence_invalid;relation_not_entailed
MPT-737ae667efab15ea6004,MP019,evidence,evidence_invalid
MPT-7381f01bf5f595064fc0,MP019,evidence,evidence_invalid;relation_not_entailed
MPT-7383cab81e1e8332e597,MP005,evidence,evidence_invalid
MPT-738864cd414d082143f4,MP004,evidence,evidence_invalid;relation_not_entailed
MPT-73897203094ab80d4318,MP007,evidence,evidence_invalid
MPT-73964d650e7731b7bd92,MP015,relation_support,dual_qwen_relation_not_entailed
MPT-739671f2d252fad756f3,MP016,evidence,evidence_invalid;relation_not_entailed
MPT-73a2110427561b662f38,MP022,schema_type,relation_type_invalid
MPT-73c9868c07086f504f78,MP019,schema_type,relation_type_invalid;evidence_invalid;relation_not_entailed
MPT-73d277e93cf70949a50d,MP004,evidence,evidence_invalid;relation_not_entailed
MPT-73dda4f60a3241eb89c0,MP001,schema_type,relation_type_invalid;evidence_invalid;relation_not_entailed
MPT-73e055e54229ba2128f9,MP021,schema_type,relation_type_invalid;evidence_invalid;relation_not_entailed
MPT-73e3ec1ec0cca7e05c1b,MP001,schema_type,relation_type_invalid;evidence_invalid
MPT-73fa0d655138cafee529,MP001,evidence,evidence_invalid;relation_not_entailed
MPT-74028f651993332252ee,MP003,evidence,evidence_invalid;relation_not_entailed
MPT-7406e32816b0b3b018a4,MP018,evidence,evidence_invalid;relation_not_entailed
MPT-74197015098b605b8622,MP003,schema_type,relation_type_invalid;evidence_invalid;relation_not_entailed
MPT-74443624b5d3873ca39a,MP019,schema_type,relation_type_invalid
MPT-74496a99ea4c1ca6334d,MP019,evidence,evidence_invalid
MPT-745f13f2f6413680e96b,MP005,evidence,evidence_invalid;relation_not_entailed
MPT-7461b94b615f76c18374,MP003,schema_type,relation_type_invalid
MPT-7464d77fb33c08170063,MP004,evidence,evidence_invalid;relation_not_entailed
MPT-746c21c08c852fcba68a,MP003,schema_type,relation_type_invalid
MPT-746c9be954f3f2ddeab0,MP005,schema_type,relation_type_invalid
MPT-746d9468c06a28284043,MP002,evidence,evidence_invalid
MPT-7475b76221f626ca99b6,MP004,evidence,evidence_invalid
MPT-7496c7bca6ef8bd91c41,MP007,evidence,evidence_invalid;relation_not_entailed
MPT-74a44a1565a4693878fc,MP003,evidence,evidence_invalid;relation_not_entailed
MPT-74ae98e651605dac3a0a,MP015,schema_type,relation_type_invalid
MPT-74be30dc50c2b9abf934,MP022,evidence,evidence_invalid;relation_not_entailed
MPT-74c7e1604caed776c52f,MP003,evidence,evidence_invalid
MPT-74cedc91d39a4ebc12da,MP020,evidence,evidence_invalid;relation_not_entailed
MPT-74d4741c89aa9a934532,MP007,evidence,evidence_invalid;relation_not_entailed
MPT-74f97618e35a46274b76,MP019,evidence,evidence_invalid
MPT-7504c5b88ae400412125,MP003,schema_type,relation_type_invalid
MPT-75102f2224a3315a8f22,MP005,evidence,evidence_invalid;relation_not_entailed
MPT-75335ade65224a04b962,MP015,evidence,evidence_invalid;relation_not_entailed
MPT-753412b82a9742ea2b69,MP007,evidence,evidence_invalid
MPT-7549bbda08bab0c28053,MP001,evidence,evidence_invalid;relation_not_entailed
MPT-754a78bcaf2466ad2014,MP002,evidence,evidence_invalid
MPT-754e9153b544367a619e,MP003,schema_type,relation_type_invalid;evidence_invalid
MPT-755bc4653b923b565afe,MP003,schema_type,relation_type_invalid;evidence_invalid
MPT-7560e8c4d954f668400e,MP002,evidence,evidence_invalid
MPT-756db51975537aba84aa,MP003,evidence,evidence_invalid;relation_not_entailed
MPT-7571e36a19dd43111968,MP003,schema_type,relation_type_invalid
MPT-757aefa06140dabfb1e5,MP001,evidence,evidence_invalid
MPT-757f108d77139d91eb7b,MP019,evidence,evidence_invalid
MPT-758ae6e1a8e51edf99f8,MP019,evidence,evidence_invalid
MPT-758db0d10655db7b5878,MP019,evidence,evidence_invalid;relation_not_entailed
MPT-759ba12dd4a2c8f3309a,MP003,schema_type,relation_type_invalid;evidence_invalid
MPT-75a0c890239822983c8c,MP019,evidence,evidence_invalid
MPT-75c39fbecc7ebe3c7f85,MP019,schema_type,relation_type_invalid;evidence_invalid;relation_not_entailed
MPT-75ca4f84876db6ca24c4,MP003,schema_type,relation_type_invalid;evidence_invalid
MPT-75e5343856d661875453,MP007,evidence,evidence_invalid;relation_not_entailed
MPT-75ed0ea50b8e8c491550,MP002,evidence,evidence_invalid
MPT-7634e6cfc6b7f0002dd6,MP001,evidence,evidence_invalid;relation_not_entailed
MPT-7638da58d26ef9443628,MP001,evidence,evidence_invalid;relation_not_entailed
MPT-764694f24e13eac52d29,MP003,schema_type,relation_type_invalid;evidence_invalid
MPT-76485fa9d3fa3f439df2,MP019,evidence,evidence_invalid
MPT-7667a7877dd71c9df105,MP002,evidence,evidence_invalid;relation_not_entailed
MPT-7682a767b3204e913777,MP019,evidence,evidence_invalid
MPT-768de2f953374955ac94,MP019,evidence,evidence_invalid
MPT-768f376b911201febf43,MP019,evidence,evidence_invalid;relation_not_entailed
MPT-7696a5e91df31e448499,MP003,schema_type,relation_type_invalid;evidence_invalid;relation_not_entailed
MPT-76a2a53d877aee80e07b,MP022,relation_support,dual_qwen_relation_not_entailed
MPT-76b0e6f14252a44effad,MP019,evidence,evidence_invalid
MPT-76b4c111c52b29b8d8b5,MP002,evidence,evidence_invalid
MPT-76b794d9830f76b2fe10,MP019,evidence,evidence_invalid;relation_not_entailed
MPT-76c19393cf2dbc11f6c7,MP002,evidence,evidence_invalid
MPT-76d174e0e65f88062545,MP019,schema_type,relation_type_invalid;evidence_invalid
MPT-76da3e37525d935a1e86,MP005,evidence,evidence_invalid;relation_not_entailed
MPT-76dae61bd019c99aa097,MP019,evidence,evidence_invalid;relation_not_entailed
MPT-76ea9988c5dc972d929c,MP005,evidence,evidence_invalid;relation_not_entailed
MPT-76fc59efb58e18dfbeeb,MP017,evidence,evidence_invalid;relation_not_entailed
MPT-77014900287493b5d779,MP019,evidence,evidence_invalid
MPT-7706ee06062582b26458,MP002,evidence,evidence_invalid
MPT-7732ac6c812416ed4daf,MP002,schema_type,relation_type_invalid;evidence_invalid;relation_not_entailed
MPT-775027e0e014b9a70e89,MP015,schema_type,relation_type_invalid
MPT-775060baab241a8b2f37,MP019,evidence,evidence_invalid
MPT-775e7d70b28a1f45512b,MP002,schema_type,relation_type_invalid;evidence_invalid
MPT-77767ee3f4c33e921316,MP003,relation_support,dual_qwen_relation_not_entailed
MPT-7789adb6f152f54cafc2,MP001,schema_type,relation_type_invalid;evidence_invalid;relation_not_entailed
MPT-7791457d32f2931e32b7,MP002,evidence,evidence_invalid
MPT-7798f1f18a82937c5ad7,MP019,evidence,evidence_invalid
MPT-779c27e798e0a0aabf5f,MP016,evidence,evidence_invalid;relation_not_entailed
MPT-77aca2f4c53211c0725d,MP001,evidence,evidence_invalid;relation_not_entailed
MPT-77b1795530e7791319b4,MP019,evidence,evidence_invalid
MPT-77cd40999a96125ea51a,MP005,schema_type,relation_type_invalid
MPT-77d290372d48a74a0349,MP019,evidence,evidence_invalid;relation_not_entailed
MPT-77e048aba8437543d87d,MP001,evidence,evidence_invalid;relation_not_entailed
MPT-77f19a5156f893cec69d,MP003,schema_type,relation_type_invalid;evidence_invalid
MPT-77f440794d15b9761427,MP005,evidence,evidence_invalid
MPT-77fbd81b0c803afd2958,MP005,schema_type,relation_type_invalid;evidence_invalid;relation_not_entailed
MPT-78051a65664e5d107370,MP019,evidence,evidence_invalid
MPT-7808d67fb0b7addd1a12,MP003,evidence,evidence_invalid;relation_not_entailed
MPT-7816856445d88d3c412f,MP003,schema_type,relation_type_invalid;evidence_invalid;relation_not_entailed
MPT-7820b888a1e42d5fa7b6,MP003,schema_type,relation_type_invalid;evidence_invalid;relation_not_entailed
MPT-78399c1f2a255bb56d50,MP019,evidence,evidence_invalid
MPT-784a35e8a78ed74e2266,MP003,schema_type,relation_type_invalid;evidence_invalid
MPT-784e8b11389da70efb89,MP002,evidence,evidence_invalid
MPT-78533307b2960716f2ed,MP002,evidence,evidence_invalid
MPT-78895964f482496fd009,MP003,schema_type,relation_type_invalid;evidence_invalid;relation_not_entailed
MPT-7894dbde53ce210b41ac,MP004,evidence,evidence_invalid;relation_not_entailed
MPT-7897e3808ab1aa66d1a6,MP020,schema_type,relation_type_invalid
MPT-78a3fc6e99e8f28d9c76,MP007,evidence,evidence_invalid;relation_not_entailed
MPT-78c94c39262f36b2c183,MP004,evidence,evidence_invalid;relation_not_entailed
MPT-78c9df1f0da7e3af38c6,MP005,evidence,evidence_invalid;relation_not_entailed
MPT-78cbbc400d9b1bb6b0c1,MP003,evidence,evidence_invalid
MPT-78d9e1af56260e223b23,MP002,evidence,evidence_invalid
MPT-78e3ecc36174cc64c6b1,MP002,schema_type,relation_type_invalid
MPT-78e91329b08c2b4c9020,MP021,evidence,evidence_invalid
MPT-78eb970d862700dafdd5,MP003,relation_support,dual_qwen_relation_not_entailed
MPT-78f30817485946f81bd9,MP004,evidence,evidence_invalid;relation_not_entailed
MPT-79000ba427ca54fe164d,MP001,evidence,evidence_invalid
MPT-7908f9cec0d18547b1b8,MP002,evidence,evidence_invalid
MPT-7911282350d031cfe4d0,MP001,schema_type,relation_type_invalid
MPT-791fe13ab3d383624f7d,MP020,evidence,evidence_invalid;relation_not_entailed
MPT-7925982f36e9166d8a72,MP001,evidence,evidence_invalid
MPT-79298bcd62d6d010edc3,MP003,schema_type,relation_type_invalid
MPT-7931de0aad47fccceb0e,MP019,evidence,evidence_invalid;relation_not_entailed
MPT-7936ceca872354011419,MP003,relation_support,dual_qwen_relation_not_entailed
MPT-794900c4b03959087f3f,MP019,evidence,evidence_invalid
MPT-7952f8ebc12da9fd60e9,MP017,evidence,evidence_invalid;relation_not_entailed
MPT-796e8cdf175b80155713,MP003,evidence,evidence_invalid;relation_not_entailed
MPT-7971f3e3be904b6f9742,MP019,evidence,evidence_invalid;relation_not_entailed
MPT-7972416ed914cb121e55,MP004,evidence,evidence_invalid
MPT-7978e91c8becbbbb63e1,MP002,evidence,evidence_invalid
MPT-79850c7bb80a98ed569f,MP022,evidence,evidence_invalid;relation_not_entailed
MPT-799d8b787ab41405a3a6,MP019,evidence,evidence_invalid
MPT-799e6e0d5eb643cd2440,MP021,evidence,evidence_invalid;relation_not_entailed
MPT-79a41d03a11da4822fd2,MP019,evidence,evidence_invalid
MPT-79a441f813c8aa7f98d2,MP007,evidence,evidence_invalid
MPT-79ad99dc1041fa5a9ba4,MP005,evidence,evidence_invalid
MPT-79b097919f8e1c793eff,MP003,evidence,evidence_invalid;relation_not_entailed
MPT-79c8f686fa2e75caf3a8,MP019,evidence,evidence_invalid
MPT-7a0bae3cd58f8c5d4419,MP016,evidence,evidence_invalid;relation_not_entailed
MPT-7a1a1bd7ec94372d9a5e,MP003,schema_type,relation_type_invalid
MPT-7a1a8a5c2fd927f9d048,MP003,schema_type,relation_type_invalid
MPT-7a37ba2c56607021d613,MP005,evidence,evidence_invalid;relation_not_entailed
MPT-7a50c636accc6ce487fb,MP002,evidence,evidence_invalid
MPT-7a51668765a891b25b29,MP003,schema_type,relation_type_invalid;evidence_invalid
MPT-7a547c14bec6fec47834,MP003,schema_type,relation_type_invalid;evidence_invalid
MPT-7a6ad6c323d7b420789b,MP003,evidence,evidence_invalid;relation_not_entailed
MPT-7a7a58c4ff0a5a6271ca,MP003,evidence,evidence_invalid;relation_not_entailed
MPT-7a7c1992f79ccc49f20e,MP003,schema_type,relation_type_invalid;evidence_invalid;relation_not_entailed
MPT-7a9035982f5f32dfea15,MP003,evidence,evidence_invalid;relation_not_entailed
MPT-7a90c1655e382446dbc1,MP003,schema_type,relation_type_invalid;evidence_invalid;relation_not_entailed
MPT-7aa2525cf69d34988b07,MP005,evidence,evidence_invalid;relation_not_entailed
MPT-7aae052d4f86fb2759bb,MP018,evidence,evidence_invalid;relation_not_entailed
MPT-7ab2a1dbbc2e79295f62,MP019,evidence,evidence_invalid
MPT-7ab7ce7a2335911cb9e7,MP004,evidence,evidence_invalid
MPT-7acc51b5fe62dfff0271,MP001,schema_type,relation_type_invalid;evidence_invalid;relation_not_entailed
MPT-7ad395f78e633a00fd75,MP001,schema_type,relation_type_invalid
MPT-7af7545580a0af538fce,MP003,evidence,evidence_invalid;relation_not_entailed
MPT-7b0e10f4a4e6a7b91300,MP016,evidence,evidence_invalid;relation_not_entailed
MPT-7b2e8acfa6ecc737cbb5,MP021,evidence,evidence_invalid;relation_not_entailed
MPT-7b30e0990d30832a55e9,MP019,evidence,evidence_invalid
MPT-7b37cd1d1b34c38574e2,MP007,evidence,evidence_invalid
MPT-7b3d115d4205fe1e1698,MP016,evidence,evidence_invalid;relation_not_entailed
MPT-7b4ac90d55daf533be14,MP020,evidence,evidence_invalid;relation_not_entailed
MPT-7b4b89d13d25785781e4,MP019,evidence,evidence_invalid
MPT-7b4bd832db5d3dcda417,MP003,evidence,evidence_invalid;relation_not_entailed
MPT-7b5d976f992e68cf7223,MP002,evidence,evidence_invalid
MPT-7b5efe2103d566eac1a6,MP001,schema_type,relation_type_invalid;evidence_invalid;relation_not_entailed
MPT-7b66bc54ac2acc184075,MP021,evidence,evidence_invalid
MPT-7b672c267f69bcfc7224,MP005,evidence,evidence_invalid
MPT-7b67ebb174cf30c811cd,MP003,schema_type,relation_type_invalid;evidence_invalid
MPT-7b8f720b3084657480d9,MP017,evidence,evidence_invalid;relation_not_entailed
MPT-7ba1aa2bffbb1dac7480,MP003,evidence,evidence_invalid
MPT-7bca1b643aadde63e9f4,MP007,schema_type,relation_type_invalid
MPT-7be5f14afc07214f5629,MP002,schema_type,relation_type_invalid;evidence_invalid
MPT-7bed07e3068699807382,MP003,evidence,evidence_invalid;relation_not_entailed
MPT-7c12474214737dce0e5b,MP003,evidence,evidence_invalid;relation_not_entailed
MPT-7c3d2c2de2351a947e00,MP020,evidence,evidence_invalid;relation_not_entailed
MPT-7c5048c9bf5532530679,MP019,schema_type,relation_type_invalid
MPT-7c5482fe22c2dc0562c9,MP019,schema_type,relation_type_invalid
MPT-7c5cb820d294db1c4a87,MP006,evidence,evidence_invalid
MPT-7c6ca7b6f60aeceb2789,MP001,evidence,evidence_invalid
MPT-7c72597214e242e5c65c,MP019,schema_type,relation_type_invalid;evidence_invalid;relation_not_entailed
MPT-7c79b0eb4ad29db434fc,MP003,evidence,evidence_invalid;relation_not_entailed
MPT-7c7d24f8a0c5b1a9a1e3,MP003,evidence,evidence_invalid;relation_not_entailed
MPT-7c99988e84862f092ff6,MP003,schema_type,relation_type_invalid;evidence_invalid;relation_not_entailed
MPT-7c9c8b2ebfb8f17ba9f8,MP020,relation_support,dual_qwen_relation_not_entailed
MPT-7ca592fe284f45d37347,MP005,evidence,evidence_invalid
MPT-7ca790d3d437703bbff9,MP001,evidence,evidence_invalid;relation_not_entailed
MPT-7cbddce1441e10f8d619,MP003,evidence,evidence_invalid;relation_not_entailed
MPT-7cdeb56ecba2c9f8ef9e,MP001,evidence,evidence_invalid;relation_not_entailed
MPT-7cf39c9efa6f9950c742,MP007,evidence,evidence_invalid
MPT-7cf7964abe353460a6ce,MP019,evidence,evidence_invalid
MPT-7d04302c39f72f6187f6,MP003,schema_type,relation_type_invalid;evidence_invalid;relation_not_entailed
MPT-7d0df1eb3057368af2b7,MP002,evidence,evidence_invalid
MPT-7d254cbef344736af2ba,MP003,evidence,evidence_invalid;relation_not_entailed
MPT-7d33f019b08bb6501f96,MP005,evidence,evidence_invalid;relation_not_entailed
MPT-7d45efe8965130fce738,MP005,evidence,evidence_invalid;relation_not_entailed
MPT-7d4e33fe2ff4e3c00e4d,MP005,evidence,evidence_invalid
MPT-7d74a6e640a3a11a6e9a,MP019,evidence,evidence_invalid
MPT-7d8075f6ed0c003c443c,MP007,evidence,evidence_invalid;relation_not_entailed
MPT-7d80aec8b3969738f61d,MP019,evidence,evidence_invalid
MPT-7d81f5318457a90c9364,MP002,evidence,evidence_invalid
MPT-7d83da9442d2dd6af7aa,MP003,evidence,evidence_invalid;relation_not_entailed
MPT-7d89bed204ba401c3133,MP019,evidence,evidence_invalid
MPT-7d9b42465ca6b26a5cfe,MP003,schema_type,relation_type_invalid;evidence_invalid
MPT-7da0526d0670aa511775,MP017,evidence,evidence_invalid;relation_not_entailed
MPT-7dab766e1b2d7b9fe025,MP017,evidence,evidence_invalid;relation_not_entailed
MPT-7dadfa1902045badeee8,MP016,evidence,evidence_invalid;relation_not_entailed
MPT-7dbe0676c0004e87615a,MP019,schema_type,relation_type_invalid;evidence_invalid
MPT-7dc7ef0f2b3a423bb5c0,MP001,evidence,evidence_invalid;relation_not_entailed
MPT-7dd12ddfb15aa0e9ac88,MP003,evidence,evidence_invalid
MPT-7dd3094228feb8600bdb,MP002,evidence,evidence_invalid
MPT-7de089efdd3ce985b81e,MP019,evidence,evidence_invalid
MPT-7df1a2747cbf68a3ad9f,MP003,schema_type,relation_type_invalid;evidence_invalid;relation_not_entailed
MPT-7dfac0ea9d54b64004ee,MP003,schema_type,relation_type_invalid
MPT-7e047bbc6dff3d9a2562,MP019,evidence,evidence_invalid
MPT-7e09be6f44daf9116cb6,MP005,schema_type,relation_type_invalid
MPT-7e0ede439b2e273439e1,MP003,schema_type,relation_type_invalid
MPT-7e0fd002e23af331ec26,MP003,relation_support,dual_qwen_relation_not_entailed
MPT-7e2f138017a3edd943ad,MP002,evidence,evidence_invalid;relation_not_entailed
MPT-7e384c868aae8833c558,MP003,schema_type,relation_type_invalid
MPT-7e3d136b43cb466bd0a1,MP016,evidence,evidence_invalid;relation_not_entailed
MPT-7e3f9acec255d0502b1b,MP021,evidence,evidence_invalid;relation_not_entailed
MPT-7e40a9321e76ecd5459c,MP003,schema_type,relation_type_invalid
MPT-7e56e6d53e80258692c7,MP019,evidence,evidence_invalid;relation_not_entailed
MPT-7e5937920e1ea8c23cc7,MP001,evidence,evidence_invalid;relation_not_entailed
MPT-7e6e0c120e7154d478f5,MP002,evidence,evidence_invalid;relation_not_entailed
MPT-7e72cb833f6e130e0781,MP021,evidence,evidence_invalid;relation_not_entailed
MPT-7e99257752cd40c7deb1,MP003,schema_type,relation_type_invalid
MPT-7eaa9cfe87ee81725e63,MP003,evidence,evidence_invalid
MPT-7ecefc5755fdc4208e20,MP002,evidence,evidence_invalid
MPT-7ed3986c53c74d401345,MP003,evidence,evidence_invalid;relation_not_entailed
MPT-7ed7e1f7384351751179,MP005,evidence,evidence_invalid;relation_not_entailed
MPT-7efae4ca485bffe2ea86,MP002,schema_type,relation_type_invalid;evidence_invalid
MPT-7f049b4befcc5551d383,MP019,evidence,evidence_invalid;relation_not_entailed
MPT-7f07fa96bdbf70242a14,MP019,evidence,evidence_invalid;relation_not_entailed
MPT-7f1ae13a4964dc14c5f3,MP003,relation_support,dual_qwen_relation_not_entailed
MPT-7f5883812713d892dcdf,MP001,evidence,evidence_invalid
MPT-7f5b4c7f330a6899f4cb,MP019,evidence,evidence_invalid;relation_not_entailed
MPT-7f635e56f9773627e420,MP017,evidence,evidence_invalid;relation_not_entailed
MPT-7f67751932f7dd4b3a0e,MP020,schema_type,relation_type_invalid;evidence_invalid;relation_not_entailed
MPT-7f765b9d4e36da453005,MP021,evidence,evidence_invalid;relation_not_entailed
MPT-7f797e8877fc72e531f7,MP003,schema_type,relation_type_invalid;evidence_invalid;relation_not_entailed
MPT-7f7d624e3c71938b6acc,MP019,evidence,evidence_invalid
MPT-7f813d43b6c9a43f16c9,MP018,evidence,evidence_invalid;relation_not_entailed
MPT-7f81a5569225615d0683,MP003,evidence,evidence_invalid;relation_not_entailed
MPT-7fbda10dc89b17127358,MP019,schema_type,relation_type_invalid;evidence_invalid
MPT-7fd174976253604abef2,MP003,schema_type,relation_type_invalid
MPT-7fd601baf9a42162cd98,MP002,schema_type,relation_type_invalid
MPT-7fd6294d3dff0b0e5071,MP019,evidence,evidence_invalid;relation_not_entailed
MPT-7fd9e3a14fb9823e73bb,MP016,evidence,evidence_invalid;relation_not_entailed
MPT-7fe98ad91ad5b37f3e81,MP019,evidence,evidence_invalid
MPT-7feeb41c3b1cbfdc8f6a,MP003,evidence,evidence_invalid;relation_not_entailed
MPT-80023fda4e884f0a0174,MP004,evidence,evidence_invalid;relation_not_entailed
MPT-801ba3cf62f51049783c,MP001,schema_type,relation_type_invalid
MPT-80298fbc58a9f51b4a48,MP002,evidence,evidence_invalid
MPT-8035352808622894facc,MP001,evidence,evidence_invalid
MPT-80428e97fd3a1c6face9,MP019,evidence,evidence_invalid
MPT-80455d888eb82a45e560,MP003,evidence,evidence_invalid
MPT-804b96061f4474aba2b7,MP003,schema_type,relation_type_invalid;evidence_invalid;relation_not_entailed
MPT-804dc865b32dc32bf123,MP016,schema_type,relation_type_invalid;evidence_invalid;relation_not_entailed
MPT-804eac9468c3c8f6d3aa,MP003,schema_type,relation_type_invalid;evidence_invalid;relation_not_entailed
MPT-805602eb68f03491d248,MP005,evidence,evidence_invalid;relation_not_entailed
MPT-8073aed90b6f6b1ab986,MP001,schema_type,relation_type_invalid;evidence_invalid;relation_not_entailed
MPT-80929f5a105f061592ae,MP001,evidence,evidence_invalid;relation_not_entailed
MPT-80a5decea489e33fce52,MP004,schema_type,relation_type_invalid
MPT-80b0e3e34e5980f00748,MP002,evidence,evidence_invalid
MPT-80d67f1c4e8ba55b3c0f,MP001,evidence,evidence_invalid;relation_not_entailed
MPT-80e1d7219674367b8fbb,MP002,evidence,evidence_invalid
MPT-80e67c9416bfc1b4d1a9,MP021,evidence,evidence_invalid;relation_not_entailed
MPT-80eda66258078b583cf0,MP003,relation_support,dual_qwen_relation_not_entailed
MPT-80fe1cd6d435917ff725,MP017,schema_type,relation_type_invalid;evidence_invalid;relation_not_entailed
MPT-812ae0ebdd419f42a4d3,MP021,evidence,evidence_invalid
MPT-815efe2b1e21fa4351a0,MP015,schema_type,relation_type_invalid;evidence_invalid;relation_not_entailed
MPT-8163b67f7833b8b9656b,MP022,evidence,evidence_invalid;relation_not_entailed
MPT-8165308e0e5340d612c8,MP020,schema_type,relation_type_invalid
MPT-816824711081f8964fb5,MP005,schema_type,relation_type_invalid;evidence_invalid;relation_not_entailed
MPT-81730a92f8099d392b4a,MP003,evidence,evidence_invalid
MPT-818543b6b056c56937ea,MP003,evidence,evidence_invalid
MPT-8191b47c858f5757739d,MP022,evidence,evidence_invalid;relation_not_entailed
MPT-81ce3a741a9d388b0db0,MP004,evidence,evidence_invalid;relation_not_entailed
MPT-81ea3d4dea034f7c41b0,MP018,schema_type,relation_type_invalid;evidence_invalid
MPT-81f5902214773130e3d4,MP019,evidence,evidence_invalid
MPT-81fb687bc74b780cb69e,MP015,schema_type,relation_type_invalid
MPT-81fc5a24c459f4eb15b2,MP007,evidence,evidence_invalid
MPT-81fe4605c18227929e27,MP003,schema_type,relation_type_invalid
MPT-8202dbba9c67fa40ab0f,MP015,relation_support,dual_qwen_relation_not_entailed
MPT-820601c1eff570d46300,MP005,evidence,evidence_invalid;relation_not_entailed
MPT-82297da55d08f3a67b12,MP019,evidence,evidence_invalid;relation_not_entailed
MPT-82339650737be20ac463,MP019,evidence,evidence_invalid
MPT-824b970dd83452956ba5,MP005,schema_type,relation_type_invalid;evidence_invalid;relation_not_entailed
MPT-824bca4d3b4c2cdf462b,MP006,evidence,evidence_invalid;relation_not_entailed
MPT-82557055563f736ead20,MP003,schema_type,relation_type_invalid;evidence_invalid
MPT-825621ebef44c4e42685,MP019,schema_type,relation_type_invalid;evidence_invalid
MPT-825cdedbb351bb9079b1,MP006,schema_type,relation_type_invalid
MPT-826588154df4dfd3f75b,MP003,schema_type,relation_type_invalid;evidence_invalid
MPT-82789fe26e8a95954064,MP019,evidence,evidence_invalid;relation_not_entailed
MPT-82859493a26ab9dc77a5,MP003,relation_support,dual_qwen_relation_not_entailed
MPT-82865fcdd8114b626bd6,MP001,evidence,evidence_invalid;relation_not_entailed
MPT-8286c4daf2b5ceb76dc5,MP021,evidence,evidence_invalid;relation_not_entailed
MPT-829bd38d1cb477614ba7,MP005,evidence,evidence_invalid
MPT-82aedd838974d7872146,MP003,evidence,evidence_invalid;relation_not_entailed
MPT-82d679462b8b56ba592b,MP005,evidence,evidence_invalid;relation_not_entailed
MPT-82e14c9deca855a1b2d2,MP003,schema_type,relation_type_invalid;evidence_invalid;relation_not_entailed
MPT-82fa9dc46a2c423eddf0,MP017,evidence,evidence_invalid;relation_not_entailed
MPT-8301d6c20e40acb07172,MP001,evidence,evidence_invalid;relation_not_entailed
MPT-832a0a25578671c97132,MP003,schema_type,relation_type_invalid;evidence_invalid;relation_not_entailed
MPT-832bdf88f0cab86fa4a5,MP005,evidence,evidence_invalid
MPT-832d753542597b9994cf,MP003,evidence,evidence_invalid
MPT-8342fc3dd71f1996a2ca,MP003,schema_type,relation_type_invalid;evidence_invalid
MPT-83447491b25223546eed,MP007,schema_type,relation_type_invalid
MPT-835eaf58334cbf4ccfc2,MP022,evidence,evidence_invalid;relation_not_entailed
MPT-836a2a54a611fa4a72a5,MP002,evidence,evidence_invalid
MPT-836ca394c8785f46f090,MP002,evidence,evidence_invalid
MPT-837a46f11ce8ab63154b,MP001,schema_type,relation_type_invalid;evidence_invalid;relation_not_entailed
MPT-837c119d7455e2c7487e,MP002,evidence,evidence_invalid
MPT-8386293b8405e0001ac1,MP003,evidence,evidence_invalid;relation_not_entailed
MPT-8393406ad86f2beeba93,MP019,evidence,evidence_invalid
MPT-8399725f3b5a15f116ef,MP019,evidence,evidence_invalid;relation_not_entailed
MPT-839c696dfd9d5f615af2,MP019,evidence,evidence_invalid;relation_not_entailed
MPT-83a70ac66ac067c29643,MP015,evidence,evidence_invalid
MPT-83b76d338fcef7fecf22,MP016,evidence,evidence_invalid;relation_not_entailed
MPT-83df195ce76a56c167a4,MP015,relation_support,dual_qwen_relation_not_entailed
MPT-83fa00c88cb88d7a9c56,MP002,schema_type,relation_type_invalid;evidence_invalid
MPT-83fe307750e4cd6a5043,MP003,schema_type,relation_type_invalid
MPT-8403d0120c32dd090cdf,MP019,evidence,evidence_invalid
MPT-840b0cb2656c08eafcdf,MP016,evidence,evidence_invalid;relation_not_entailed
MPT-840b4be40a4601754021,MP003,evidence,evidence_invalid
MPT-840f5d539116eedea80e,MP002,evidence,evidence_invalid
MPT-8419c173e97d755303af,MP001,evidence,evidence_invalid;relation_not_entailed
MPT-842137939a48fac20737,MP001,evidence,evidence_invalid;relation_not_entailed
MPT-842dc9c2f93b1f4d3475,MP019,evidence,evidence_invalid;relation_not_entailed
MPT-8431dbe558721c1df608,MP003,evidence,evidence_invalid
MPT-84365fb747a716acde02,MP017,evidence,evidence_invalid;relation_not_entailed
MPT-843a5d6c461e9d697f7f,MP016,evidence,evidence_invalid;relation_not_entailed
MPT-844b7c76f27b9d7ce9fb,MP019,evidence,evidence_invalid
MPT-8457b8243b045212a5d4,MP003,evidence,evidence_invalid
MPT-8458136ea7882e2c498a,MP003,evidence,evidence_invalid
MPT-8469da039e6f7d24d94a,MP016,evidence,evidence_invalid;relation_not_entailed
MPT-84750c306150319c7c41,MP019,evidence,evidence_invalid
MPT-84828d4896e36aa1d3e0,MP019,evidence,evidence_invalid;relation_not_entailed
MPT-8487b11e1ae43cb49215,MP019,evidence,evidence_invalid;relation_not_entailed
MPT-8492fc382246e76febdb,MP016,evidence,evidence_invalid;relation_not_entailed
MPT-84a77529dbd896c5ca96,MP003,evidence,evidence_invalid;relation_not_entailed
MPT-84b50daa7796345cada3,MP003,evidence,evidence_invalid;relation_not_entailed
MPT-84cc875497ccd84f3ca9,MP005,evidence,evidence_invalid;relation_not_entailed
MPT-84d1383bd486f5de6698,MP021,evidence,evidence_invalid;relation_not_entailed
MPT-84f7bcb604ee2d7e34fe,MP003,evidence,evidence_invalid
MPT-84f912ca7f0b8f3a54c5,MP019,evidence,evidence_invalid
MPT-85042096ba9bb2a75441,MP001,evidence,evidence_invalid;relation_not_entailed
MPT-850476a9ba175ddc3a95,MP004,schema_type,relation_type_invalid;evidence_invalid;relation_not_entailed
MPT-853eedd91dad30617509,MP003,evidence,evidence_invalid;relation_not_entailed
MPT-8540a53eb073d8162b92,MP004,evidence,evidence_invalid
MPT-854d41b91d94134a9c32,MP019,relation_support,dual_qwen_relation_not_entailed
MPT-854f937bf7ab430a2764,MP003,evidence,evidence_invalid;relation_not_entailed
MPT-8562163c7c742158d761,MP007,evidence,evidence_invalid
MPT-8563f916d4bbce0f841f,MP005,schema_type,relation_type_invalid
MPT-856aaab34131e8db6547,MP019,schema_type,relation_type_invalid;evidence_invalid
MPT-856aba061d0494255712,MP001,evidence,evidence_invalid;relation_not_entailed
MPT-85829be0c3f224bea284,MP019,evidence,evidence_invalid;relation_not_entailed
MPT-858a1e6b8af586aafa6c,MP017,evidence,evidence_invalid;relation_not_entailed
MPT-859dd8ebf757c7964225,MP003,relation_support,dual_qwen_relation_not_entailed
MPT-85a32927937f31e25cf0,MP019,schema_type,relation_type_invalid;evidence_invalid;relation_not_entailed
MPT-85ad2c8df74a3bbfe76d,MP003,evidence,evidence_invalid
MPT-85aedb310469504f2688,MP003,schema_type,relation_type_invalid;evidence_invalid;relation_not_entailed
MPT-85b050aae1d58248660e,MP016,evidence,evidence_invalid;relation_not_entailed
MPT-85c08057ee1dfec2f5d6,MP019,evidence,evidence_invalid
MPT-85cd3e413a116fed2acc,MP003,evidence,evidence_invalid
MPT-85d5218f3a8f73e2a0d1,MP003,evidence,evidence_invalid;relation_not_entailed
MPT-85e70e3d33023947682f,MP016,evidence,evidence_invalid;relation_not_entailed
MPT-85e9ab2d029960b6b682,MP005,evidence,evidence_invalid;relation_not_entailed
MPT-85fa2eddeed88330ac54,MP003,evidence,evidence_invalid
MPT-85fc93f621f5d9183803,MP004,evidence,evidence_invalid;relation_not_entailed
MPT-8605c1a34d9aa3856c35,MP001,relation_support,dual_qwen_relation_not_entailed
MPT-86094aac1634e4e407bc,MP020,schema_type,relation_type_invalid;evidence_invalid;relation_not_entailed
MPT-860b782e758df1a93156,MP001,evidence,evidence_invalid;relation_not_entailed
MPT-861993639c54c7731af0,MP019,evidence,evidence_invalid
MPT-861b84c4b6c94b6d1e0a,MP003,schema_type,relation_type_invalid
MPT-8626a6f0f55f2ead9d63,MP015,relation_support,dual_qwen_relation_not_entailed
MPT-862fe4a2f4da87aa8ea6,MP016,evidence,evidence_invalid;relation_not_entailed
MPT-86456ad6016f73ccfbe0,MP003,evidence,evidence_invalid;relation_not_entailed
MPT-8668dcd450d165739213,MP015,schema_type,relation_type_invalid;evidence_invalid;relation_not_entailed
MPT-866cf222caa5c62d03ef,MP002,schema_type,relation_type_invalid;evidence_invalid
MPT-86748aba5e4a75e5051b,MP002,evidence,evidence_invalid
MPT-8684869e5e536ce2dd4b,MP003,schema_type,relation_type_invalid;evidence_invalid
MPT-8695b377f85f6d3c1096,MP019,evidence,evidence_invalid;relation_not_entailed
MPT-86a0abaaa598250d3871,MP017,evidence,evidence_invalid;relation_not_entailed
MPT-86aaeb277bb0fbcd0408,MP015,relation_support,dual_qwen_relation_not_entailed
MPT-86b26de5335399bd7660,MP001,evidence,evidence_invalid;relation_not_entailed
MPT-86b33a68fc231d51a42f,MP004,evidence,evidence_invalid
MPT-86bc0f5fc93e74358990,MP002,evidence,evidence_invalid
MPT-86c0f2aca3b6a8fd1fb8,MP019,schema_type,relation_type_invalid;evidence_invalid;relation_not_entailed
MPT-86c8e63b54c08d30994d,MP005,evidence,evidence_invalid;relation_not_entailed
MPT-86d3c3fb8b3141ff6616,MP003,relation_support,dual_qwen_relation_not_entailed
MPT-86d40f36aaeb76f510c3,MP019,evidence,evidence_invalid
MPT-86d46f91edf3af9b83df,MP019,evidence,evidence_invalid
MPT-86dabd02a4ef6dadaf73,MP004,evidence,evidence_invalid;relation_not_entailed
MPT-86ef101da609e87dfdc4,MP019,evidence,evidence_invalid
MPT-86f186f55267605f1fa6,MP021,schema_type,relation_type_invalid;evidence_invalid;relation_not_entailed
MPT-86f4fc7b0d8ffdecd791,MP003,evidence,evidence_invalid
MPT-870d346a06fb44ba0308,MP001,evidence,evidence_invalid
MPT-87148d9233be5f2b5571,MP002,evidence,evidence_invalid
MPT-87211c76601480859f13,MP021,evidence,evidence_invalid;relation_not_entailed
MPT-872d5ef77221e65f5f84,MP003,evidence,evidence_invalid;relation_not_entailed
MPT-873189a464b3fec945c1,MP019,evidence,evidence_invalid
MPT-8738e20bc017e38924b2,MP001,below_candidate_0.60,below_candidate_confidence
MPT-873a97e87a2986ee2a29,MP019,evidence,evidence_invalid
MPT-873b751bab3ec796e947,MP003,schema_type,relation_type_invalid;evidence_invalid;relation_not_entailed
MPT-875cedd6a4bcd308c1cd,MP019,evidence,evidence_invalid
MPT-87610e2c7b200f9b1832,MP019,schema_type,relation_type_invalid;evidence_invalid
MPT-87703bbb3f90c8efa177,MP001,schema_type,relation_type_invalid
MPT-877a04c213a8fcc69db1,MP019,evidence,evidence_invalid
MPT-877f4534a206e1ea3c24,MP002,evidence,evidence_invalid
MPT-87b8f6d8844ac2c66aaf,MP005,evidence,evidence_invalid
MPT-87c56b47ad5f646c318d,MP019,evidence,evidence_invalid
MPT-87d099ffac122984f8a8,MP005,evidence,evidence_invalid;relation_not_entailed
MPT-87deec0fe6e611e88623,MP003,schema_type,relation_type_invalid;evidence_invalid;relation_not_entailed
MPT-87e2295d866cc9751f05,MP018,schema_type,relation_type_invalid;evidence_invalid;relation_not_entailed
MPT-87e315855491f0f41908,MP021,evidence,evidence_invalid;relation_not_entailed
MPT-87e78f50007cf67ddd9b,MP016,evidence,evidence_invalid;relation_not_entailed
MPT-87fead810fd1d3e8582e,MP016,evidence,evidence_invalid;relation_not_entailed
MPT-880f1bf3d3c85f430982,MP005,schema_type,relation_type_invalid
MPT-880f5d850dad8b59425b,MP003,schema_type,relation_type_invalid
MPT-881234d233b62a0d136a,MP001,schema_type,relation_type_invalid;evidence_invalid;relation_not_entailed
MPT-88233253e3b1e1fb27d2,MP003,evidence,evidence_invalid
MPT-8825ee98b85af9e4fefd,MP022,evidence,evidence_invalid;relation_not_entailed
MPT-883d7011ace9fbe2bb49,MP001,evidence,evidence_invalid;relation_not_entailed
MPT-8844649a0bf862a612cc,MP003,evidence,evidence_invalid
MPT-884fc8a84ba76086d1a0,MP003,schema_type,relation_type_invalid;evidence_invalid
MPT-886a3ea79aece36331c3,MP015,evidence,evidence_invalid;relation_not_entailed
MPT-8872671a5c6e50bd2a7d,MP003,evidence,evidence_invalid;relation_not_entailed
MPT-88762c68687f0dff7636,MP019,evidence,evidence_invalid
MPT-887c7d3ca8ede0740ebe,MP022,evidence,evidence_invalid;relation_not_entailed
MPT-8885df15d98dc01483ee,MP016,schema_type,relation_type_invalid;evidence_invalid;relation_not_entailed
MPT-88b39acc18fa7da9be26,MP003,schema_type,relation_type_invalid;evidence_invalid;relation_not_entailed
MPT-88bba49f1cdc0909e469,MP003,schema_type,relation_type_invalid
MPT-88bf5ad5f6fca4ddfa31,MP019,evidence,evidence_invalid
MPT-89101bb02c72a06fe1b3,MP007,relation_support,dual_qwen_relation_not_entailed
MPT-89104fb901f665c79954,MP003,schema_type,relation_type_invalid;evidence_invalid;relation_not_entailed
MPT-89137c431fa78ac69b96,MP002,evidence,evidence_invalid
MPT-892558fe91f6202e8dd5,MP021,evidence,evidence_invalid;relation_not_entailed
MPT-892713094d34f80bf179,MP003,evidence,evidence_invalid;relation_not_entailed
MPT-893820fbb90a6142927d,MP004,evidence,evidence_invalid;relation_not_entailed
MPT-893ba106306186ddd392,MP001,schema_type,relation_type_invalid;evidence_invalid;relation_not_entailed
MPT-893bf32973031723c75e,MP019,schema_type,relation_type_invalid;evidence_invalid;relation_not_entailed
MPT-8940f5d3f1f4965bb150,MP007,evidence,evidence_invalid
MPT-8967b35ba94b5e2deaee,MP019,schema_type,relation_type_invalid;evidence_invalid;relation_not_entailed
MPT-897c3ab17190223a071a,MP002,schema_type,relation_type_invalid
MPT-8989fb7c9c9b2b9b8294,MP001,evidence,evidence_invalid;relation_not_entailed
MPT-898fdb88a62557889b44,MP016,evidence,evidence_invalid;relation_not_entailed
MPT-89a0d884792c0c1cb67e,MP003,schema_type,relation_type_invalid
MPT-89ae1498c5f6ff348294,MP001,evidence,evidence_invalid;relation_not_entailed
MPT-89b3601c4123bb0ecdb9,MP021,evidence,evidence_invalid;relation_not_entailed
MPT-89c976917943a29f330f,MP019,evidence,evidence_invalid
MPT-89d44c32e14c7a8a16d4,MP002,evidence,evidence_invalid
MPT-8a008fddcfad756dde11,MP022,schema_type,relation_type_invalid
MPT-8a13c69df8766fe10102,MP004,evidence,evidence_invalid;relation_not_entailed
MPT-8a1b86e4ed53794def09,MP002,evidence,evidence_invalid
MPT-8a29500bf6e9b7c7a57f,MP019,evidence,evidence_invalid
MPT-8a3f2c0c39ab864dbfe4,MP003,schema_type,relation_type_invalid
MPT-8a5322147f6b3dafef9d,MP003,evidence,evidence_invalid;relation_not_entailed
MPT-8a545f5ee54ad0a2d326,MP019,evidence,evidence_invalid
MPT-8a5e70ff192a7fbfcc8e,MP003,evidence,evidence_invalid;relation_not_entailed
MPT-8a7bf3541309f8a14eef,MP019,evidence,evidence_invalid;relation_not_entailed
MPT-8a9fc6ba29b1d8a2cf40,MP003,schema_type,relation_type_invalid
MPT-8aa22c6cca0b926d4460,MP019,evidence,evidence_invalid;relation_not_entailed
MPT-8aa689601966513dded7,MP002,evidence,evidence_invalid
MPT-8ab0b50f41ce69f80c71,MP022,evidence,evidence_invalid;relation_not_entailed
MPT-8ab453a6f689c418f15a,MP018,evidence,evidence_invalid;relation_not_entailed
MPT-8ac6abfe9d774bcbae02,MP017,below_candidate_0.60,below_candidate_confidence
MPT-8ad2ce6f484fd5212fb0,MP015,evidence,evidence_invalid
MPT-8ae11828e752690bbe3b,MP022,evidence,evidence_invalid;relation_not_entailed
MPT-8aec594d5624b196e010,MP005,schema_type,relation_type_invalid;evidence_invalid;relation_not_entailed
MPT-8af378f502f6361229e6,MP006,schema_type,relation_type_invalid
MPT-8af953bdbbdb80bfb6b7,MP001,schema_type,relation_type_invalid
MPT-8b0d8ec242ae9374c04b,MP019,evidence,evidence_invalid;relation_not_entailed
MPT-8b144b4a393c022fa5e8,MP003,schema_type,relation_type_invalid;evidence_invalid;relation_not_entailed
MPT-8b1c2df6dd62a525ea22,MP003,relation_support,dual_qwen_relation_not_entailed
MPT-8b3069208679ce928e22,MP002,evidence,evidence_invalid
MPT-8b373d8b9e8a9d19f8b5,MP001,evidence,evidence_invalid
MPT-8b3a61d0967760c4c2dc,MP002,evidence,evidence_invalid
MPT-8b3caaf9168e22f191ad,MP020,evidence,evidence_invalid;relation_not_entailed
MPT-8b43c3aa7707aa85d8d1,MP001,evidence,evidence_invalid
MPT-8b4a827b9d5818542c7b,MP001,schema_type,relation_type_invalid;evidence_invalid;relation_not_entailed
MPT-8b5fd79d0a4178863686,MP005,schema_type,relation_type_invalid
MPT-8b65f2903a7ebcfb4e83,MP018,relation_support,dual_qwen_relation_not_entailed
MPT-8b6824f1337616b7be1e,MP022,evidence,evidence_invalid;relation_not_entailed
MPT-8b7551acaa55c426d120,MP004,evidence,evidence_invalid;relation_not_entailed
MPT-8b8aecd7fb2bb1b90998,MP019,evidence,evidence_invalid
MPT-8b8b29c7abeec50b202d,MP003,relation_support,dual_qwen_relation_not_entailed
MPT-8b8c97beed1f52661e6b,MP002,evidence,evidence_invalid
MPT-8b92232e682cd9b70f80,MP003,relation_support,dual_qwen_relation_not_entailed
MPT-8bd36549a103b2dbf850,MP019,evidence,evidence_invalid
MPT-8bd97cd8522c3c57b401,MP001,evidence,evidence_invalid;relation_not_entailed
MPT-8bf27a92a6e3893f562e,MP001,evidence,evidence_invalid;relation_not_entailed
MPT-8bfa4fae2d09368cf964,MP016,evidence,evidence_invalid;relation_not_entailed
MPT-8bfd7949a1c9420378b4,MP003,schema_type,relation_type_invalid;evidence_invalid
MPT-8bfeb7dbe445edbe274e,MP002,evidence,evidence_invalid
MPT-8c063ee4c03b48282681,MP018,schema_type,relation_type_invalid
MPT-8c1a7c0a16ce8620de20,MP002,evidence,evidence_invalid
MPT-8c27605cbf0fa300fe2d,MP019,evidence,evidence_invalid
MPT-8c36326e8e746b831fe6,MP021,evidence,evidence_invalid;relation_not_entailed
MPT-8c3cdb5d83e8ead2612b,MP005,evidence,evidence_invalid
MPT-8c4cc7f2eb9fe0f7aa34,MP001,evidence,evidence_invalid;relation_not_entailed
MPT-8c62570fd5ed75d9ad19,MP001,schema_type,relation_type_invalid;evidence_invalid;relation_not_entailed
MPT-8c6288b6e5704d5f3e0d,MP002,evidence,evidence_invalid
MPT-8c6dc06cb944fe2c97f6,MP003,evidence,evidence_invalid
MPT-8c7126c3e4af72a07df3,MP018,evidence,evidence_invalid;relation_not_entailed
MPT-8c72ad102eb96fd1b622,MP003,evidence,evidence_invalid
MPT-8c846ccc070b58ea6a48,MP019,evidence,evidence_invalid;relation_not_entailed
MPT-8c946ee1b336f50d1005,MP002,evidence,evidence_invalid
MPT-8c9977fc42627530f663,MP004,schema_type,relation_type_invalid;evidence_invalid;relation_not_entailed
MPT-8ca8fb50db4e32fcb099,MP003,schema_type,relation_type_invalid;evidence_invalid
MPT-8cad9a483110e40daef8,MP003,evidence,evidence_invalid;relation_not_entailed
MPT-8cae1a9e76427052ed9f,MP021,evidence,evidence_invalid;relation_not_entailed
MPT-8cbc5df28743f31b2cfb,MP003,relation_support,dual_qwen_relation_not_entailed
MPT-8cc00613e5ab7931cb6e,MP003,schema_type,relation_type_invalid
MPT-8cd00bfbf9eb5f97b672,MP019,evidence,evidence_invalid;relation_not_entailed
MPT-8cd913ce4f0471949d1f,MP003,schema_type,relation_type_invalid;evidence_invalid;relation_not_entailed
MPT-8cefcbab8d8d8b86070e,MP003,evidence,evidence_invalid;relation_not_entailed
MPT-8cf6fe7b0c9610628ccb,MP015,evidence,evidence_invalid
MPT-8cfddb70f4c7b7064772,MP003,evidence,evidence_invalid;relation_not_entailed
MPT-8cfec446436a74ac08af,MP007,schema_type,relation_type_invalid
MPT-8d044c3963716156c0cb,MP019,evidence,evidence_invalid
MPT-8d05e60838b7e5cb0219,MP016,schema_type,relation_type_invalid;evidence_invalid;relation_not_entailed
MPT-8d0e96eb9f5acd4e7e6a,MP006,schema_type,relation_type_invalid;evidence_invalid;relation_not_entailed
MPT-8d350e08aa2892bb2bc0,MP007,evidence,evidence_invalid;relation_not_entailed
MPT-8d3adc1e7f83216054c8,MP002,evidence,evidence_invalid
MPT-8d43881889587acc178a,MP003,schema_type,relation_type_invalid;evidence_invalid;relation_not_entailed
MPT-8d4a8fe8b1f9bffa4dcf,MP020,evidence,evidence_invalid;relation_not_entailed
MPT-8d53b257e57ce52b65a6,MP005,evidence,evidence_invalid
MPT-8d54b5432ca93b013c0e,MP001,relation_support,dual_qwen_relation_not_entailed
MPT-8d573526117576aa9080,MP019,schema_type,relation_type_invalid;evidence_invalid
MPT-8d58cb9071c688de9d0a,MP005,evidence,evidence_invalid;relation_not_entailed
MPT-8d6a4246e8290b545406,MP018,evidence,evidence_invalid;relation_not_entailed
MPT-8d716c186e8b79d44cc4,MP004,evidence,evidence_invalid;relation_not_entailed
MPT-8d72c987d5dec9fe8075,MP003,evidence,evidence_invalid
MPT-8d77c1ff6683b33b10c6,MP001,schema_type,relation_type_invalid;evidence_invalid;relation_not_entailed
MPT-8d7955d26cedf24d181f,MP021,evidence,evidence_invalid;relation_not_entailed
MPT-8d825ba539106a508085,MP015,relation_support,dual_qwen_relation_not_entailed
MPT-8d82cd432bc7a1a3fd1b,MP003,evidence,evidence_invalid;relation_not_entailed
MPT-8d87c1b9c2241868fc41,MP018,evidence,evidence_invalid;relation_not_entailed
MPT-8d87c4b3d35c39d5f5a4,MP001,evidence,evidence_invalid;relation_not_entailed
MPT-8d9105c2ac81a06a90da,MP019,evidence,evidence_invalid
MPT-8daad935ccb2cfc92a9e,MP019,evidence,evidence_invalid
MPT-8db35ee49548966597da,MP003,evidence,evidence_invalid
MPT-8dc1953a42f380031d10,MP003,schema_type,relation_type_invalid;evidence_invalid;relation_not_entailed
MPT-8ddf9ba3f67e9bcbf5fc,MP019,schema_type,relation_type_invalid;evidence_invalid
MPT-8deb7e823e8a1e98fe34,MP021,evidence,evidence_invalid;relation_not_entailed
MPT-8e08da09887b2f353c9c,MP019,evidence,evidence_invalid
MPT-8e1e442e72e5e9b87a98,MP003,schema_type,relation_type_invalid;evidence_invalid;relation_not_entailed
MPT-8e2d7e49e3c728d61122,MP001,evidence,evidence_invalid;relation_not_entailed
MPT-8e3b8bdb2cdf12c7f79b,MP003,evidence,evidence_invalid;relation_not_entailed
MPT-8e414dcff1a1c0e73a7d,MP005,evidence,evidence_invalid;relation_not_entailed
MPT-8e41ea4b3e93315296c4,MP019,evidence,evidence_invalid;relation_not_entailed
MPT-8e54a66e581e0330c79b,MP003,evidence,evidence_invalid;relation_not_entailed
MPT-8e5d7e3ad4f7c1cf642d,MP019,evidence,evidence_invalid
MPT-8e7bbd6b8830db8ea115,MP002,evidence,evidence_invalid
MPT-8e880e6a2a80de317ee2,MP003,evidence,evidence_invalid
MPT-8e98984034f538f13397,MP019,evidence,evidence_invalid
MPT-8ea84713ed3eee6f33d1,MP019,evidence,evidence_invalid
MPT-8eb483e64d44735d6789,MP020,evidence,evidence_invalid;relation_not_entailed
MPT-8ebcdcd9a278fe891e39,MP005,evidence,evidence_invalid
MPT-8ebce7bc5904ccedcaa7,MP019,evidence,evidence_invalid
MPT-8ecb915fe93bf7723c0e,MP003,evidence,evidence_invalid;relation_not_entailed
MPT-8ed16daf7e8d16079a4d,MP003,evidence,evidence_invalid
MPT-8ed9720aab83814336f5,MP006,evidence,evidence_invalid;relation_not_entailed
MPT-8eddb6e24380163c5c3c,MP003,evidence,evidence_invalid;relation_not_entailed
MPT-8eebcb1192a771b700b4,MP002,evidence,evidence_invalid
MPT-8f1f0e9ce79cd4548b93,MP003,evidence,evidence_invalid
MPT-8f20dab9e7e0bbdfaaa2,MP004,evidence,evidence_invalid;relation_not_entailed
MPT-8f357fa0cc4db4990918,MP003,evidence,evidence_invalid
MPT-8f51a77b6bf36a851067,MP001,schema_type,relation_type_invalid;evidence_invalid;relation_not_entailed
MPT-8f57d1cb006a5ebaec75,MP001,evidence,evidence_invalid;relation_not_entailed
MPT-8f797f988740e0f12ed9,MP019,evidence,evidence_invalid;relation_not_entailed
MPT-8f7f44be99d32b156788,MP018,evidence,evidence_invalid;relation_not_entailed
MPT-8f923b7715850694a523,MP019,evidence,evidence_invalid
MPT-8f939fbacd77739379d3,MP005,evidence,evidence_invalid;relation_not_entailed
MPT-8f9a30a3fc0bd99c5209,MP019,schema_type,relation_type_invalid;evidence_invalid;relation_not_entailed
MPT-8f9e4b33fd01106b2810,MP003,schema_type,relation_type_invalid;evidence_invalid
MPT-8faed87ab1f2fba54951,MP005,evidence,evidence_invalid;relation_not_entailed
MPT-8fb0509602a2efea24a7,MP019,evidence,evidence_invalid
MPT-8fbb4d94b67b632ca0c2,MP016,evidence,evidence_invalid;relation_not_entailed
MPT-8fbc3aaa8ab692dad8f8,MP003,relation_support,dual_qwen_relation_not_entailed
MPT-8fdc18c5075c45b89f77,MP004,evidence,evidence_invalid;relation_not_entailed
MPT-8fe2a27b15f95986c01d,MP005,evidence,evidence_invalid;relation_not_entailed
MPT-90194985da65b6a35391,MP019,evidence,evidence_invalid;relation_not_entailed
MPT-9027f702fdf4cb81bc76,MP003,schema_type,relation_type_invalid;evidence_invalid
MPT-90289f165093412d8157,MP022,evidence,evidence_invalid;relation_not_entailed
MPT-9029254c362ba9804fdc,MP002,schema_type,relation_type_invalid;evidence_invalid
MPT-9032a33c3ee37194fc3c,MP004,evidence,evidence_invalid;relation_not_entailed
MPT-9032c3ca8eb0b9a6e92b,MP002,evidence,evidence_invalid
MPT-90484a7e8464b30a6927,MP002,evidence,evidence_invalid
MPT-904c1b490adff9ae631d,MP007,evidence,evidence_invalid
MPT-904ceecd05cccda81bb1,MP002,evidence,evidence_invalid
MPT-906a9e12e838180613c7,MP003,schema_type,relation_type_invalid
MPT-906ffade9da3d37546f5,MP019,evidence,evidence_invalid;relation_not_entailed
MPT-907ebfa377ac26184b8c,MP003,evidence,evidence_invalid;relation_not_entailed
MPT-908efed6874ec87d3914,MP003,evidence,evidence_invalid
MPT-9098cb966067517da4c0,MP002,evidence,evidence_invalid
MPT-909a9f37ac699f8011b2,MP019,evidence,evidence_invalid
MPT-909c10d8a290f793c73f,MP016,schema_type,relation_type_invalid;evidence_invalid;relation_not_entailed
MPT-90a99fbedffedf52c480,MP019,evidence,evidence_invalid;relation_not_entailed
MPT-90b4a60d7c997275b0f5,MP003,evidence,evidence_invalid
MPT-90bb9bdb085bdbca8c95,MP017,schema_type,relation_type_invalid;evidence_invalid;relation_not_entailed
MPT-90bda202c812c848482f,MP019,evidence,evidence_invalid
MPT-90fdcced13ff56751cba,MP005,evidence,evidence_invalid;relation_not_entailed
MPT-910790d6997cf67aa6c0,MP003,evidence,evidence_invalid
MPT-910855bc29b005fee5ae,MP007,evidence,evidence_invalid;relation_not_entailed
MPT-910ddce8995244c77bd0,MP019,evidence,evidence_invalid
MPT-910e8d30984fed8caa7f,MP003,evidence,evidence_invalid
MPT-911b84d95dc303720616,MP019,schema_type,relation_type_invalid;evidence_invalid;relation_not_entailed
MPT-91373334ae247e771a3b,MP007,schema_type,relation_type_invalid
MPT-91383a8f384c59ee5008,MP019,schema_type,relation_type_invalid;evidence_invalid;relation_not_entailed
MPT-913bb1e1b2fa7ab9dda9,MP002,evidence,evidence_invalid
MPT-913d2340e25ccb781f35,MP019,evidence,evidence_invalid;relation_not_entailed
MPT-9141463630a490f8ab40,MP022,evidence,evidence_invalid;relation_not_entailed
MPT-914c59d2945524bce429,MP016,evidence,evidence_invalid;relation_not_entailed
MPT-914e4e5c57f5bee4a239,MP019,evidence,evidence_invalid
MPT-916627d14678a667c920,MP019,evidence,evidence_invalid
MPT-916b52b5916d497e8a70,MP003,evidence,evidence_invalid;relation_not_entailed
MPT-916b684b51f2f9223cb6,MP001,evidence,evidence_invalid;relation_not_entailed
MPT-916f39a62bbcf1235a85,MP003,evidence,evidence_invalid
MPT-9170c73e0bdba290c4ea,MP016,evidence,evidence_invalid;relation_not_entailed
MPT-917c581bbfa21aeeec31,MP003,evidence,evidence_invalid
MPT-918cb2962d07203edc55,MP003,evidence,evidence_invalid;relation_not_entailed
MPT-919885e224961722aca8,MP003,evidence,evidence_invalid;relation_not_entailed
MPT-91bdbb5b785f32e09486,MP019,evidence,evidence_invalid;relation_not_entailed
MPT-91c8af3eb0c10c25be22,MP019,evidence,evidence_invalid;relation_not_entailed
MPT-91e794d5ce3cab3ccc2f,MP003,evidence,evidence_invalid;relation_not_entailed
MPT-91eace6d22e1f04c7a2b,MP019,evidence,evidence_invalid;relation_not_entailed
MPT-91ef870ad6c849c3228d,MP004,evidence,evidence_invalid;relation_not_entailed
MPT-921397020c6f08f335d6,MP002,evidence,evidence_invalid;relation_not_entailed
MPT-923ad2a70a395454ccb1,MP002,evidence,evidence_invalid
MPT-92451b92ee0a70693d13,MP019,evidence,evidence_invalid
MPT-924a5e7e07ed26d457e5,MP004,evidence,evidence_invalid;relation_not_entailed
MPT-92522d3a8bc9a4af1949,MP001,schema_type,relation_type_invalid;evidence_invalid;relation_not_entailed
MPT-925ddd1c9d636def9cc8,MP019,evidence,evidence_invalid
MPT-92687733a5389edc38bf,MP003,evidence,evidence_invalid;relation_not_entailed
MPT-927bb682456089fd16fe,MP001,evidence,evidence_invalid;relation_not_entailed
MPT-928b35350824fa91b192,MP003,schema_type,relation_type_invalid
MPT-9298685d6c13cbaffbcd,MP003,schema_type,relation_type_invalid;evidence_invalid;relation_not_entailed
MPT-92a3d5624dbf99523841,MP003,evidence,evidence_invalid
MPT-92ba22c4117bda7b141f,MP005,schema_type,relation_type_invalid;evidence_invalid;relation_not_entailed
MPT-92ccf350bb6d171b9b2f,MP019,schema_type,relation_type_invalid;evidence_invalid;relation_not_entailed
MPT-92d3bd6565079303712d,MP019,evidence,evidence_invalid
MPT-92e35813854a07e04d88,MP022,evidence,evidence_invalid;relation_not_entailed
MPT-93121e84a14792e820f4,MP003,evidence,evidence_invalid;relation_not_entailed
MPT-9329c5ad8d96046ec4e4,MP005,evidence,evidence_invalid;relation_not_entailed
MPT-9331869fe4970e2ee3f2,MP003,schema_type,relation_type_invalid;evidence_invalid
MPT-9354a1254007df38a31a,MP003,relation_support,dual_qwen_relation_not_entailed
MPT-93674fe598d8124058f8,MP004,evidence,evidence_invalid
MPT-93ad047fb5821f0b984b,MP018,evidence,evidence_invalid;relation_not_entailed
MPT-93b0734ae5f8a4acfb76,MP019,evidence,evidence_invalid;relation_not_entailed
MPT-93b9db8955900f374272,MP002,evidence,evidence_invalid
MPT-93bf6bddb0fa7493a036,MP018,schema_type,relation_type_invalid;evidence_invalid
MPT-93d46f00e584090fca55,MP003,evidence,evidence_invalid
MPT-93e8802efa6e9aeda580,MP003,schema_type,relation_type_invalid;evidence_invalid;relation_not_entailed
MPT-93fa3e660ae7b357b6f9,MP007,evidence,evidence_invalid
MPT-944fbe0e39c785c47c55,MP002,evidence,evidence_invalid
MPT-9453ceaf268d5a69bca3,MP017,evidence,evidence_invalid;relation_not_entailed
MPT-946306949fb5eb2bb606,MP003,evidence,evidence_invalid;relation_not_entailed
MPT-9463ab7632b4afc01a6e,MP003,evidence,evidence_invalid
MPT-9465799a5ebdf40a6173,MP019,evidence,evidence_invalid
MPT-946aae3561d35b1820bb,MP002,evidence,evidence_invalid;relation_not_entailed
MPT-946d0f27a80e987489cd,MP003,schema_type,relation_type_invalid;evidence_invalid
MPT-947375c01f7b3186475e,MP002,schema_type,relation_type_invalid
MPT-9478dd81a51f6c3639c9,MP002,evidence,evidence_invalid
MPT-948712662839b3865d56,MP019,schema_type,relation_type_invalid;evidence_invalid
MPT-949d1f906d6fe92c4764,MP003,relation_support,dual_qwen_relation_not_entailed
MPT-94a2ef0eab7c41ad0ff7,MP017,evidence,evidence_invalid;relation_not_entailed
MPT-94afea1f7574defea783,MP019,evidence,evidence_invalid
MPT-94b752f44cc3b1445b75,MP005,evidence,evidence_invalid;relation_not_entailed
MPT-94baf2bd1ff21b5ac362,MP003,relation_support,dual_qwen_relation_not_entailed
MPT-94bcc440c148f862c34b,MP005,evidence,evidence_invalid;relation_not_entailed
MPT-94bf24720e74dadbd0d0,MP021,evidence,evidence_invalid;relation_not_entailed
MPT-94c4b610211b9606a7fd,MP005,evidence,evidence_invalid
MPT-94c5f29ddbc8e2f611fb,MP007,evidence,evidence_invalid
MPT-94cc026ba879b02e2402,MP019,evidence,evidence_invalid
MPT-94d157f8028288a2633c,MP019,evidence,evidence_invalid
MPT-94d1fd058036e6f1ed1e,MP002,schema_type,relation_type_invalid;evidence_invalid
MPT-94daa60e9865db972fed,MP007,evidence,evidence_invalid
MPT-94dc08e4d4fc941dc994,MP016,evidence,evidence_invalid;relation_not_entailed
MPT-94ed5e26ff6e6477e3d7,MP006,schema_type,relation_type_invalid
MPT-951c13c712b450d43891,MP005,evidence,evidence_invalid;relation_not_entailed
MPT-951e170f298e3517da40,MP020,relation_support,dual_qwen_relation_not_entailed
MPT-9520b01f90f6b31bff58,MP005,evidence,evidence_invalid;relation_not_entailed
MPT-95211898e47c47f5e309,MP005,schema_type,relation_type_invalid;evidence_invalid;relation_not_entailed
MPT-9525f5e97b57a7e6efea,MP003,schema_type,relation_type_invalid;evidence_invalid;relation_not_entailed
MPT-95293437cf1683edcca4,MP003,evidence,evidence_invalid;relation_not_entailed
MPT-952a0be596fddc879bfd,MP019,evidence,evidence_invalid
MPT-95461ba13ac128a417e0,MP002,evidence,evidence_invalid
MPT-954802ee032807634877,MP001,evidence,evidence_invalid;relation_not_entailed
MPT-954cf1aead05a4c4f7b7,MP007,evidence,evidence_invalid
MPT-954d1c2aa315e5f8816f,MP005,evidence,evidence_invalid
MPT-9551950a4dc1d7157a54,MP003,evidence,evidence_invalid
MPT-95531125d301bc1ff90e,MP017,evidence,evidence_invalid;relation_not_entailed
MPT-956905694d7b25ebc52d,MP003,schema_type,relation_type_invalid
MPT-956a1627ef99fb8270ce,MP021,evidence,evidence_invalid
MPT-9584c911d2c4b0d16f2d,MP001,evidence,evidence_invalid;relation_not_entailed
MPT-9591359361d69b020bb5,MP015,evidence,evidence_invalid
MPT-9591e3e4296fb85bd184,MP005,evidence,evidence_invalid;relation_not_entailed
MPT-95a2f83296d647665427,MP007,evidence,evidence_invalid
MPT-95a87caf2c14b2075676,MP021,schema_type,relation_type_invalid
MPT-95b798f4e34948f7ed2e,MP003,schema_type,relation_type_invalid;evidence_invalid
MPT-95cc9b1da5e0e6323eeb,MP019,evidence,evidence_invalid
MPT-95cf5fbecac68d28926f,MP003,schema_type,relation_type_invalid
MPT-95d14c491ddcd8c2db06,MP005,evidence,evidence_invalid
MPT-95d27c6287fe0590aa17,MP019,schema_type,relation_type_invalid
MPT-95d7a2e72d5c357239fb,MP022,evidence,evidence_invalid;relation_not_entailed
MPT-95dfff3462a7a23801ef,MP002,evidence,evidence_invalid
MPT-95f902ef87dda7c04201,MP019,evidence,evidence_invalid
MPT-95fc3394f21572fbdd52,MP015,evidence,evidence_invalid;relation_not_entailed
MPT-960f80797fda51297a97,MP004,evidence,evidence_invalid;relation_not_entailed
MPT-9614b9e1923b42e35402,MP019,evidence,evidence_invalid
MPT-961d4a5678a06d924d5f,MP022,evidence,evidence_invalid;relation_not_entailed
MPT-962b77387c6a68207b85,MP019,evidence,evidence_invalid
MPT-9632a58d7b36a2e9966b,MP004,evidence,evidence_invalid;relation_not_entailed
MPT-9634b4bdd76d67e0180c,MP019,evidence,evidence_invalid
MPT-9641a42490b0036d1914,MP002,evidence,evidence_invalid
MPT-96493a427905633f8689,MP019,evidence,evidence_invalid;relation_not_entailed
MPT-964987063e8beccbb798,MP003,schema_type,relation_type_invalid
MPT-96563e1921622eb0c3fa,MP016,schema_type,relation_type_invalid;evidence_invalid;relation_not_entailed
MPT-9668c348aced8f931907,MP004,schema_type,relation_type_invalid
MPT-966b53be3b3738698359,MP001,evidence,evidence_invalid;relation_not_entailed
MPT-966baa87e49935b6a7a9,MP003,evidence,evidence_invalid;relation_not_entailed
MPT-96766641fce130c4428b,MP016,evidence,evidence_invalid;relation_not_entailed
MPT-9677a210c32c2f5c568f,MP003,evidence,evidence_invalid
MPT-9677a8cc0b3045dabe6c,MP021,evidence,evidence_invalid;relation_not_entailed
MPT-96a58862aa8821896c5d,MP016,evidence,evidence_invalid;relation_not_entailed
MPT-96ac63e2ab683ce7265b,MP007,evidence,evidence_invalid;relation_not_entailed
MPT-96af396bf423c3d52c2b,MP019,evidence,evidence_invalid
MPT-96afab42fa930adad3cd,MP001,evidence,evidence_invalid;relation_not_entailed
MPT-96c9c10601900d9e915d,MP021,evidence,evidence_invalid
MPT-96dfe10b07c946d52978,MP018,evidence,evidence_invalid;relation_not_entailed
MPT-96e990aff0e79fc4b33d,MP020,schema_type,relation_type_invalid
MPT-970f6538f5c1e41053f0,MP003,evidence,evidence_invalid
MPT-97145f221833258b7cb2,MP001,evidence,evidence_invalid;relation_not_entailed
MPT-971cd8626d5851ff0752,MP007,evidence,evidence_invalid;relation_not_entailed
MPT-97392c2139fd22649102,MP019,evidence,evidence_invalid
MPT-9745f700b5fa6fefc324,MP016,evidence,evidence_invalid;relation_not_entailed
MPT-9747459d54422ad11424,MP019,evidence,evidence_invalid
MPT-9752761addf9406726b1,MP021,evidence,evidence_invalid;relation_not_entailed
MPT-975e709d3b639eea4385,MP019,schema_type,relation_type_invalid
MPT-976e5c15a372661c59ff,MP004,evidence,evidence_invalid;relation_not_entailed
MPT-976f173759cbd6bdb624,MP016,evidence,evidence_invalid;relation_not_entailed
MPT-97769de59b68db09d08f,MP020,schema_type,relation_type_invalid
MPT-977ae9ee14a99e1cb226,MP019,schema_type,relation_type_invalid
MPT-9781c808f3aa3135c07a,MP003,schema_type,relation_type_invalid;evidence_invalid
MPT-9789e97f65b6f93b8df3,MP001,schema_type,relation_type_invalid
MPT-978c9178d979ab435843,MP017,schema_type,relation_type_invalid;evidence_invalid;relation_not_entailed
MPT-978eac86deb4e16f1e1f,MP001,evidence,evidence_invalid;relation_not_entailed
MPT-979290f44478820da12f,MP022,evidence,evidence_invalid;relation_not_entailed
MPT-97947765852b1da7be70,MP019,evidence,evidence_invalid
MPT-979f707ccdda76be3e02,MP004,schema_type,relation_type_invalid
MPT-97aa8220aaf90adcdc91,MP003,relation_support,dual_qwen_relation_not_entailed
MPT-97b7403fd69da61b8914,MP001,evidence,evidence_invalid;relation_not_entailed
MPT-97bb681739ddc715cedf,MP005,evidence,evidence_invalid;relation_not_entailed
MPT-97bd7a98383f83e0a9c8,MP020,evidence,evidence_invalid;relation_not_entailed
MPT-97e2324458e5ec5ad9a3,MP003,schema_type,relation_type_invalid;evidence_invalid
MPT-97f686a2c83975b4dd4a,MP019,evidence,evidence_invalid;relation_not_entailed
MPT-9802e99f37182f3acb0c,MP001,schema_type,relation_type_invalid;evidence_invalid
MPT-980c64df475c038f8e55,MP003,evidence,evidence_invalid
MPT-98163781c145889b159e,MP003,schema_type,relation_type_invalid;evidence_invalid;relation_not_entailed
MPT-981c39db990db4242087,MP003,evidence,evidence_invalid;relation_not_entailed
MPT-981d10a40409de03cf40,MP002,evidence,evidence_invalid
MPT-981eb8c0f565d8999a8d,MP002,evidence,evidence_invalid
MPT-9822ff20b4767a5bad04,MP019,evidence,evidence_invalid
MPT-982485595f83eaefd1bf,MP002,evidence,evidence_invalid
MPT-9838873b34d2f0c1e48e,MP016,evidence,evidence_invalid;relation_not_entailed
MPT-983f9ba46f06a1f04aff,MP003,evidence,evidence_invalid;relation_not_entailed
MPT-98407deac2a327589896,MP019,evidence,evidence_invalid
MPT-9844c459085713e2ec6e,MP005,evidence,evidence_invalid;relation_not_entailed
MPT-9849effe068b7d0db4be,MP003,evidence,evidence_invalid;relation_not_entailed
MPT-98570a402c775e039bcd,MP003,evidence,evidence_invalid;relation_not_entailed
MPT-9858fa995bc01837c66f,MP003,evidence,evidence_invalid
MPT-986c6fb8919356d613f5,MP002,evidence,evidence_invalid
MPT-987be3a3e8e7b3e67f24,MP003,relation_support,dual_qwen_relation_not_entailed
MPT-988c947f62eba1e5cac8,MP004,evidence,evidence_invalid;relation_not_entailed
MPT-9898f01ee03958796650,MP003,schema_type,relation_type_invalid;evidence_invalid;relation_not_entailed
MPT-9899e4def343764ec1ed,MP019,evidence,evidence_invalid
MPT-98a5f1470d2e18dee996,MP016,evidence,evidence_invalid;relation_not_entailed
MPT-98a76fee6c6e0c8ffea6,MP018,schema_type,relation_type_invalid
MPT-98b26d76079e87559681,MP003,evidence,evidence_invalid
MPT-98c01648ee15d6961395,MP001,schema_type,relation_type_invalid
MPT-98c547aae3e445764057,MP003,relation_support,dual_qwen_relation_not_entailed
MPT-98d78929c9ee0450f056,MP003,evidence,evidence_invalid;relation_not_entailed
MPT-98d93a44f9ecb6bc4d69,MP021,evidence,evidence_invalid;relation_not_entailed
MPT-98e2c7c0326ded532910,MP015,evidence,evidence_invalid;relation_not_entailed
MPT-98e42f3ad9a858d6f9df,MP002,schema_type,relation_type_invalid;evidence_invalid
MPT-98f603324c449515c139,MP005,evidence,evidence_invalid;relation_not_entailed
MPT-990812570a66b6c81fe3,MP018,schema_type,relation_type_invalid
MPT-991188ea24e11168d04e,MP003,schema_type,relation_type_invalid
MPT-992d0951d30663d3b892,MP019,schema_type,relation_type_invalid;evidence_invalid;relation_not_entailed
MPT-9937ddf75bd213ee215a,MP001,schema_type,relation_type_invalid;evidence_invalid;relation_not_entailed
MPT-993926a5021216eea214,MP001,evidence,evidence_invalid;relation_not_entailed
MPT-9957a74f172e1230a0a1,MP003,schema_type,relation_type_invalid;evidence_invalid;relation_not_entailed
MPT-995c280ec5efa7fc15ab,MP018,schema_type,relation_type_invalid;evidence_invalid
MPT-99762305c94dffc9297e,MP003,schema_type,relation_type_invalid;evidence_invalid;relation_not_entailed
MPT-9985d3745141f3759554,MP019,evidence,evidence_invalid
MPT-998ad9134c188ea615a4,MP019,evidence,evidence_invalid;relation_not_entailed
MPT-999651e10dd38a43c00f,MP019,evidence,evidence_invalid;relation_not_entailed
MPT-99a7633826f9cfba5af4,MP015,evidence,evidence_invalid;relation_not_entailed
MPT-99af20c28d8a18e13ed2,MP016,evidence,evidence_invalid;relation_not_entailed
MPT-99b58420d213b39a8fd9,MP001,evidence,evidence_invalid;relation_not_entailed
MPT-99bbcdd7ddfb670bffa8,MP019,evidence,evidence_invalid
MPT-99c7f90fde190b51244f,MP003,evidence,evidence_invalid
MPT-99da5dd3fbc5a6294e29,MP021,schema_type,relation_type_invalid;evidence_invalid;relation_not_entailed
MPT-99dc481713d5fc9f589b,MP003,relation_support,dual_qwen_relation_not_entailed
MPT-99f325c91a38ade5dc50,MP015,evidence,evidence_invalid;relation_not_entailed
MPT-99fc985f28e83b59aedb,MP016,schema_type,relation_type_invalid
MPT-9a2613edd7a91ef8504e,MP002,evidence,evidence_invalid
MPT-9a2b1a79378e713b4f02,MP005,evidence,evidence_invalid;relation_not_entailed
MPT-9a393837432aca824ebe,MP002,evidence,evidence_invalid;relation_not_entailed
MPT-9a3ca256c481d88e243e,MP019,evidence,evidence_invalid;relation_not_entailed
MPT-9a65cb5fd571b666b7ab,MP019,evidence,evidence_invalid
MPT-9a94f5181ab1ee6e4b96,MP007,evidence,evidence_invalid
MPT-9a98d20dbd2573fab835,MP007,evidence,evidence_invalid
MPT-9aaad1044dd55b2118e7,MP019,evidence,evidence_invalid;relation_not_entailed
MPT-9aac4ae4b2c1efcd586d,MP003,evidence,evidence_invalid
MPT-9ab2fc901dec9b9864af,MP003,evidence,evidence_invalid
MPT-9ab4040796d8ee027cb0,MP015,evidence,evidence_invalid
MPT-9abe581809ea464f1388,MP019,schema_type,relation_type_invalid
MPT-9ac4c7aa30b4b7e4daf2,MP019,evidence,evidence_invalid
MPT-9acbc96ec6ec5729f1ff,MP018,relation_support,dual_qwen_relation_not_entailed
MPT-9adb46870ef55bdf60f9,MP019,evidence,evidence_invalid
MPT-9af04317b297c3551699,MP016,evidence,evidence_invalid;relation_not_entailed
MPT-9af9f28bebce867e916e,MP019,evidence,evidence_invalid
MPT-9b05414b3d5302c88edb,MP022,evidence,evidence_invalid
MPT-9b10c813a4ef7325fb42,MP001,evidence,evidence_invalid;relation_not_entailed
MPT-9b137da340a9d7ca839e,MP005,evidence,evidence_invalid
MPT-9b2595ba14abbfe60c18,MP001,schema_type,relation_type_invalid
MPT-9b43083130031360814a,MP001,schema_type,relation_type_invalid;evidence_invalid;relation_not_entailed
MPT-9b43649fe64a9c4566ec,MP003,evidence,evidence_invalid;relation_not_entailed
MPT-9b5b5083fdd639ebe546,MP002,evidence,evidence_invalid
MPT-9b5b6d7d82c52d056a19,MP002,schema_type,relation_type_invalid
MPT-9b5fb4e600cebd794beb,MP022,evidence,evidence_invalid;relation_not_entailed
MPT-9b6c5c3bf4914df0c456,MP002,evidence,evidence_invalid
MPT-9b6cc3dbe67737985760,MP019,evidence,evidence_invalid;relation_not_entailed
MPT-9b75f9947363898841a3,MP019,schema_type,relation_type_invalid;evidence_invalid
MPT-9b7c9715a9ec3b3afd39,MP019,evidence,evidence_invalid
MPT-9b7cbeb8041b03a479ec,MP003,schema_type,relation_type_invalid;evidence_invalid;relation_not_entailed
MPT-9b8b9c722434c5605641,MP019,evidence,evidence_invalid
MPT-9b8be80ebb9f456f4d91,MP019,evidence,evidence_invalid
MPT-9b95dd255cedd9579e53,MP003,evidence,evidence_invalid
MPT-9b9a9cb5ec360c54892b,MP021,evidence,evidence_invalid;relation_not_entailed
MPT-9b9cb37598e47b7edad8,MP019,evidence,evidence_invalid;relation_not_entailed
MPT-9b9d932c00588c81e45a,MP019,schema_type,relation_type_invalid
MPT-9bab707a222b4d7d6292,MP003,evidence,evidence_invalid
MPT-9bddd4a30214f6db10b0,MP019,schema_type,relation_type_invalid;evidence_invalid;relation_not_entailed
MPT-9bf419491053193bcd16,MP003,evidence,evidence_invalid;relation_not_entailed
MPT-9c07a6689c1effb3f646,MP002,evidence,evidence_invalid
MPT-9c10a3e5910d3464044d,MP022,relation_support,dual_qwen_relation_not_entailed
MPT-9c157c705c16801f5f56,MP016,evidence,evidence_invalid;relation_not_entailed
MPT-9c1db8e9b4a0cf0b138c,MP017,evidence,evidence_invalid;relation_not_entailed
MPT-9c2810cce59c0a72d05b,MP003,evidence,evidence_invalid
MPT-9c2c8ca4f07342d28f9c,MP017,evidence,evidence_invalid;relation_not_entailed
MPT-9c442c2a93dc98720b35,MP001,evidence,evidence_invalid;relation_not_entailed
MPT-9c4c23a60edfaf140e9a,MP021,evidence,evidence_invalid;relation_not_entailed
MPT-9c50bdf619a9d3774696,MP003,evidence,evidence_invalid;relation_not_entailed
MPT-9c55c4a7426bb8710fe8,MP019,evidence,evidence_invalid;relation_not_entailed
MPT-9c5945044e37a36a2515,MP003,evidence,evidence_invalid;relation_not_entailed
MPT-9c915d75161cb4da7cd1,MP005,evidence,evidence_invalid;relation_not_entailed
MPT-9c93600317ec5bf52257,MP019,evidence,evidence_invalid
MPT-9ca8dc930ceae1bfb1f5,MP002,evidence,evidence_invalid
MPT-9cb37119b10264c822ea,MP003,schema_type,relation_type_invalid;evidence_invalid
MPT-9cb50713aed8703e31fd,MP001,evidence,evidence_invalid;relation_not_entailed
MPT-9cb890a6fc1d160207a9,MP021,evidence,evidence_invalid;relation_not_entailed
MPT-9cbfb40034d4ac1ef678,MP019,schema_type,relation_type_invalid;evidence_invalid
MPT-9ccd4f3dd17f1b0f24e6,MP004,evidence,evidence_invalid
MPT-9ccda609de5223719fac,MP016,evidence,evidence_invalid;relation_not_entailed
MPT-9ccf5c40ec73b074a082,MP003,evidence,evidence_invalid
MPT-9ccfc7b35ece564163cc,MP019,schema_type,relation_type_invalid
MPT-9cd938ad21b416695df9,MP018,evidence,evidence_invalid;relation_not_entailed
MPT-9cf11b7fdccfb3f99ca3,MP002,evidence,evidence_invalid
MPT-9cf33196bd313f0ced68,MP003,evidence,evidence_invalid;relation_not_entailed
MPT-9cf545cd056b21911e2a,MP003,evidence,evidence_invalid;relation_not_entailed
MPT-9cfb855af632ab366d04,MP017,evidence,evidence_invalid;relation_not_entailed
MPT-9d000d5857d11c827dba,MP003,schema_type,relation_type_invalid;evidence_invalid
MPT-9d09f56aad0768bba9b3,MP002,schema_type,relation_type_invalid;evidence_invalid
MPT-9d0c0cae714e66e19504,MP001,evidence,evidence_invalid;relation_not_entailed
MPT-9d2a0929bdb4822abf24,MP007,evidence,evidence_invalid
MPT-9d32bd806b21a54da5b9,MP003,evidence,evidence_invalid;relation_not_entailed
MPT-9d3a0fe8c37123fb0fe9,MP019,evidence,evidence_invalid
MPT-9d432b79e6f0438b4d2c,MP016,evidence,evidence_invalid;relation_not_entailed
MPT-9d4727a470d2d87376dd,MP016,evidence,evidence_invalid;relation_not_entailed
MPT-9d48ab4ae6f8f5e6ecf6,MP019,evidence,evidence_invalid;relation_not_entailed
MPT-9d4f25d06197a0afbc98,MP019,evidence,evidence_invalid;relation_not_entailed
MPT-9d567819eee44f21ef44,MP019,evidence,evidence_invalid;relation_not_entailed
MPT-9d60c5656bad84e74a11,MP015,relation_support,dual_qwen_relation_not_entailed
MPT-9d613e05353de1b97357,MP001,evidence,evidence_invalid;relation_not_entailed
MPT-9d72dd6054e1cf874ded,MP016,evidence,evidence_invalid;relation_not_entailed
MPT-9d768cd511180416f32a,MP022,schema_type,relation_type_invalid
MPT-9d8005dcd6328ea7b3d2,MP002,evidence,evidence_invalid
MPT-9d90f259301d47f6594d,MP019,evidence,evidence_invalid
MPT-9d94d7150864a0ecf168,MP020,evidence,evidence_invalid;relation_not_entailed
MPT-9d9c041d09d4d8a5ae17,MP021,evidence,evidence_invalid;relation_not_entailed
MPT-9da35ceaec448dc9259c,MP006,schema_type,relation_type_invalid
MPT-9da3c2852d61ed39b359,MP016,schema_type,relation_type_invalid;evidence_invalid;relation_not_entailed
MPT-9da8b3c57ef2a3db463d,MP005,schema_type,relation_type_invalid;evidence_invalid;relation_not_entailed
MPT-9dac3968715b30eb4117,MP002,evidence,evidence_invalid
MPT-9db777bacca38eccbfac,MP002,evidence,evidence_invalid
MPT-9db9b897f087d2bbda94,MP001,evidence,evidence_invalid;relation_not_entailed
MPT-9dbe9b802b8c0addc14d,MP017,evidence,evidence_invalid;relation_not_entailed
MPT-9dc11356559e90587051,MP018,evidence,evidence_invalid;relation_not_entailed
MPT-9dc77f22058bedf4a73d,MP005,evidence,evidence_invalid
MPT-9dccdc4bfcbedf426adb,MP003,evidence,evidence_invalid
MPT-9de3f0ea7e61017f53ee,MP016,evidence,evidence_invalid;relation_not_entailed
MPT-9def06d2f65ea8ff42c8,MP005,evidence,evidence_invalid
MPT-9df00b4e99c6ebb04261,MP003,evidence,evidence_invalid;relation_not_entailed
MPT-9df14ba9c44ca5147aeb,MP001,evidence,evidence_invalid;relation_not_entailed
MPT-9df7f60e0d93b717a931,MP002,evidence,evidence_invalid
MPT-9dff91a383c067a05bab,MP016,evidence,evidence_invalid;relation_not_entailed
MPT-9e1c3523def92d96ff14,MP021,schema_type,relation_type_invalid
MPT-9e2778bd5f6a45e7f049,MP017,schema_type,relation_type_invalid;evidence_invalid;relation_not_entailed
MPT-9e3018f5f52e769a8a47,MP002,evidence,evidence_invalid
MPT-9e3541d4a46375279964,MP005,evidence,evidence_invalid;relation_not_entailed
MPT-9e435c4859e16940d549,MP019,schema_type,relation_type_invalid;evidence_invalid
MPT-9e4a92c7648744b390e5,MP004,evidence,evidence_invalid;relation_not_entailed
MPT-9e5fd23ed3e8697b9176,MP003,evidence,evidence_invalid;relation_not_entailed
MPT-9e691e92f21f346e87c0,MP001,evidence,evidence_invalid;relation_not_entailed
MPT-9e74a1b219df305cdd39,MP001,evidence,evidence_invalid
MPT-9e76ecb8fbb56cdca8ae,MP019,schema_type,relation_type_invalid
MPT-9e8fa351de746280f6d8,MP018,relation_support,dual_qwen_relation_not_entailed
MPT-9e946737f4c077c47dbd,MP002,evidence,evidence_invalid
MPT-9eb7415e719051b81a2f,MP019,evidence,evidence_invalid;relation_not_entailed
MPT-9ef584102061e6a126f4,MP003,evidence,evidence_invalid;relation_not_entailed
MPT-9ef7d922839819ecc0f0,MP002,evidence,evidence_invalid
MPT-9f2480d77069c4ed7502,MP003,evidence,evidence_invalid;relation_not_entailed
MPT-9f2bb511009972d71378,MP001,schema_type,relation_type_invalid;evidence_invalid;relation_not_entailed
MPT-9f356a16422cba9630c0,MP016,evidence,evidence_invalid;relation_not_entailed
MPT-9f4a23656763fa2d6590,MP002,evidence,evidence_invalid
MPT-9f6fe6b3ab798bbe2dfd,MP019,evidence,evidence_invalid
MPT-9f77f2d00ba8f6882cd5,MP019,evidence,evidence_invalid
MPT-9f80484634e6384621ae,MP017,schema_type,relation_type_invalid;evidence_invalid;relation_not_entailed
MPT-9f874a96f59d6e7c2801,MP003,relation_support,dual_qwen_relation_not_entailed
MPT-9f8c56f919d0eb4c09f7,MP021,evidence,evidence_invalid;relation_not_entailed
MPT-9f8cb6b4c70088be27c2,MP003,schema_type,relation_type_invalid;evidence_invalid;relation_not_entailed
MPT-9f9bc9a5bed13c5c6feb,MP003,evidence,evidence_invalid;relation_not_entailed
MPT-9f9e4e9b8c1dfab44052,MP020,evidence,evidence_invalid;relation_not_entailed
MPT-9fa1f33b1f1a5c594675,MP003,evidence,evidence_invalid
MPT-9fc30a0ecba89ad925e3,MP002,evidence,evidence_invalid
MPT-9fdd04bd5a2bb63e79ae,MP020,evidence,evidence_invalid;relation_not_entailed
MPT-9fde631634a7dc61e716,MP001,evidence,evidence_invalid;relation_not_entailed
MPT-9fe65697ec855cb2ffa0,MP003,evidence,evidence_invalid;relation_not_entailed
MPT-9fefa943f5104cc5f014,MP003,evidence,evidence_invalid
MPT-9ff676a3de2386e277a6,MP003,evidence,evidence_invalid;relation_not_entailed
MPT-9ff8b6538a8c2c5fdaf6,MP019,evidence,evidence_invalid;relation_not_entailed
MPT-9ff9c141141125101da5,MP019,evidence,evidence_invalid;relation_not_entailed
MPT-9ffe50edc76fa603c445,MP002,evidence,evidence_invalid
MPT-a006e8e3509425931d78,MP003,schema_type,relation_type_invalid;evidence_invalid;relation_not_entailed
MPT-a0071c3f0343643297bd,MP019,evidence,evidence_invalid
MPT-a04438726687b69481c7,MP003,schema_type,relation_type_invalid;evidence_invalid;relation_not_entailed
MPT-a04a42d3199a9fd77773,MP001,relation_support,dual_qwen_relation_not_entailed
MPT-a05793d0c0989502ba8e,MP019,evidence,evidence_invalid
MPT-a0638dd2fefd38aa5b14,MP003,schema_type,relation_type_invalid;evidence_invalid
MPT-a07f53fdd4c5b1d879a5,MP005,schema_type,relation_type_invalid
MPT-a080f8c2f7d12b516344,MP019,evidence,evidence_invalid
MPT-a0928b9dbe61c90ff1da,MP005,evidence,evidence_invalid
MPT-a09eccd27ac7a47d360f,MP005,schema_type,relation_type_invalid
MPT-a0cb583b486e72cd5508,MP021,evidence,evidence_invalid;relation_not_entailed
MPT-a0d7dcc05413c554fd94,MP003,evidence,evidence_invalid
MPT-a0dca8a256a7472816d2,MP016,evidence,evidence_invalid;relation_not_entailed
MPT-a0dfab784ffff23f9981,MP005,evidence,evidence_invalid;relation_not_entailed
MPT-a0e21661c1e3c9a0d333,MP003,schema_type,relation_type_invalid;evidence_invalid;relation_not_entailed
MPT-a0f5c2647e335b43838c,MP016,evidence,evidence_invalid;relation_not_entailed
MPT-a10095225ee15da30a5a,MP003,evidence,evidence_invalid
MPT-a107ced8ae268bac344a,MP002,schema_type,relation_type_invalid
MPT-a10c5451ff20cf125f75,MP003,evidence,evidence_invalid;relation_not_entailed
MPT-a125b6f076e0221ed654,MP015,evidence,evidence_invalid
MPT-a12cad3406bf8e036953,MP020,schema_type,relation_type_invalid;evidence_invalid;relation_not_entailed
MPT-a12d74e9ccc3939c25ec,MP003,evidence,evidence_invalid;relation_not_entailed
MPT-a132468becc9ba9d54a1,MP002,evidence,evidence_invalid
MPT-a134fb06826c3cd94d07,MP002,evidence,evidence_invalid
MPT-a14731700e08e03dd739,MP019,evidence,evidence_invalid;relation_not_entailed
MPT-a15f65fd0650d037f678,MP003,evidence,evidence_invalid
MPT-a18e47d704e6d6af9fbd,MP019,evidence,evidence_invalid
MPT-a1956c0fcad94712c52e,MP003,schema_type,relation_type_invalid
MPT-a1aee9a870260848d940,MP019,schema_type,relation_type_invalid;evidence_invalid;relation_not_entailed
MPT-a1baf4ef3bc5f91b5bb5,MP019,schema_type,relation_type_invalid;evidence_invalid;relation_not_entailed
MPT-a1bda9b6fe092e9409e9,MP019,schema_type,relation_type_invalid;evidence_invalid
MPT-a1c5246490125757b8ec,MP002,evidence,evidence_invalid
MPT-a1daf5654a4e9a0612a3,MP021,evidence,evidence_invalid
MPT-a1e240dfb679c63ca43e,MP005,schema_type,relation_type_invalid
MPT-a1e3b957a2760ab8950f,MP002,evidence,evidence_invalid
MPT-a1e7325553ee9ef86a23,MP019,evidence,evidence_invalid
MPT-a1f41941d63829e128de,MP015,evidence,evidence_invalid
MPT-a20f024ea0acb4edea95,MP003,schema_type,relation_type_invalid;evidence_invalid;relation_not_entailed
MPT-a2341b367d7995fda824,MP004,evidence,evidence_invalid
MPT-a24746659362651e232d,MP001,evidence,evidence_invalid;relation_not_entailed
MPT-a24d7f50a485f461349d,MP003,evidence,evidence_invalid;relation_not_entailed
MPT-a25976f2e5f2c32ed9e4,MP005,evidence,evidence_invalid
MPT-a26477e980270d5e9cfd,MP003,evidence,evidence_invalid
MPT-a2648943ceb4907b2ec0,MP016,evidence,evidence_invalid;relation_not_entailed
MPT-a27546e23ba9aced30b1,MP001,schema_type,relation_type_invalid
MPT-a278e9d3230baf4c733a,MP019,evidence,evidence_invalid
MPT-a281288f8b133d4ee1fb,MP003,schema_type,relation_type_invalid;evidence_invalid
MPT-a2a6f026218f857b86ad,MP017,evidence,evidence_invalid;relation_not_entailed
MPT-a2a7591b0cb1e7da27d1,MP019,evidence,evidence_invalid
MPT-a2a7f17d420fa1e129a6,MP003,relation_support,dual_qwen_relation_not_entailed
MPT-a2ab9b81a89585828d47,MP002,evidence,evidence_invalid
MPT-a2ac1edc3cbd5803ee20,MP001,schema_type,relation_type_invalid;evidence_invalid;relation_not_entailed
MPT-a2b4169c2b8f7018b3d2,MP001,evidence,evidence_invalid
MPT-a2be661dc8dbb332af47,MP003,schema_type,relation_type_invalid;evidence_invalid
MPT-a2bfd05a80b0e1120485,MP021,evidence,evidence_invalid;relation_not_entailed
MPT-a2dbccdff0454790ac6e,MP007,evidence,evidence_invalid
MPT-a2ed84425a54cb085e42,MP005,schema_type,relation_type_invalid
MPT-a2fa20c3853cc76d355b,MP016,evidence,evidence_invalid;relation_not_entailed
MPT-a30d51adb2769e7754e8,MP019,evidence,evidence_invalid
MPT-a315877e7f072c4031ff,MP003,evidence,evidence_invalid
MPT-a319e6d3184cbdd3890d,MP003,schema_type,relation_type_invalid;evidence_invalid;relation_not_entailed
MPT-a32b3f92796b2debc22e,MP007,evidence,evidence_invalid;relation_not_entailed
MPT-a33d5a4c2bc470f29bb4,MP022,evidence,evidence_invalid;relation_not_entailed
MPT-a34dba7c4bf92db7ddda,MP017,evidence,evidence_invalid;relation_not_entailed
MPT-a37b2792e2ed5269ac39,MP001,evidence,evidence_invalid
MPT-a37b46a0fbe10fe531fb,MP007,evidence,evidence_invalid;relation_not_entailed
MPT-a3c213d2cfcce73cb0ed,MP022,evidence,evidence_invalid;relation_not_entailed
MPT-a3d4c4262efdc6991e4c,MP005,evidence,evidence_invalid;relation_not_entailed
MPT-a3d790acc6c8d0558455,MP021,evidence,evidence_invalid;relation_not_entailed
MPT-a3df8e5a3474e5684040,MP019,evidence,evidence_invalid
MPT-a3ee64241d7661f5c93f,MP019,evidence,evidence_invalid;relation_not_entailed
MPT-a3efc763f41c334189b6,MP003,schema_type,relation_type_invalid
MPT-a3fef7e4fc872bc24543,MP001,evidence,evidence_invalid;relation_not_entailed
MPT-a417fc8a65ea0f7c9b22,MP003,schema_type,relation_type_invalid;evidence_invalid;relation_not_entailed
MPT-a4183118843c22649102,MP005,evidence,evidence_invalid;relation_not_entailed
MPT-a42ef2f69a28ee28ff8b,MP005,evidence,evidence_invalid
MPT-a43136fdf90f294df3a1,MP003,schema_type,relation_type_invalid
MPT-a43239a40ee344929d89,MP004,evidence,evidence_invalid;relation_not_entailed
MPT-a443f110f9f7a476b2ce,MP022,evidence,evidence_invalid;relation_not_entailed
MPT-a46d30c1c993e2fc5452,MP016,relation_support,dual_qwen_relation_not_entailed
MPT-a48bf7457219fec5bbe9,MP022,evidence,evidence_invalid;relation_not_entailed
MPT-a4955775df44bfe9fd2d,MP003,evidence,evidence_invalid;relation_not_entailed
MPT-a4975842507344a589d7,MP019,evidence,evidence_invalid
MPT-a4ab1194aeb64f9f0c4c,MP005,evidence,evidence_invalid;relation_not_entailed
MPT-a4b707eea22396e37e22,MP003,evidence,evidence_invalid
MPT-a4c8149fd613f0991e20,MP001,evidence,evidence_invalid;relation_not_entailed
MPT-a4c88d81b314a2778927,MP019,evidence,evidence_invalid;relation_not_entailed
MPT-a4e868654ff25a7c1a8f,MP019,evidence,evidence_invalid
MPT-a4f0beff36f8057807c5,MP003,relation_support,dual_qwen_relation_not_entailed
MPT-a4f9a015886239cf7d75,MP003,evidence,evidence_invalid
MPT-a5076f073398484ae63c,MP019,schema_type,relation_type_invalid
MPT-a522fae56a03cf2c16b6,MP003,evidence,evidence_invalid
MPT-a52a688597d2fd6bdf98,MP001,evidence,evidence_invalid;relation_not_entailed
MPT-a52fc6e6fea765c604dd,MP003,schema_type,relation_type_invalid;evidence_invalid;relation_not_entailed
MPT-a531dfd3269932a3896f,MP001,relation_support,dual_qwen_relation_not_entailed
MPT-a546d2318442e3e372ce,MP003,evidence,evidence_invalid;relation_not_entailed
MPT-a54f2f6cc3ded76913e5,MP019,evidence,evidence_invalid
MPT-a554938ae4446fb1d926,MP001,schema_type,relation_type_invalid;evidence_invalid;relation_not_entailed
MPT-a55510d9b39e3b7cba5d,MP016,evidence,evidence_invalid;relation_not_entailed
MPT-a567f2775f1ab34d109e,MP005,evidence,evidence_invalid
MPT-a5847b49ed380f9b4c7b,MP001,evidence,evidence_invalid;relation_not_entailed
MPT-a586debf45e96f550b6d,MP018,below_candidate_0.60,below_candidate_confidence
MPT-a58b04c8fb6e1f481506,MP018,relation_support,dual_qwen_relation_not_entailed
MPT-a593e763a946ac64236c,MP003,evidence,evidence_invalid
MPT-a5ab212d92c1e3363c59,MP020,evidence,evidence_invalid;relation_not_entailed
MPT-a5b44392754b5cb4f81c,MP017,evidence,evidence_invalid;relation_not_entailed
MPT-a5be7635429d66553ded,MP005,relation_support,dual_qwen_relation_not_entailed
MPT-a5bf8865375c148f618b,MP003,evidence,evidence_invalid
MPT-a5bfc6b81900bff9f9ab,MP003,evidence,evidence_invalid
MPT-a5c5f1e40f9f8cc65311,MP019,evidence,evidence_invalid;relation_not_entailed
MPT-a5cd464a61d6ce0d83c5,MP007,evidence,evidence_invalid
MPT-a5dcf6b3ca318d8a4695,MP019,evidence,evidence_invalid;relation_not_entailed
MPT-a5eb60b160b52df72475,MP015,relation_support,dual_qwen_relation_not_entailed
MPT-a601fba5ba5d85c25d07,MP017,evidence,evidence_invalid;relation_not_entailed
MPT-a60db2f27eb0f79fac37,MP003,evidence,evidence_invalid;relation_not_entailed
MPT-a60f1d48cf21121fe1d4,MP019,evidence,evidence_invalid
MPT-a624e257f11ccad6fa29,MP005,evidence,evidence_invalid
MPT-a62f896e91f94a03c4ac,MP002,evidence,evidence_invalid
MPT-a63dbfbfda7067206582,MP003,evidence,evidence_invalid
MPT-a640844ff905a5088bd5,MP001,schema_type,relation_type_invalid
MPT-a6448560a31c2cd0a881,MP019,evidence,evidence_invalid;relation_not_entailed
MPT-a656ad9fc18a90a4ac5a,MP016,evidence,evidence_invalid;relation_not_entailed
MPT-a669162ea279f17c1795,MP002,evidence,evidence_invalid;relation_not_entailed
MPT-a67572ad6ca614e6b2d7,MP002,evidence,evidence_invalid;relation_not_entailed
MPT-a68ca3825cc6eb225f17,MP003,schema_type,relation_type_invalid;evidence_invalid;relation_not_entailed
MPT-a69cd5d0c7ec5f2e3b52,MP019,evidence,evidence_invalid;relation_not_entailed
MPT-a6c40d7a60d85bd9b5bd,MP015,schema_type,relation_type_invalid
MPT-a6e18238f6b952bcdcb7,MP021,evidence,evidence_invalid;relation_not_entailed
MPT-a6f6c3391ebf3ad8e6db,MP003,relation_support,dual_qwen_relation_not_entailed
MPT-a713d909190a23c87a12,MP004,evidence,evidence_invalid;relation_not_entailed
MPT-a717286c8fa9d1ab566a,MP019,evidence,evidence_invalid
MPT-a722fb088373f9c397c3,MP019,evidence,evidence_invalid;relation_not_entailed
MPT-a723135fc26dcb95e432,MP003,evidence,evidence_invalid;relation_not_entailed
MPT-a7256fdeff42d71c1303,MP004,evidence,evidence_invalid;relation_not_entailed
MPT-a72f553a6f1a0c326f1c,MP019,schema_type,relation_type_invalid;evidence_invalid
MPT-a7392940d72646fc5d52,MP007,evidence,evidence_invalid
MPT-a73aa9fd00e26b5694d4,MP019,evidence,evidence_invalid
MPT-a7461342781318b6fcfc,MP019,evidence,evidence_invalid
MPT-a77bdf598ebf63e482af,MP015,relation_support,dual_qwen_relation_not_entailed
MPT-a77e23a84b00380f79fb,MP002,evidence,evidence_invalid
MPT-a787cb63764581b3c7c5,MP003,schema_type,relation_type_invalid
MPT-a791e229ca9d9fde172c,MP003,schema_type,relation_type_invalid;evidence_invalid;relation_not_entailed
MPT-a7a1380de20173549580,MP003,schema_type,relation_type_invalid;evidence_invalid
MPT-a7a32db6ce7b5e5ca821,MP015,evidence,evidence_invalid
MPT-a7b42c74b2e537e4b236,MP020,evidence,evidence_invalid;relation_not_entailed
MPT-a7bd41421fb746e1b0bb,MP001,evidence,evidence_invalid;relation_not_entailed
MPT-a7d81e1894b82fcc291c,MP015,evidence,evidence_invalid;relation_not_entailed
MPT-a7e141c9eb543079bdce,MP003,evidence,evidence_invalid;relation_not_entailed
MPT-a7eedff24c30e1f0dae3,MP019,evidence,evidence_invalid
MPT-a7f5a83bfd4a4eec9efe,MP001,schema_type,relation_type_invalid;evidence_invalid;relation_not_entailed
MPT-a7f8b2d37beee4452863,MP016,evidence,evidence_invalid;relation_not_entailed
MPT-a80e46f917815dd9634a,MP019,evidence,evidence_invalid
MPT-a80e7ffc6ae58c25d99e,MP005,relation_support,dual_qwen_relation_not_entailed
MPT-a823a8acaf782aec53a8,MP003,schema_type,relation_type_invalid;evidence_invalid
MPT-a824b72ae3cffeefc694,MP005,evidence,evidence_invalid;relation_not_entailed
MPT-a82b449e7f22cb2d649c,MP019,evidence,evidence_invalid;relation_not_entailed
MPT-a8559d9013135608abdb,MP019,evidence,evidence_invalid
MPT-a8600d896b6b334db253,MP018,evidence,evidence_invalid;relation_not_entailed
MPT-a86045eb6ffa344548f7,MP003,schema_type,relation_type_invalid;evidence_invalid;relation_not_entailed
MPT-a87b2265298df254043a,MP004,evidence,evidence_invalid;relation_not_entailed
MPT-a885ab7b5c8baf7117ab,MP002,evidence,evidence_invalid;relation_not_entailed
MPT-a895962c59131167525f,MP004,relation_support,dual_qwen_relation_not_entailed
MPT-a898ec56e3178558ce01,MP002,evidence,evidence_invalid
MPT-a8999b6da99f3c8345a6,MP007,evidence,evidence_invalid;relation_not_entailed
MPT-a8bde2d4daccf3916d6e,MP003,schema_type,relation_type_invalid;evidence_invalid
MPT-a8c306e113da5823f40c,MP002,evidence,evidence_invalid
MPT-a8fcfd92b81ea7fb900d,MP003,evidence,evidence_invalid
MPT-a90a3b7cfa8b4ca48215,MP019,evidence,evidence_invalid;relation_not_entailed
MPT-a9290cec7532c22eece5,MP001,evidence,evidence_invalid;relation_not_entailed
MPT-a92c2872921d80238199,MP003,relation_support,dual_qwen_relation_not_entailed
MPT-a93e866d5adea61cb861,MP019,evidence,evidence_invalid
MPT-a93ff4c17c658b7b8d2c,MP003,relation_support,dual_qwen_relation_not_entailed
MPT-a95aa1b6618e187b98ee,MP003,evidence,evidence_invalid
MPT-a95cdcb41125dd54acaa,MP018,evidence,evidence_invalid;relation_not_entailed
MPT-a96e33c84cdd42377e3d,MP005,evidence,evidence_invalid
MPT-a96f4176422b11a85e6e,MP001,evidence,evidence_invalid
MPT-a99df3bbd0f1d5b8f641,MP003,schema_type,relation_type_invalid
MPT-a9a6ad1b1a9c9fb80706,MP017,schema_type,relation_type_invalid;evidence_invalid;relation_not_entailed
MPT-a9abcba325f1ad34ed16,MP019,schema_type,relation_type_invalid;evidence_invalid;relation_not_entailed
MPT-a9bc2f431c3d5d0a29ff,MP003,schema_type,relation_type_invalid;evidence_invalid
MPT-a9c48a8072f200dbe008,MP005,schema_type,relation_type_invalid;evidence_invalid
MPT-a9c76350ab190b78cbcc,MP016,evidence,evidence_invalid;relation_not_entailed
MPT-a9d14540db1001b30a16,MP001,schema_type,relation_type_invalid;evidence_invalid;relation_not_entailed
MPT-a9df5d7d38a564297a83,MP004,evidence,evidence_invalid;relation_not_entailed
MPT-a9ea5e5b4a3a7b86c54a,MP019,evidence,evidence_invalid;relation_not_entailed
MPT-a9f24a595b0345fca1ce,MP019,evidence,evidence_invalid
MPT-aa00368d7e34115a037c,MP003,evidence,evidence_invalid
MPT-aa06bbdeee7400e3e39c,MP015,relation_support,dual_qwen_relation_not_entailed
MPT-aa0e8ccd3665dbbb4048,MP020,evidence,evidence_invalid;relation_not_entailed
MPT-aa103e57499093d25271,MP019,evidence,evidence_invalid
MPT-aa1fe3778b0604aba750,MP020,evidence,evidence_invalid;relation_not_entailed
MPT-aa2207df639762af4339,MP007,evidence,evidence_invalid
MPT-aa2a1d71cb8a7ae19e50,MP003,schema_type,relation_type_invalid
MPT-aa2ebfbc7da4a62e8163,MP003,evidence,evidence_invalid
MPT-aa4412fb25b77b8650b0,MP003,schema_type,relation_type_invalid
MPT-aa4bb0ec0e5541708b6d,MP001,evidence,evidence_invalid
MPT-aa4bcf750e37079d745a,MP003,evidence,evidence_invalid;relation_not_entailed
MPT-aa4e581afe038a5269f6,MP003,schema_type,relation_type_invalid
MPT-aa7008abac1bcc390b73,MP005,evidence,evidence_invalid;relation_not_entailed
MPT-aaac01451a2f94cacec9,MP001,relation_support,dual_qwen_relation_not_entailed
MPT-aaadf41c3e41e164cbee,MP020,evidence,evidence_invalid;relation_not_entailed
MPT-aab4358968dda542467e,MP003,schema_type,relation_type_invalid;evidence_invalid
MPT-aacdedc38b72cc3b6d83,MP003,relation_support,dual_qwen_relation_not_entailed
MPT-aad2546b7873824ec165,MP019,evidence,evidence_invalid;relation_not_entailed
MPT-aad670dc8faf057e312f,MP021,evidence,evidence_invalid;relation_not_entailed
MPT-aafafc40d92a2c177b19,MP003,evidence,evidence_invalid
MPT-aaff43ea7afec070b530,MP003,relation_support,dual_qwen_relation_not_entailed
MPT-ab0cc33b3680d6f7a9d1,MP019,evidence,evidence_invalid;relation_not_entailed
MPT-ab0eec1a85874bd43165,MP002,evidence,evidence_invalid
MPT-ab16380006d972667d6e,MP016,evidence,evidence_invalid;relation_not_entailed
MPT-ab198d2b422c97ef083d,MP022,evidence,evidence_invalid;relation_not_entailed
MPT-ab1d8d52294a813f7339,MP018,schema_type,relation_type_invalid;evidence_invalid;relation_not_entailed
MPT-ab34b2d6c78f7a35dd62,MP019,schema_type,relation_type_invalid;evidence_invalid
MPT-ab4c2081179bf0cdef16,MP018,evidence,evidence_invalid;relation_not_entailed
MPT-ab4d28bdb70c7973c431,MP019,evidence,evidence_invalid;relation_not_entailed
MPT-ab6064dbfe57532c6961,MP003,evidence,evidence_invalid;relation_not_entailed
MPT-ab7008fab25b051e3d4d,MP015,evidence,evidence_invalid;relation_not_entailed
MPT-ab75d09a8284640aedf2,MP002,schema_type,relation_type_invalid;evidence_invalid;relation_not_entailed
MPT-ab9501960388e0831c88,MP020,evidence,evidence_invalid;relation_not_entailed
MPT-ab9a03e3ba79bc950f2b,MP019,evidence,evidence_invalid;relation_not_entailed
MPT-abaddedf8bacb5a0292d,MP004,evidence,evidence_invalid
MPT-abaff6ca197b44b80f89,MP004,evidence,evidence_invalid;relation_not_entailed
MPT-abb39784847a5278330a,MP003,relation_support,dual_qwen_relation_not_entailed
MPT-abbb0bcf47774f2c21ff,MP002,evidence,evidence_invalid
MPT-abea367466352fa7328d,MP019,schema_type,relation_type_invalid;evidence_invalid;relation_not_entailed
MPT-abec1c8274f48c64a03b,MP003,schema_type,relation_type_invalid
MPT-abee2f297e48b0b01915,MP004,evidence,evidence_invalid;relation_not_entailed
MPT-abf5caaa4dd728da1eb8,MP001,evidence,evidence_invalid;relation_not_entailed
MPT-ac0deb89a33a10b94e55,MP018,schema_type,relation_type_invalid
MPT-ac17ea1d649bc7fd101c,MP001,evidence,evidence_invalid;relation_not_entailed
MPT-ac18a825db78514ebc7c,MP019,evidence,evidence_invalid
MPT-ac22d4bb91a99b43932a,MP003,evidence,evidence_invalid;relation_not_entailed
MPT-ac26bfa419c62ecd7c08,MP002,schema_type,relation_type_invalid;evidence_invalid
MPT-ac56dd2056541e1bf2e4,MP005,relation_support,dual_qwen_relation_not_entailed
MPT-ac5b0fab3193fae17a2f,MP016,evidence,evidence_invalid;relation_not_entailed
MPT-ac7149b6c676334bf161,MP001,evidence,evidence_invalid;relation_not_entailed
MPT-ac72a0ff314f7d4072c8,MP001,evidence,evidence_invalid;relation_not_entailed
MPT-ac917a6b2a6c55dbf9ea,MP019,evidence,evidence_invalid
MPT-ac94f30ece6680c2a638,MP019,evidence,evidence_invalid
MPT-acc33da427e7747d4b66,MP019,evidence,evidence_invalid;relation_not_entailed
MPT-acccd19a081426fff2ba,MP002,evidence,evidence_invalid
MPT-aceb74d0522263f0b7a0,MP003,evidence,evidence_invalid;relation_not_entailed
MPT-acecc99fe7f26aa4a284,MP020,schema_type,relation_type_invalid;evidence_invalid;relation_not_entailed
MPT-ad00b48ae96447458b63,MP004,evidence,evidence_invalid;relation_not_entailed
MPT-ad00e1146f02e2a6b1c1,MP003,relation_support,dual_qwen_relation_not_entailed
MPT-ad0d08273190f24215d9,MP019,evidence,evidence_invalid
MPT-ad177ba52c77efa5b8d9,MP003,evidence,evidence_invalid
MPT-ad22d061b6c0dc067e43,MP019,evidence,evidence_invalid;relation_not_entailed
MPT-ad33e2b66696381de47f,MP007,evidence,evidence_invalid;relation_not_entailed
MPT-ad392271359404232995,MP003,schema_type,relation_type_invalid
MPT-ad3e44e1f96f65bb432b,MP020,schema_type,relation_type_invalid
MPT-ad3ef18c059f05268d91,MP002,evidence,evidence_invalid
MPT-ad461b050f8c9c4d4377,MP002,evidence,evidence_invalid
MPT-ad54c45a8c7a01ca08fb,MP005,schema_type,relation_type_invalid
MPT-ad6a36c8527370f2c2ef,MP005,evidence,evidence_invalid;relation_not_entailed
MPT-ad7d1c03109d8ead462a,MP002,evidence,evidence_invalid
MPT-ad8087305127ee12bdca,MP003,schema_type,relation_type_invalid
MPT-ad80ff4e011b12174f60,MP019,evidence,evidence_invalid;relation_not_entailed
MPT-ad8964463d26d9fb3beb,MP017,evidence,evidence_invalid;relation_not_entailed
MPT-ad8abac69b9d9d7c8df0,MP001,schema_type,relation_type_invalid;evidence_invalid;relation_not_entailed
MPT-ad9cc6bda11e9e852e80,MP002,evidence,evidence_invalid
MPT-ad9f2f9896670135241c,MP019,schema_type,relation_type_invalid;evidence_invalid
MPT-ada47a984312ccbf9786,MP003,evidence,evidence_invalid;relation_not_entailed
MPT-adaf40578290b0dc95be,MP019,evidence,evidence_invalid;relation_not_entailed
MPT-adb7b169e15be173a2b1,MP002,schema_type,relation_type_invalid
MPT-adbddd388c00702dc313,MP003,relation_support,dual_qwen_relation_not_entailed
MPT-adca91343f751b2ace11,MP019,evidence,evidence_invalid;relation_not_entailed
MPT-add46b011ee27e206d5d,MP005,evidence,evidence_invalid;relation_not_entailed
MPT-ade393282ade15fcf80e,MP003,evidence,evidence_invalid;relation_not_entailed
MPT-adef52d79685df296c42,MP007,schema_type,relation_type_invalid
MPT-adf39279a52c7e98e0be,MP005,schema_type,relation_type_invalid;evidence_invalid;relation_not_entailed
MPT-ae0423ee8e7c8c1b3015,MP015,evidence,evidence_invalid;relation_not_entailed
MPT-ae0a902ea9b90ac262ad,MP005,evidence,evidence_invalid;relation_not_entailed
MPT-ae0dec30fa7e22915521,MP019,evidence,evidence_invalid
MPT-ae1c7e4a6f0c21c108e8,MP004,evidence,evidence_invalid;relation_not_entailed
MPT-ae1fe796076c1be8bfd4,MP002,evidence,evidence_invalid
MPT-ae22d1945d6d11c1b340,MP003,schema_type,relation_type_invalid;evidence_invalid
MPT-ae33364bf83a6bbab164,MP003,evidence,evidence_invalid;relation_not_entailed
MPT-ae3b647c665fa49b349a,MP019,evidence,evidence_invalid;relation_not_entailed
MPT-ae42271c517dd7ede478,MP021,evidence,evidence_invalid;relation_not_entailed
MPT-ae44619a09fbe8f3b7e6,MP019,schema_type,relation_type_invalid
MPT-ae4a58c410a80f3aae03,MP022,evidence,evidence_invalid;relation_not_entailed
MPT-ae5e9eccd52a64f8e5c0,MP019,schema_type,relation_type_invalid;evidence_invalid;relation_not_entailed
MPT-ae81d9b9c6b1eb3b6eb9,MP001,schema_type,relation_type_invalid
MPT-ae9d1a997ef448005bf5,MP007,evidence,evidence_invalid
MPT-ae9d6e6073abab885838,MP019,evidence,evidence_invalid;relation_not_entailed
MPT-aea29d2e2721deac95c5,MP005,evidence,evidence_invalid;relation_not_entailed
MPT-aebc36389259b431383a,MP003,evidence,evidence_invalid;relation_not_entailed
MPT-aec3a9f3d5383440b6dc,MP003,evidence,evidence_invalid;relation_not_entailed
MPT-aec71c13d35945588d7a,MP019,schema_type,relation_type_invalid;evidence_invalid;relation_not_entailed
MPT-aee7ee0e1b579c507903,MP006,evidence,evidence_invalid;relation_not_entailed
MPT-aef012683e3398106595,MP021,evidence,evidence_invalid;relation_not_entailed
MPT-aef39d91b511f0f0feb5,MP003,relation_support,dual_qwen_relation_not_entailed
MPT-af0b9b1b45b5132aa5d0,MP002,evidence,evidence_invalid
MPT-af0c08864b1bb38c110d,MP021,evidence,evidence_invalid;relation_not_entailed
MPT-af197c63745e621b1c24,MP003,schema_type,relation_type_invalid;evidence_invalid
MPT-af1bb47069bb47b111d9,MP003,relation_support,dual_qwen_relation_not_entailed
MPT-af1d7beaec1d532ff4ce,MP007,evidence,evidence_invalid;relation_not_entailed
MPT-af2757c16b2ae19fb38a,MP003,evidence,evidence_invalid;relation_not_entailed
MPT-af34f2b9c56e059ea6b4,MP019,evidence,evidence_invalid
MPT-af4bf70e7f6f4f3e2b32,MP015,evidence,evidence_invalid
MPT-af609ff1f05e8dcd837c,MP005,evidence,evidence_invalid;relation_not_entailed
MPT-af64a0b55a6ef51c1571,MP022,schema_type,relation_type_invalid;evidence_invalid;relation_not_entailed
MPT-af7a488336e0bd54b95f,MP001,schema_type,relation_type_invalid;evidence_invalid;relation_not_entailed
MPT-af80f1a2ce33f82c905f,MP003,evidence,evidence_invalid;relation_not_entailed
MPT-af88b525f18f364506c8,MP017,evidence,evidence_invalid;relation_not_entailed
MPT-af8f9777acf06333eb08,MP003,schema_type,relation_type_invalid
MPT-afa628eccc778ff33ad6,MP019,evidence,evidence_invalid;relation_not_entailed
MPT-afc29309d9069f9ebfc3,MP003,evidence,evidence_invalid;relation_not_entailed
MPT-afdc572b939b479310ca,MP007,evidence,evidence_invalid;relation_not_entailed
MPT-afdef8d230e201437354,MP021,evidence,evidence_invalid;relation_not_entailed
MPT-afe7e420ea49c31f0fa7,MP016,evidence,evidence_invalid;relation_not_entailed
MPT-b003dfd3f751d2292387,MP004,evidence,evidence_invalid;relation_not_entailed
MPT-b0152d2870d5f1609b57,MP016,evidence,evidence_invalid;relation_not_entailed
MPT-b01e077f98f78dd89608,MP002,evidence,evidence_invalid
MPT-b021a0e6fd17530b1b0d,MP001,relation_support,dual_qwen_relation_not_entailed
MPT-b02a2c19ddce653cbe04,MP021,evidence,evidence_invalid;relation_not_entailed
MPT-b053b65089860c5035ab,MP019,schema_type,relation_type_invalid;evidence_invalid;relation_not_entailed
MPT-b0575eb08b0442a51462,MP021,relation_support,dual_qwen_relation_not_entailed
MPT-b05bf0c70ac56847d3aa,MP005,evidence,evidence_invalid;relation_not_entailed
MPT-b06b4e0d7b996d5901c0,MP003,schema_type,relation_type_invalid;evidence_invalid;relation_not_entailed
MPT-b074fcb4fd17a9bc9ecf,MP019,evidence,evidence_invalid;relation_not_entailed
MPT-b07614dc4803ea8916f5,MP003,evidence,evidence_invalid;relation_not_entailed
MPT-b07a914674fc23583bd6,MP019,evidence,evidence_invalid
MPT-b083857147f92638937e,MP003,evidence,evidence_invalid;relation_not_entailed
MPT-b0860892e6a1be8fc2ba,MP003,evidence,evidence_invalid;relation_not_entailed
MPT-b086f992874c7076a555,MP019,evidence,evidence_invalid
MPT-b08a1865623a9f4e2a01,MP002,evidence,evidence_invalid
MPT-b08ffd4f94a85716e711,MP003,schema_type,relation_type_invalid;evidence_invalid
MPT-b0b465378609cca5b726,MP003,evidence,evidence_invalid;relation_not_entailed
MPT-b0b89f02a9a1e199d1d6,MP003,evidence,evidence_invalid;relation_not_entailed
MPT-b0ca2d57003cb05e8499,MP019,evidence,evidence_invalid
MPT-b0cb4019d4b2991f0a2a,MP003,evidence,evidence_invalid
MPT-b0df9bc9be5f11c683f9,MP003,evidence,evidence_invalid;relation_not_entailed
MPT-b1070b6dbd615bf5e698,MP003,evidence,evidence_invalid
MPT-b116215b8bb70fcaa7e6,MP020,evidence,evidence_invalid;relation_not_entailed
MPT-b125ad001c779360564a,MP019,evidence,evidence_invalid
MPT-b134eee2d9a9f9af3a43,MP016,evidence,evidence_invalid;relation_not_entailed
MPT-b16234b5b02c002a6d68,MP007,relation_support,dual_qwen_relation_not_entailed
MPT-b17436838ca73df6a4af,MP007,evidence,evidence_invalid
MPT-b17c622c2f1c0e5b984a,MP019,evidence,evidence_invalid;relation_not_entailed
MPT-b17f2ce58b95266fdc78,MP001,evidence,evidence_invalid;relation_not_entailed
MPT-b1869040331ca3cab27e,MP005,evidence,evidence_invalid;relation_not_entailed
MPT-b1903586f14ac67c84eb,MP003,evidence,evidence_invalid;relation_not_entailed
MPT-b19c12534dd9d0d055dc,MP003,evidence,evidence_invalid
MPT-b19feadeaeaa536791f1,MP019,evidence,evidence_invalid
MPT-b1a1fec8bd6c61d1ac2f,MP003,schema_type,relation_type_invalid;evidence_invalid;relation_not_entailed
MPT-b1abad2a34159cb1be32,MP019,evidence,evidence_invalid;relation_not_entailed
MPT-b1afdfb8b9709344b8c5,MP019,evidence,evidence_invalid;relation_not_entailed
MPT-b1b0e083eefee1add229,MP007,evidence,evidence_invalid
MPT-b1b1c65ddc879ec4c8e0,MP003,evidence,evidence_invalid;relation_not_entailed
MPT-b1ce8a4211df30bfee81,MP007,evidence,evidence_invalid;relation_not_entailed
MPT-b1d1509b523bd866caad,MP002,evidence,evidence_invalid
MPT-b1db13c2a9971fbe2b34,MP003,relation_support,dual_qwen_relation_not_entailed
MPT-b1e7bf3c826dc65562a3,MP019,evidence,evidence_invalid;relation_not_entailed
MPT-b1ea854d2ca83506998d,MP019,evidence,evidence_invalid
MPT-b2011e213a668fa5b7d2,MP022,evidence,evidence_invalid;relation_not_entailed
MPT-b217c2b7c20680dc63a7,MP002,schema_type,relation_type_invalid
MPT-b221d42c645616767eb2,MP001,schema_type,relation_type_invalid
MPT-b222b454610f85fb7b76,MP001,evidence,evidence_invalid;relation_not_entailed
MPT-b233f8155a007f916283,MP003,evidence,evidence_invalid
MPT-b234e17cb272e3e11d90,MP003,evidence,evidence_invalid
MPT-b241030331c24f5d31e1,MP019,evidence,evidence_invalid;relation_not_entailed
MPT-b241dd620a452019091d,MP003,schema_type,relation_type_invalid;evidence_invalid
MPT-b253ac339a7eeaa6038a,MP003,schema_type,relation_type_invalid;evidence_invalid
MPT-b254840b827f876712f0,MP016,evidence,evidence_invalid;relation_not_entailed
MPT-b261115a59dc330b65b1,MP020,evidence,evidence_invalid;relation_not_entailed
MPT-b26e133a631401b2c0f9,MP019,evidence,evidence_invalid
MPT-b26f68c865e03c634b22,MP015,relation_support,dual_qwen_relation_not_entailed
MPT-b27d6f5f7097681db742,MP002,evidence,evidence_invalid
MPT-b285c474194ef1752785,MP015,evidence,evidence_invalid;relation_not_entailed
MPT-b28e1a977fd6401342b4,MP019,relation_support,dual_qwen_relation_not_entailed
MPT-b290900f3887cf89891d,MP020,evidence,evidence_invalid;relation_not_entailed
MPT-b29d612ddc7e7654244f,MP016,evidence,evidence_invalid;relation_not_entailed
MPT-b2aa5a6775e3ab44a953,MP001,schema_type,relation_type_invalid;evidence_invalid;relation_not_entailed
MPT-b2aeb17d2f9d93a8e001,MP005,relation_support,dual_qwen_relation_not_entailed
MPT-b2b1eefedf20e2cfbd81,MP003,evidence,evidence_invalid
MPT-b2b27d969c069651d6c1,MP019,schema_type,relation_type_invalid
MPT-b2bac6a2802ab1c16494,MP015,relation_support,dual_qwen_relation_not_entailed
MPT-b2c2a14cacb46eb7300a,MP004,evidence,evidence_invalid;relation_not_entailed
MPT-b2d452081fe42d7c477a,MP003,schema_type,relation_type_invalid
MPT-b2d45d5b3dca97aa41c6,MP005,evidence,evidence_invalid
MPT-b2e96668ebe13c6752fd,MP003,evidence,evidence_invalid;relation_not_entailed
MPT-b2fcfb9738b6e31b39e3,MP005,evidence,evidence_invalid;relation_not_entailed
MPT-b2fe2d765c14db209857,MP003,evidence,evidence_invalid;relation_not_entailed
MPT-b30569c5c29e7ab6eda1,MP003,schema_type,relation_type_invalid
MPT-b30de0886a12b88fabf5,MP002,schema_type,relation_type_invalid;evidence_invalid;relation_not_entailed
MPT-b30f55bb8a3b2d5b97fd,MP002,evidence,evidence_invalid
MPT-b3284a439ac636f80457,MP003,evidence,evidence_invalid;relation_not_entailed
MPT-b32c01d1e82c9ec17242,MP016,evidence,evidence_invalid;relation_not_entailed
MPT-b33245c928f6b3be93a6,MP003,evidence,evidence_invalid
MPT-b332f4e2f7f87f92a3e5,MP021,schema_type,relation_type_invalid;evidence_invalid;relation_not_entailed
MPT-b3447ffa51b4cac2deb6,MP015,schema_type,relation_type_invalid
MPT-b34f9396ac65c20ea95e,MP021,evidence,evidence_invalid
MPT-b354f49477c34fe43810,MP021,schema_type,relation_type_invalid;evidence_invalid;relation_not_entailed
MPT-b3565786872d827e770c,MP003,evidence,evidence_invalid
MPT-b35b1ec60139ff8188f2,MP021,evidence,evidence_invalid
MPT-b36d4e66b4c03b61f0e5,MP019,evidence,evidence_invalid
MPT-b36e41571cc7d0836f9f,MP017,schema_type,relation_type_invalid;evidence_invalid;relation_not_entailed
MPT-b391b92cbfb527e79532,MP002,evidence,evidence_invalid
MPT-b3b23531a78171cf0609,MP017,schema_type,relation_type_invalid
MPT-b3b50455519ff60b6788,MP001,evidence,evidence_invalid;relation_not_entailed
MPT-b3b6c0f71e3a00930625,MP016,evidence,evidence_invalid;relation_not_entailed
MPT-b3be995f826f27bb7913,MP016,evidence,evidence_invalid;relation_not_entailed
MPT-b3e09968c7012cfa05ae,MP007,evidence,evidence_invalid
MPT-b3ef1552e056f1732cda,MP018,evidence,evidence_invalid;relation_not_entailed
MPT-b408ed437f5d3e3166e4,MP016,evidence,evidence_invalid;relation_not_entailed
MPT-b41a24ff723789de666d,MP002,evidence,evidence_invalid
MPT-b42da1c0410a3182fa04,MP019,evidence,evidence_invalid;relation_not_entailed
MPT-b452c3c0d25976376a42,MP019,evidence,evidence_invalid
MPT-b452ea270bf329422cf9,MP019,schema_type,relation_type_invalid;evidence_invalid;relation_not_entailed
MPT-b453032980809617dd30,MP016,evidence,evidence_invalid;relation_not_entailed
MPT-b4674c0a45ee405d404f,MP021,schema_type,relation_type_invalid;evidence_invalid;relation_not_entailed
MPT-b472a696e0b25ad8dd3f,MP019,schema_type,relation_type_invalid;evidence_invalid;relation_not_entailed
MPT-b49dea6693b05cb31e55,MP019,evidence,evidence_invalid;relation_not_entailed
MPT-b4a26c7ec5788051fdb8,MP002,evidence,evidence_invalid
MPT-b4ad471e78a99d99fc37,MP019,evidence,evidence_invalid
MPT-b4bed251f628e32c9fb5,MP003,evidence,evidence_invalid;relation_not_entailed
MPT-b4c1e3aa730c21863347,MP017,evidence,evidence_invalid;relation_not_entailed
MPT-b4c8bbc54aefd059033a,MP003,evidence,evidence_invalid;relation_not_entailed
MPT-b4cefa3be3fdb0bf493a,MP016,evidence,evidence_invalid;relation_not_entailed
MPT-b4d10aaf7e747b463c57,MP016,evidence,evidence_invalid;relation_not_entailed
MPT-b4d92d5ebeb25ceb8a70,MP019,evidence,evidence_invalid
MPT-b4da07ce00b7eb80ef36,MP016,evidence,evidence_invalid;relation_not_entailed
MPT-b4fe60ffcb8509ce502b,MP003,schema_type,relation_type_invalid;evidence_invalid;relation_not_entailed
MPT-b5073d6c8b0138e7f7ff,MP019,evidence,evidence_invalid
MPT-b50b94db09949078aef3,MP003,relation_support,dual_qwen_relation_not_entailed
MPT-b50d0189a2b78aaa692d,MP003,evidence,evidence_invalid
MPT-b51494241149eb8b8f82,MP019,evidence,evidence_invalid
MPT-b53f559db01c18d549f6,MP019,evidence,evidence_invalid
MPT-b5571058cc04f6f6411c,MP016,evidence,evidence_invalid;relation_not_entailed
MPT-b5582628ceded723e4d4,MP019,schema_type,relation_type_invalid;evidence_invalid;relation_not_entailed
MPT-b58dbb77d9a34b6cd0ee,MP019,schema_type,relation_type_invalid;evidence_invalid
MPT-b594b657a0f198b604c2,MP022,evidence,evidence_invalid;relation_not_entailed
MPT-b5a3a10b1acf417194f4,MP003,schema_type,relation_type_invalid
MPT-b5ab71839df38be0a5ee,MP005,relation_support,dual_qwen_relation_not_entailed
MPT-b5b0a4962aa4c5557545,MP019,evidence,evidence_invalid
MPT-b5b1d5509ac34b014447,MP015,schema_type,relation_type_invalid
MPT-b5be3e7c1a7a8e0137af,MP002,schema_type,relation_type_invalid;evidence_invalid
MPT-b5c728773efa149f0691,MP002,evidence,evidence_invalid
MPT-b5ceb9fc98e17198d748,MP004,evidence,evidence_invalid;relation_not_entailed
MPT-b5dbdc3dcccb1d40167a,MP001,schema_type,relation_type_invalid
MPT-b5f7ecf4f4b3155ab150,MP005,evidence,evidence_invalid
MPT-b5f9280da3ad72e351b2,MP003,evidence,evidence_invalid
MPT-b605d941ab0578ffda0b,MP015,evidence,evidence_invalid;relation_not_entailed
MPT-b612434b8e7d6dd23b89,MP019,evidence,evidence_invalid
MPT-b6260c0450ddce69f9a4,MP019,evidence,evidence_invalid
MPT-b630fa11900d5ab1c788,MP018,evidence,evidence_invalid;relation_not_entailed
MPT-b63cf2d6edaf6a168053,MP019,evidence,evidence_invalid;relation_not_entailed
MPT-b63de5551ef06903cba0,MP019,evidence,evidence_invalid
MPT-b6421d2f2713a68ee05e,MP016,evidence,evidence_invalid;relation_not_entailed
MPT-b64e9d4af97cba08344b,MP002,schema_type,relation_type_invalid;evidence_invalid;relation_not_entailed
MPT-b65d3d1d833e5734106b,MP019,evidence,evidence_invalid;relation_not_entailed
MPT-b66002b86a4922e62bf9,MP003,evidence,evidence_invalid;relation_not_entailed
MPT-b6660cf4766540c24338,MP002,schema_type,relation_type_invalid;evidence_invalid;relation_not_entailed
MPT-b6694f3a084f6cc22f40,MP016,evidence,evidence_invalid;relation_not_entailed
MPT-b67221a49706489eccc8,MP019,evidence,evidence_invalid
MPT-b6753e75d2a723e13f72,MP019,evidence,evidence_invalid
MPT-b68d0d272c5c1fd001d0,MP003,evidence,evidence_invalid;relation_not_entailed
MPT-b694e658c17eaf06934f,MP015,schema_type,relation_type_invalid;evidence_invalid;relation_not_entailed
MPT-b6a718145d5b85ec4bd2,MP002,evidence,evidence_invalid
MPT-b6bbebba901e1d1cd3f9,MP005,schema_type,relation_type_invalid;evidence_invalid;relation_not_entailed
MPT-b6c2833e1e14746ee253,MP003,evidence,evidence_invalid;relation_not_entailed
MPT-b6cb5826ddc67e8bef68,MP002,evidence,evidence_invalid
MPT-b6cc5e4d9ca6099b7fc1,MP019,evidence,evidence_invalid;relation_not_entailed
MPT-b6cf710d9d0f6ac9ce56,MP005,evidence,evidence_invalid;relation_not_entailed
MPT-b6dfd0f2ef1c7b224625,MP015,schema_type,relation_type_invalid;evidence_invalid;relation_not_entailed
MPT-b6f2ef064454896d507c,MP019,evidence,evidence_invalid;relation_not_entailed
MPT-b70d554b5ae38bd8e6a5,MP003,schema_type,relation_type_invalid;evidence_invalid;relation_not_entailed
MPT-b71f931e824e2b15ea2f,MP019,evidence,evidence_invalid
MPT-b725aa44d42348e0b875,MP019,schema_type,relation_type_invalid;evidence_invalid;relation_not_entailed
MPT-b7526f3ef819eae69f0b,MP005,evidence,evidence_invalid;relation_not_entailed
MPT-b754055fe770be314609,MP003,evidence,evidence_invalid
MPT-b75d71098b4fb9337c58,MP019,evidence,evidence_invalid
MPT-b76699b7f62e4959d91c,MP003,schema_type,relation_type_invalid;evidence_invalid;relation_not_entailed
MPT-b7899964b41a7404c3a4,MP003,relation_support,dual_qwen_relation_not_entailed
MPT-b793bd4a9561c10222f6,MP003,evidence,evidence_invalid;relation_not_entailed
MPT-b7a6190d04f952c410db,MP015,relation_support,dual_qwen_relation_not_entailed
MPT-b7b1941d5a32502f385b,MP019,evidence,evidence_invalid
MPT-b7b1fbbbd02bd0785b06,MP019,evidence,evidence_invalid
MPT-b7ba2599bee1607e7b31,MP005,evidence,evidence_invalid;relation_not_entailed
MPT-b7bb911dab8502e33e4c,MP002,evidence,evidence_invalid
MPT-b7e8ae40d10477e52d61,MP002,evidence,evidence_invalid
MPT-b7ef7d88e3b01f6a3fa9,MP005,evidence,evidence_invalid
MPT-b7f0f543ef3f12596b00,MP019,evidence,evidence_invalid;relation_not_entailed
MPT-b8027b5dc70edad44bc4,MP003,schema_type,relation_type_invalid;evidence_invalid;relation_not_entailed
MPT-b80d694548588cba3423,MP003,relation_support,dual_qwen_relation_not_entailed
MPT-b8389f89174786946f7c,MP019,evidence,evidence_invalid
MPT-b841dec2aa7c18b31777,MP016,evidence,evidence_invalid;relation_not_entailed
MPT-b853344277ed3753e6af,MP001,evidence,evidence_invalid;relation_not_entailed
MPT-b85d6f0e009b44448982,MP003,evidence,evidence_invalid;relation_not_entailed
MPT-b85fc8845470a26d0da3,MP022,evidence,evidence_invalid;relation_not_entailed
MPT-b87d479851d063e16ed4,MP019,evidence,evidence_invalid;relation_not_entailed
MPT-b87fe2cb7097e4696986,MP015,evidence,evidence_invalid;relation_not_entailed
MPT-b891f33ccf830158bfa9,MP003,evidence,evidence_invalid
MPT-b895f6ea57d389d192c5,MP001,evidence,evidence_invalid
MPT-b895ff06abbbc000731b,MP019,evidence,evidence_invalid;relation_not_entailed
MPT-b89931468a5103700d1b,MP016,schema_type,relation_type_invalid
MPT-b8b0834365777d314b16,MP019,evidence,evidence_invalid;relation_not_entailed
MPT-b8c3bb1039187d981b0c,MP003,evidence,evidence_invalid;relation_not_entailed
MPT-b8cf266624510d909b35,MP016,evidence,evidence_invalid;relation_not_entailed
MPT-b8d8a7aa2ff92c47806c,MP016,evidence,evidence_invalid;relation_not_entailed
MPT-b8fd786cf8d045c48528,MP002,evidence,evidence_invalid
MPT-b921075e31946b6973d0,MP020,schema_type,relation_type_invalid;evidence_invalid;relation_not_entailed
MPT-b922e22095e61dd2ce8d,MP020,schema_type,relation_type_invalid;evidence_invalid;relation_not_entailed
MPT-b92cb675fdb7c7a314a1,MP004,evidence,evidence_invalid;relation_not_entailed
MPT-b9612234b8c97cc7cff3,MP019,evidence,evidence_invalid;relation_not_entailed
MPT-b964c4ef707400a794a1,MP019,evidence,evidence_invalid;relation_not_entailed
MPT-b96a893d43a135e7c43e,MP022,relation_support,dual_qwen_relation_not_entailed
MPT-b977a9e95df7b1f6e6e7,MP019,evidence,evidence_invalid
MPT-b979e5a750f3d62eb640,MP007,evidence,evidence_invalid;relation_not_entailed
MPT-b9885b2eff93281715a6,MP002,schema_type,relation_type_invalid
MPT-b99ec4b7317521569a03,MP003,schema_type,relation_type_invalid
MPT-b9daaa5cc6895bb28f26,MP003,schema_type,relation_type_invalid;evidence_invalid
MPT-b9db9ca4b412464e679b,MP002,evidence,evidence_invalid
MPT-b9f0419b0343e2e42677,MP019,schema_type,relation_type_invalid;evidence_invalid
MPT-ba231bb11537a4cc39c2,MP005,schema_type,relation_type_invalid
MPT-ba29069d2fc9544bcc88,MP018,relation_support,dual_qwen_relation_not_entailed
MPT-ba344d62dc8c051ddc00,MP002,evidence,evidence_invalid
MPT-ba3a2f9a40d1c7380276,MP003,schema_type,relation_type_invalid;evidence_invalid;relation_not_entailed
MPT-ba3a419a8d85bfd4d9b5,MP003,schema_type,relation_type_invalid;evidence_invalid;relation_not_entailed
MPT-ba487225e47e4bb9fc19,MP003,schema_type,relation_type_invalid
MPT-ba691d7ea2bb19a18dea,MP019,evidence,evidence_invalid;relation_not_entailed
MPT-ba69d5c95e1f4681b2eb,MP019,evidence,evidence_invalid;relation_not_entailed
MPT-ba6b2f9ddd1197579635,MP003,evidence,evidence_invalid;relation_not_entailed
MPT-ba7413a9c74e7b430885,MP003,schema_type,relation_type_invalid
MPT-ba77c38b189488435d53,MP002,evidence,evidence_invalid
MPT-ba7aa53d0659302eddbe,MP001,evidence,evidence_invalid;relation_not_entailed
MPT-ba8094f28cf00ce1cd71,MP001,evidence,evidence_invalid
MPT-ba8c8b5380d52b44c898,MP003,evidence,evidence_invalid
MPT-ba8d406e5e84560b85e5,MP003,evidence,evidence_invalid;relation_not_entailed
MPT-ba8f85b0b9dd35aa4baf,MP020,relation_support,dual_qwen_relation_not_entailed
MPT-ba93e687dbd5989298c1,MP003,relation_support,dual_qwen_relation_not_entailed
MPT-baa4149adb88a581245e,MP017,evidence,evidence_invalid;relation_not_entailed
MPT-bac64f946f121df3ba51,MP003,schema_type,relation_type_invalid;evidence_invalid;relation_not_entailed
MPT-bae7d61caaba89847f0a,MP002,evidence,evidence_invalid
MPT-bb07728833dcce9105e3,MP002,schema_type,relation_type_invalid;evidence_invalid
MPT-bb10f1bb94782f5b0d30,MP003,evidence,evidence_invalid
MPT-bb117944cd03fbbff26f,MP019,evidence,evidence_invalid
MPT-bb3b240c03af201bb067,MP003,evidence,evidence_invalid;relation_not_entailed
MPT-bb5c1d2bb90c735fca5c,MP004,evidence,evidence_invalid;relation_not_entailed
MPT-bb6e35de7588f8a3c78b,MP005,evidence,evidence_invalid
MPT-bb7bfef53a59cf14c1d1,MP005,evidence,evidence_invalid
MPT-bb8f1331e93c7b038054,MP020,schema_type,relation_type_invalid;evidence_invalid;relation_not_entailed
MPT-bbad32a39f6b09b3a6a4,MP019,schema_type,relation_type_invalid
MPT-bbae2875f83ed7673f11,MP007,evidence,evidence_invalid
MPT-bbbfb7f9384c5ed8d99b,MP005,relation_support,dual_qwen_relation_not_entailed
MPT-bbd811d8fcd5d4d1e60c,MP019,evidence,evidence_invalid;relation_not_entailed
MPT-bbebf7e623a4cf50a517,MP019,evidence,evidence_invalid
MPT-bbf024e4f67e1edd60a4,MP015,relation_support,dual_qwen_relation_not_entailed
MPT-bbf41ffb9584edf1930e,MP002,evidence,evidence_invalid
MPT-bc09b37434291d7b93fa,MP019,evidence,evidence_invalid
MPT-bc1272341b627365330a,MP004,evidence,evidence_invalid
MPT-bc1556f2d884137e8cf4,MP003,evidence,evidence_invalid
MPT-bc18824d6fa56f39b9f4,MP017,evidence,evidence_invalid;relation_not_entailed
MPT-bc1f23fb39bb30f4ba0b,MP002,evidence,evidence_invalid
MPT-bc241862eb50d9e92029,MP019,schema_type,relation_type_invalid;evidence_invalid;relation_not_entailed
MPT-bc33d40c5856e062f19c,MP022,evidence,evidence_invalid;relation_not_entailed
MPT-bc49fc5ee90124fb30ec,MP022,schema_type,relation_type_invalid
MPT-bc650ff8afa271548198,MP019,evidence,evidence_invalid
MPT-bca200cc6c7681ac8205,MP003,evidence,evidence_invalid;relation_not_entailed
MPT-bcb4b0563f798d86785f,MP021,schema_type,relation_type_invalid;evidence_invalid;relation_not_entailed
MPT-bcb50079c0692295d6a8,MP003,evidence,evidence_invalid;relation_not_entailed
MPT-bcbc74bdf2b6938b92ae,MP003,schema_type,relation_type_invalid
MPT-bcc04fe3610be82dc3e0,MP003,relation_support,dual_qwen_relation_not_entailed
MPT-bcc1038f1030e11a5f51,MP015,relation_support,dual_qwen_relation_not_entailed
MPT-bccc3d725e80dadeea4a,MP003,evidence,evidence_invalid
MPT-bccdd7f6093c453ac7b4,MP003,evidence,evidence_invalid;relation_not_entailed
MPT-bcde613ca8e06205ec25,MP019,schema_type,relation_type_invalid
MPT-bcfbd0438df19a40173e,MP002,evidence,evidence_invalid
MPT-bd0318dcabf272dd222b,MP004,evidence,evidence_invalid;relation_not_entailed
MPT-bd1100b54e4bd0d979c5,MP003,evidence,evidence_invalid;relation_not_entailed
MPT-bd126239f905027a323d,MP005,evidence,evidence_invalid;relation_not_entailed
MPT-bd1db5422268f9a73430,MP001,evidence,evidence_invalid;relation_not_entailed
MPT-bd1e9db10152962daec2,MP002,evidence,evidence_invalid
MPT-bd36e2a58fb536d32458,MP019,evidence,evidence_invalid
MPT-bd695c21b6496fa1b97b,MP005,evidence,evidence_invalid
MPT-bd6d352fe17bd35f4182,MP003,schema_type,relation_type_invalid
MPT-bd7a7696ab932cd33006,MP001,evidence,evidence_invalid;relation_not_entailed
MPT-bd87b4c93eceedbe281a,MP019,evidence,evidence_invalid
MPT-bd9a7890a360ba84bf79,MP019,evidence,evidence_invalid
MPT-bd9d3b44ee27f4500b0b,MP002,evidence,evidence_invalid
MPT-bdaaddfba9acaa36fbc8,MP003,relation_support,dual_qwen_relation_not_entailed
MPT-bdae39410cb40de4131b,MP018,schema_type,relation_type_invalid
MPT-bdb0893f5816b67ee6c2,MP002,evidence,evidence_invalid
MPT-bdb9609a91dda2afadd7,MP007,evidence,evidence_invalid
MPT-bdb9b10b3043fa3c38fa,MP003,evidence,evidence_invalid;relation_not_entailed
MPT-bdcf5312de9ff54d6a9e,MP017,evidence,evidence_invalid;relation_not_entailed
MPT-bdd46e796763ee764d42,MP016,evidence,evidence_invalid;relation_not_entailed
MPT-bdecf401f7eff1094248,MP003,schema_type,relation_type_invalid;evidence_invalid
MPT-be176a86745f9ed8b08f,MP002,schema_type,relation_type_invalid;evidence_invalid;relation_not_entailed
MPT-be1fcb3370d2d2ddfc82,MP001,evidence,evidence_invalid;relation_not_entailed
MPT-be211a16b7e50b450b34,MP005,evidence,evidence_invalid
MPT-be2de39bf48b8a0dad89,MP016,evidence,evidence_invalid;relation_not_entailed
MPT-be30ddfa1bbe78e979e7,MP003,schema_type,relation_type_invalid
MPT-be4401fb3575e4408315,MP003,schema_type,relation_type_invalid;evidence_invalid;relation_not_entailed
MPT-be5e14ccf671cb6714ca,MP003,schema_type,relation_type_invalid;evidence_invalid;relation_not_entailed
MPT-be61bf591c4f73b50df1,MP005,evidence,evidence_invalid;relation_not_entailed
MPT-be62bc24fdb0a872b9ce,MP003,evidence,evidence_invalid;relation_not_entailed
MPT-be66963d5ae7acbb2e95,MP003,relation_support,dual_qwen_relation_not_entailed
MPT-be6b86933074378878f1,MP005,evidence,evidence_invalid
MPT-be84a04091a27ed8a5e8,MP007,evidence,evidence_invalid;relation_not_entailed
MPT-be97aead2223ad4d1f53,MP019,evidence,evidence_invalid;relation_not_entailed
MPT-be9a08ae89f7363d9c7b,MP019,evidence,evidence_invalid;relation_not_entailed
MPT-beaac2f0c8b52ea168d9,MP002,evidence,evidence_invalid;relation_not_entailed
MPT-beab8a3f39721279fe12,MP015,relation_support,dual_qwen_relation_not_entailed
MPT-beb8179f16fdc8c3ef89,MP017,evidence,evidence_invalid;relation_not_entailed
MPT-bebaeed454c154371c01,MP003,schema_type,relation_type_invalid;evidence_invalid;relation_not_entailed
MPT-bebdff2408faa2f01460,MP019,evidence,evidence_invalid
MPT-bec2f2bb57768c8dd2e7,MP019,schema_type,relation_type_invalid;evidence_invalid
MPT-bed48ee03337e195d5d6,MP020,evidence,evidence_invalid;relation_not_entailed
MPT-bed895c6dceb7ab5f65b,MP003,evidence,evidence_invalid;relation_not_entailed
MPT-bf0daf6adaf495f5f1f5,MP015,relation_support,dual_qwen_relation_not_entailed
MPT-bf19298b0dbd64ae0180,MP021,evidence,evidence_invalid;relation_not_entailed
MPT-bf19af8320d2229977aa,MP019,evidence,evidence_invalid
MPT-bf1c406610c58045f89a,MP005,schema_type,relation_type_invalid
MPT-bf20da67c5d9493b44f6,MP003,schema_type,relation_type_invalid;evidence_invalid
MPT-bf24251fca820fcb71c6,MP019,evidence,evidence_invalid;relation_not_entailed
MPT-bf2a9fc702b72a3a1761,MP003,evidence,evidence_invalid;relation_not_entailed
MPT-bf30167559a001c97aae,MP004,evidence,evidence_invalid;relation_not_entailed
MPT-bf425967b2837da6fd73,MP019,evidence,evidence_invalid
MPT-bf4959e3236e81a1376b,MP019,evidence,evidence_invalid
MPT-bf5168f1fb3848ea8938,MP003,evidence,evidence_invalid;relation_not_entailed
MPT-bf6abc3c19b0b2107799,MP016,evidence,evidence_invalid;relation_not_entailed
MPT-bf8fa1effa0f9d57ced3,MP019,schema_type,relation_type_invalid;evidence_invalid;relation_not_entailed
MPT-bf925336132d4f58e956,MP019,schema_type,relation_type_invalid
MPT-bfa38630ec18a67d592e,MP003,relation_support,dual_qwen_relation_not_entailed
MPT-bfa440918d5d7a270e08,MP019,schema_type,relation_type_invalid;evidence_invalid;relation_not_entailed
MPT-bfac71d864c154d99fee,MP019,evidence,evidence_invalid;relation_not_entailed
MPT-bfaccf000c4c09d7bb9c,MP001,schema_type,relation_type_invalid;evidence_invalid
MPT-bfbfa6b578011e36e1e6,MP019,evidence,evidence_invalid
MPT-bfc516b78b6a7c6e8261,MP017,schema_type,relation_type_invalid;evidence_invalid;relation_not_entailed
MPT-bfd368e492691d917330,MP004,evidence,evidence_invalid
MPT-bfe64c7e0565cd28e489,MP019,evidence,evidence_invalid;relation_not_entailed
MPT-bfe881f32023db89352a,MP020,evidence,evidence_invalid;relation_not_entailed
MPT-bfef3086f2ed9d574463,MP003,schema_type,relation_type_invalid;evidence_invalid
MPT-bff51b394e3c5af93895,MP016,schema_type,relation_type_invalid;evidence_invalid;relation_not_entailed
MPT-c00052bae2a18ccc70a6,MP019,evidence,evidence_invalid
MPT-c001dfba397a50cf2e48,MP015,evidence,evidence_invalid;relation_not_entailed
MPT-c01d0aebbdf41daa315a,MP005,evidence,evidence_invalid;relation_not_entailed
MPT-c01d46feae7ae052f120,MP019,evidence,evidence_invalid;relation_not_entailed
MPT-c0205a7a13e8a018ddc4,MP019,evidence,evidence_invalid
MPT-c02201f302d749fadcf3,MP019,evidence,evidence_invalid
MPT-c02b518454fd0fca9adf,MP019,schema_type,relation_type_invalid;evidence_invalid;relation_not_entailed
MPT-c030d57e8d3a5b3dd3e5,MP021,evidence,evidence_invalid;relation_not_entailed
MPT-c03bde22d35fec6e4756,MP022,evidence,evidence_invalid;relation_not_entailed
MPT-c0579da4faee4e5d503d,MP005,schema_type,relation_type_invalid;evidence_invalid;relation_not_entailed
MPT-c05c25ac32b6cb96790d,MP003,schema_type,relation_type_invalid;evidence_invalid
MPT-c05ca53f4472c6c68082,MP019,evidence,evidence_invalid
MPT-c080072d0f89f1d5b3b2,MP004,evidence,evidence_invalid;relation_not_entailed
MPT-c088accd73f658478f1e,MP001,schema_type,relation_type_invalid
MPT-c090f2634d7fc3746784,MP003,schema_type,relation_type_invalid
MPT-c097b16eba5107f1566b,MP001,schema_type,relation_type_invalid;evidence_invalid;relation_not_entailed
MPT-c09fc5b51ec6cc549880,MP019,schema_type,relation_type_invalid;evidence_invalid;relation_not_entailed
MPT-c0a0417caf78af9853e6,MP003,evidence,evidence_invalid;relation_not_entailed
MPT-c0a12a4deb16fdf7c35e,MP019,evidence,evidence_invalid
MPT-c0e91c214a0d6e84658e,MP019,evidence,evidence_invalid;relation_not_entailed
MPT-c0f7c1034d5840dbf98d,MP001,evidence,evidence_invalid;relation_not_entailed
MPT-c1023d542bbb3291f3d0,MP019,evidence,evidence_invalid
MPT-c108152c5206a3212a51,MP019,evidence,evidence_invalid
MPT-c115277ab80cd0b13e93,MP004,evidence,evidence_invalid;relation_not_entailed
MPT-c119de20adda362fc352,MP003,evidence,evidence_invalid;relation_not_entailed
MPT-c11acba86aeb022c1107,MP003,evidence,evidence_invalid;relation_not_entailed
MPT-c12667745120784bc830,MP020,evidence,evidence_invalid;relation_not_entailed
MPT-c12a4ed381e1115ee23f,MP003,evidence,evidence_invalid
MPT-c1964924caeb6718274a,MP019,evidence,evidence_invalid
MPT-c1a98ddae5dcb907c317,MP019,evidence,evidence_invalid
MPT-c1af17271d7bef509da4,MP002,schema_type,relation_type_invalid
MPT-c1b18d86e16a4fcc4e0e,MP003,evidence,evidence_invalid;relation_not_entailed
MPT-c1b242e2a476c325c123,MP016,evidence,evidence_invalid;relation_not_entailed
MPT-c1b3f535dad60983e300,MP021,evidence,evidence_invalid;relation_not_entailed
MPT-c1b53458c66c17fa6716,MP019,evidence,evidence_invalid
MPT-c1e96e0c0e0b08594df9,MP001,evidence,evidence_invalid;relation_not_entailed
MPT-c204ca371d7f926f0fe8,MP022,evidence,evidence_invalid;relation_not_entailed
MPT-c214d2e6896abbab83d7,MP016,evidence,evidence_invalid;relation_not_entailed
MPT-c21c9f5a8c713feae0a2,MP003,evidence,evidence_invalid;relation_not_entailed
MPT-c2200b999838d1be8dd7,MP003,relation_support,dual_qwen_relation_not_entailed
MPT-c2225555ecd7138bffdd,MP003,evidence,evidence_invalid;relation_not_entailed
MPT-c2379a366cb97dfe5378,MP019,evidence,evidence_invalid
MPT-c23ce1601c434fdba6a6,MP020,schema_type,relation_type_invalid;evidence_invalid;relation_not_entailed
MPT-c253ff484cc7cc9759f3,MP021,schema_type,relation_type_invalid
MPT-c2582c21314ecd6e592d,MP004,evidence,evidence_invalid;relation_not_entailed
MPT-c265bfa3459ca34f0dee,MP019,evidence,evidence_invalid
MPT-c27ca86243617231b796,MP019,schema_type,relation_type_invalid;evidence_invalid;relation_not_entailed
MPT-c27e8dc52ab517cd6435,MP019,schema_type,relation_type_invalid
MPT-c288fbef5e729f433f1f,MP002,evidence,evidence_invalid
MPT-c2bd657a69de7c92deb9,MP005,schema_type,relation_type_invalid;evidence_invalid
MPT-c2d6b7f6a17492f5ee7a,MP007,relation_support,dual_qwen_relation_not_entailed
MPT-c2daf6f6974fd9a4d16d,MP019,schema_type,relation_type_invalid;evidence_invalid;relation_not_entailed
MPT-c2de9c450866fdd952e7,MP003,schema_type,relation_type_invalid;evidence_invalid
MPT-c2f5029f1312f3a5c649,MP015,schema_type,relation_type_invalid
MPT-c3082e2f141ba47b0602,MP019,evidence,evidence_invalid
MPT-c31cb676cddc17d6f76a,MP003,evidence,evidence_invalid
MPT-c32530467ebb09803c36,MP020,relation_support,dual_qwen_relation_not_entailed
MPT-c340974a1c1c28f113fa,MP019,evidence,evidence_invalid;relation_not_entailed
MPT-c34124f5d2ed9022cdaa,MP016,schema_type,relation_type_invalid
MPT-c34721a1d897f3071f48,MP021,evidence,evidence_invalid;relation_not_entailed
MPT-c35f2cea91290fcbaef2,MP016,relation_support,dual_qwen_relation_not_entailed
MPT-c36041e1f458293353e5,MP018,evidence,evidence_invalid;relation_not_entailed
MPT-c365cc291e72b9eac2ad,MP005,schema_type,relation_type_invalid
MPT-c36a6ea6874c972dfe99,MP003,schema_type,relation_type_invalid
MPT-c38165411ecb4a1819fb,MP001,evidence,evidence_invalid;relation_not_entailed
MPT-c38d839165d02e3e4f58,MP003,evidence,evidence_invalid
MPT-c394630f64ea56656f24,MP019,evidence,evidence_invalid;relation_not_entailed
MPT-c39e2e67b1457db5eca8,MP005,relation_support,dual_qwen_relation_not_entailed
MPT-c3ab9c4f2b4f3e4bec38,MP001,evidence,evidence_invalid
MPT-c3ba52d7bf24b07b5335,MP019,evidence,evidence_invalid;relation_not_entailed
MPT-c3c15ea9b89430e4093f,MP019,evidence,evidence_invalid
MPT-c3d8570dfaad14a5289d,MP001,schema_type,relation_type_invalid
MPT-c3d999019e31f652c03e,MP003,evidence,evidence_invalid;relation_not_entailed
MPT-c3ea05011b564b5753d8,MP003,evidence,evidence_invalid;relation_not_entailed
MPT-c3f19a83df19476276a1,MP019,evidence,evidence_invalid
MPT-c3f5b8008da632c46660,MP003,schema_type,relation_type_invalid
MPT-c41fd9f3e2e628e3a6ad,MP019,schema_type,relation_type_invalid;evidence_invalid
MPT-c44330278cd5a8ff2dfe,MP003,schema_type,relation_type_invalid
MPT-c470129119d33f378262,MP017,evidence,evidence_invalid;relation_not_entailed
MPT-c47ecae69e886e89af4e,MP003,evidence,evidence_invalid;relation_not_entailed
MPT-c497e6406aeb5833add2,MP001,schema_type,relation_type_invalid
MPT-c4991faf94abe6f0e696,MP003,evidence,evidence_invalid
MPT-c4aa0bd78e8a9e6411a4,MP016,evidence,evidence_invalid;relation_not_entailed
MPT-c4aa7767a52f6559eb17,MP015,evidence,evidence_invalid;relation_not_entailed
MPT-c4ad6babcf5fbb56b0a8,MP005,relation_support,dual_qwen_relation_not_entailed
MPT-c4c6b1aedd9de321894b,MP016,evidence,evidence_invalid;relation_not_entailed
MPT-c4cc389acfe07b185e67,MP003,evidence,evidence_invalid
MPT-c4f4eb5baf033c0fa52b,MP003,schema_type,relation_type_invalid;evidence_invalid
MPT-c4ff29fe86fb5e2282b1,MP019,schema_type,relation_type_invalid;evidence_invalid;relation_not_entailed
MPT-c507a40f6b7130e2e769,MP003,schema_type,relation_type_invalid;evidence_invalid
MPT-c50b1f0e42b6664b3c45,MP004,evidence,evidence_invalid;relation_not_entailed
MPT-c52a41b8a158524db39f,MP003,evidence,evidence_invalid
MPT-c5367f48e8480ebb128d,MP001,schema_type,relation_type_invalid;evidence_invalid;relation_not_entailed
MPT-c53cbe6b88ca08a8d82d,MP002,evidence,evidence_invalid
MPT-c55064934a2b5698a23b,MP019,evidence,evidence_invalid
MPT-c554363ad89b8a003b90,MP003,schema_type,relation_type_invalid;evidence_invalid;relation_not_entailed
MPT-c577af3683b1043e57bc,MP021,evidence,evidence_invalid;relation_not_entailed
MPT-c5786b64186ac6b6d648,MP005,evidence,evidence_invalid
MPT-c57f84be1e0f28038b2e,MP001,schema_type,relation_type_invalid;evidence_invalid;relation_not_entailed
MPT-c591228dbe0a12df736b,MP016,evidence,evidence_invalid;relation_not_entailed
MPT-c594603e305c4e06a068,MP020,schema_type,relation_type_invalid
MPT-c5c1d4bc699dde36e9b4,MP003,evidence,evidence_invalid;relation_not_entailed
MPT-c5f45052e729c8e53f70,MP002,evidence,evidence_invalid
MPT-c5fad9d240bc46b65813,MP019,evidence,evidence_invalid
MPT-c600e9be7fb2b97460a3,MP017,evidence,evidence_invalid;relation_not_entailed
MPT-c601b49e389706e18f17,MP019,evidence,evidence_invalid
MPT-c602a0844e36b21bb3f6,MP005,evidence,evidence_invalid
MPT-c63564b4d303fbf63a41,MP019,evidence,evidence_invalid;relation_not_entailed
MPT-c63763bbb46225e38e6f,MP002,evidence,evidence_invalid
MPT-c63c05573877a3b774f0,MP003,evidence,evidence_invalid
MPT-c63e90f0054435e59c82,MP021,evidence,evidence_invalid;relation_not_entailed
MPT-c64f0f5c4da595cc97c4,MP019,evidence,evidence_invalid;relation_not_entailed
MPT-c66ca0ceccb3f301191b,MP003,schema_type,relation_type_invalid
MPT-c670c79056118ef216fd,MP005,evidence,evidence_invalid
MPT-c6895816994c8715514e,MP019,evidence,evidence_invalid
MPT-c69bc41ee3e2a900f294,MP003,schema_type,relation_type_invalid;evidence_invalid;relation_not_entailed
MPT-c6b5e229d1c2b0ca7f18,MP003,evidence,evidence_invalid
MPT-c6c30a1109c9fd4ab806,MP022,evidence,evidence_invalid;relation_not_entailed
MPT-c6c440cf44a40543841c,MP003,evidence,evidence_invalid;relation_not_entailed
MPT-c6f2c14d296ee52c2dd4,MP005,evidence,evidence_invalid
MPT-c703465dfde85829228b,MP001,evidence,evidence_invalid;relation_not_entailed
MPT-c712ee7fdb2b8c6ebe3b,MP006,evidence,evidence_invalid;relation_not_entailed
MPT-c719b295ad0316622391,MP021,evidence,evidence_invalid;relation_not_entailed
MPT-c7204e0965e8d3501fc5,MP020,schema_type,relation_type_invalid;evidence_invalid;relation_not_entailed
MPT-c733648040ea2a39c3df,MP003,evidence,evidence_invalid
MPT-c733faa1d4cc7fe5f288,MP019,schema_type,relation_type_invalid;evidence_invalid
MPT-c7343c45e95b7e1d1dba,MP002,evidence,evidence_invalid
MPT-c7392d3ecbade8e121ce,MP005,schema_type,relation_type_invalid
MPT-c73cfab47afcbf236f5e,MP002,evidence,evidence_invalid
MPT-c74092a840037b0a1162,MP005,evidence,evidence_invalid;relation_not_entailed
MPT-c748ddd037283287ba0e,MP003,relation_support,dual_qwen_relation_not_entailed
MPT-c749dea9a0d0787a8b00,MP019,evidence,evidence_invalid;relation_not_entailed
MPT-c75b09da52652f19cdc7,MP016,evidence,evidence_invalid;relation_not_entailed
MPT-c76a65687f0f454e3ff9,MP003,evidence,evidence_invalid;relation_not_entailed
MPT-c78c676a47406bf4118d,MP004,evidence,evidence_invalid
MPT-c78e7136161ebb51772d,MP005,relation_support,dual_qwen_relation_not_entailed
MPT-c78f5bf87db50f893d95,MP019,evidence,evidence_invalid;relation_not_entailed
MPT-c79290e74ec9fa4c4b74,MP019,schema_type,relation_type_invalid;evidence_invalid
MPT-c796473305ea4bc76253,MP001,schema_type,relation_type_invalid;evidence_invalid;relation_not_entailed
MPT-c7a16bdb8f24ec3ab2fb,MP017,evidence,evidence_invalid;relation_not_entailed
MPT-c7a8f4d6b7f6389f1186,MP019,evidence,evidence_invalid
MPT-c7aef0b9a18a3b7ef519,MP005,schema_type,relation_type_invalid
MPT-c7c20b390925e5c433a4,MP001,relation_support,dual_qwen_relation_not_entailed
MPT-c7e00b0356b8e8c5d664,MP019,evidence,evidence_invalid
MPT-c7e3615d7f847eb8243f,MP019,evidence,evidence_invalid;relation_not_entailed
MPT-c7e63bb8b1dc79b36fc7,MP001,evidence,evidence_invalid;relation_not_entailed
MPT-c806127efc19c65ce313,MP005,evidence,evidence_invalid;relation_not_entailed
MPT-c8253e8dd6c6f122ddb7,MP001,schema_type,relation_type_invalid;evidence_invalid;relation_not_entailed
MPT-c825773bc054734c09c0,MP007,evidence,evidence_invalid
MPT-c82fa096b01daabeb0e0,MP016,evidence,evidence_invalid;relation_not_entailed
MPT-c83b3e020e1f654a8ab4,MP019,evidence,evidence_invalid;relation_not_entailed
MPT-c83f7a150abc7e1f3304,MP019,evidence,evidence_invalid;relation_not_entailed
MPT-c8432aef92c35861b60a,MP001,evidence,evidence_invalid
MPT-c848a40bc68dae5fd257,MP019,schema_type,relation_type_invalid;evidence_invalid
MPT-c84c1397f112a08d5379,MP001,evidence,evidence_invalid;relation_not_entailed
MPT-c85b50dcbc2df8824eb0,MP003,evidence,evidence_invalid
MPT-c85c371a253a1f252180,MP005,evidence,evidence_invalid
MPT-c86ae8ee27fa23e142c5,MP002,evidence,evidence_invalid
MPT-c87fccd69921802e8929,MP021,evidence,evidence_invalid;relation_not_entailed
MPT-c883f0a0fd13ca2dddf1,MP020,evidence,evidence_invalid;relation_not_entailed
MPT-c884ce0175f04ca3a928,MP019,evidence,evidence_invalid;relation_not_entailed
MPT-c885eb3d2588c2153603,MP003,schema_type,relation_type_invalid
MPT-c8926b062ff64b9132cf,MP002,evidence,evidence_invalid
MPT-c89a2055ebd9f8bc9a42,MP003,evidence,evidence_invalid;relation_not_entailed
MPT-c89a6761990c5912b48c,MP004,evidence,evidence_invalid;relation_not_entailed
MPT-c89abfba9fb604dd03df,MP003,evidence,evidence_invalid;relation_not_entailed
MPT-c8a8cae7b4b14480f804,MP005,schema_type,relation_type_invalid
MPT-c8affeb99e9db63b79c8,MP019,schema_type,relation_type_invalid;evidence_invalid;relation_not_entailed
MPT-c8b0035820b4d5a5c29e,MP019,evidence,evidence_invalid
MPT-c8b27bc6887a8ed3c69a,MP002,evidence,evidence_invalid
MPT-c8b3fe5f9b015c622b18,MP019,schema_type,relation_type_invalid
MPT-c8d5fa4f82568c2dd125,MP022,evidence,evidence_invalid;relation_not_entailed
MPT-c8f526770bc134be01f3,MP003,schema_type,relation_type_invalid;evidence_invalid;relation_not_entailed
MPT-c9086767f41b62e62a93,MP017,schema_type,relation_type_invalid
MPT-c90e9a3edc6479cd4ef8,MP002,evidence,evidence_invalid
MPT-c91fc2da0f76206aab18,MP015,relation_support,dual_qwen_relation_not_entailed
MPT-c9260bae2083fa89cf03,MP017,evidence,evidence_invalid;relation_not_entailed
MPT-c93435795a3783a03382,MP015,relation_support,dual_qwen_relation_not_entailed
MPT-c9366d6e4753f621f236,MP019,schema_type,relation_type_invalid;evidence_invalid;relation_not_entailed
MPT-c93a808e968196d0144c,MP003,evidence,evidence_invalid
MPT-c943562e712a6e2e35d9,MP004,evidence,evidence_invalid;relation_not_entailed
MPT-c9448561330258b62cfc,MP018,schema_type,relation_type_invalid
MPT-c9495b0324462dc3d7e2,MP003,evidence,evidence_invalid;relation_not_entailed
MPT-c9497f6209d4c413dedb,MP015,evidence,evidence_invalid;relation_not_entailed
MPT-c957cd1e4c69415c49dd,MP003,relation_support,dual_qwen_relation_not_entailed
MPT-c973a0c2a3cfb2aa20c7,MP003,schema_type,relation_type_invalid
MPT-c986d6c34b8c8275d71e,MP016,evidence,evidence_invalid;relation_not_entailed
MPT-c98c9347430dabe0affc,MP018,relation_support,dual_qwen_relation_not_entailed
MPT-c990ee64d8cfa57dd819,MP003,evidence,evidence_invalid
MPT-c99c9d3721ee7f4b7ae2,MP019,evidence,evidence_invalid
MPT-c99f888273f00483e08a,MP003,schema_type,relation_type_invalid
MPT-c9ab2e6537bb611bb1ba,MP005,evidence,evidence_invalid;relation_not_entailed
MPT-c9b9d4c8c754cb204586,MP001,evidence,evidence_invalid;relation_not_entailed
MPT-c9ce8844903772f4f220,MP005,evidence,evidence_invalid;relation_not_entailed
MPT-c9e7661996cf6510b8ea,MP004,evidence,evidence_invalid;relation_not_entailed
MPT-ca00182a6d885b569e67,MP019,schema_type,relation_type_invalid;evidence_invalid;relation_not_entailed
MPT-ca08798df4efef459b38,MP019,evidence,evidence_invalid
MPT-ca0941033d8e3c4619fa,MP004,evidence,evidence_invalid;relation_not_entailed
MPT-ca0a388d5955a5a2d1fe,MP019,schema_type,relation_type_invalid;evidence_invalid;relation_not_entailed
MPT-ca138973ac29e8bdf071,MP003,evidence,evidence_invalid
MPT-ca17aa2917fa0c4b53f7,MP019,evidence,evidence_invalid
MPT-ca18ee6fddc57ac140ba,MP019,schema_type,relation_type_invalid;evidence_invalid;relation_not_entailed
MPT-ca1cdb88eeeaea2200cb,MP003,evidence,evidence_invalid
MPT-ca23d83a08018e142e72,MP019,evidence,evidence_invalid;relation_not_entailed
MPT-ca3cb6553a46793d8daf,MP021,evidence,evidence_invalid;relation_not_entailed
MPT-ca4ac7b629d93772c06f,MP005,relation_support,dual_qwen_relation_not_entailed
MPT-ca4fb1f02f589b223475,MP019,evidence,evidence_invalid
MPT-ca52b9e35c2f4242ec93,MP002,evidence,evidence_invalid
MPT-ca52bb27055aa025e954,MP003,schema_type,relation_type_invalid;evidence_invalid
MPT-ca5cb87f0a882d7c01c1,MP001,schema_type,relation_type_invalid;evidence_invalid;relation_not_entailed
MPT-ca60e41b6562016da496,MP004,evidence,evidence_invalid
MPT-ca631390fb4d4b4afeff,MP001,evidence,evidence_invalid;relation_not_entailed
MPT-ca6927313df67c967f1c,MP017,schema_type,relation_type_invalid;evidence_invalid;relation_not_entailed
MPT-ca6dd1665e544698b1c0,MP001,evidence,evidence_invalid;relation_not_entailed
MPT-ca721ba0aaacade89567,MP003,evidence,evidence_invalid
MPT-ca87b874aa7c8007a174,MP003,schema_type,relation_type_invalid;evidence_invalid;relation_not_entailed
MPT-caa2fee846abca1e0af9,MP004,evidence,evidence_invalid
MPT-cabf4cdea903cebe8ff5,MP003,evidence,evidence_invalid;relation_not_entailed
MPT-cabf80754567e673f141,MP002,evidence,evidence_invalid
MPT-cac43e125931d437bd5a,MP019,evidence,evidence_invalid;relation_not_entailed
MPT-cad027ed50bef0eb4838,MP005,evidence,evidence_invalid;relation_not_entailed
MPT-cad6480005fe35e23940,MP003,evidence,evidence_invalid;relation_not_entailed
MPT-cadd8125673bf2f38866,MP003,relation_support,dual_qwen_relation_not_entailed
MPT-cadf59a8e1d2b7c33e8d,MP003,evidence,evidence_invalid;relation_not_entailed
MPT-cae4869d658e5be31c86,MP001,evidence,evidence_invalid;relation_not_entailed
MPT-cafbfdd6fc16c6240a11,MP019,evidence,evidence_invalid
MPT-cb0fda1200dad2bdd8f0,MP003,evidence,evidence_invalid
MPT-cb1cd3b5f53d0a6906c8,MP002,evidence,evidence_invalid
MPT-cb3347ea750f8a4c0b64,MP015,schema_type,relation_type_invalid;evidence_invalid;relation_not_entailed
MPT-cb59e149ac8ff3dd6bd1,MP004,evidence,evidence_invalid;relation_not_entailed
MPT-cb6433cbf34f04264cfb,MP002,evidence,evidence_invalid
MPT-cb67e766bc7058a0e4e3,MP007,evidence,evidence_invalid
MPT-cb6957f9dcad645a3406,MP017,evidence,evidence_invalid;relation_not_entailed
MPT-cb7f964c78b3961fd663,MP003,schema_type,relation_type_invalid
MPT-cb84d1506729cead8146,MP019,evidence,evidence_invalid;relation_not_entailed
MPT-cb9e72b37841c559b366,MP022,evidence,evidence_invalid;relation_not_entailed
MPT-cba2b52dbc104b80c453,MP003,schema_type,relation_type_invalid;evidence_invalid
MPT-cbbf297dca743b82c7fb,MP001,schema_type,relation_type_invalid;evidence_invalid
MPT-cbca4aa6c6bf3b10e67b,MP019,evidence,evidence_invalid
MPT-cbcc2ab56f0caf4f6822,MP018,evidence,evidence_invalid;relation_not_entailed
MPT-cbd0108865d57b975f3a,MP019,evidence,evidence_invalid
MPT-cbe349d39d0a83b3bda6,MP003,evidence,evidence_invalid
MPT-cbe763eafd8a6a028db2,MP016,evidence,evidence_invalid;relation_not_entailed
MPT-cc09634ca9e64b00d48b,MP003,evidence,evidence_invalid
MPT-cc1635584217c844f63e,MP005,evidence,evidence_invalid;relation_not_entailed
MPT-cc30edf35e1e38bd6910,MP016,evidence,evidence_invalid;relation_not_entailed
MPT-cc32d9c1e63b83bcb5c8,MP019,evidence,evidence_invalid
MPT-cc346ab81843615b7cb1,MP005,evidence,evidence_invalid;relation_not_entailed
MPT-cc37ba77367659a42565,MP019,evidence,evidence_invalid
MPT-cc467fb449e19bef8140,MP001,evidence,evidence_invalid;relation_not_entailed
MPT-cc485850e6ef2fa17f82,MP022,evidence,evidence_invalid;relation_not_entailed
MPT-cc4ca8c282beda9ec743,MP019,evidence,evidence_invalid
MPT-cc68edd8adee4006f067,MP002,schema_type,relation_type_invalid
MPT-cc7b9bc7301b85567d65,MP003,evidence,evidence_invalid
MPT-cc9b54ecc8a0e413e4ad,MP004,evidence,evidence_invalid;relation_not_entailed
MPT-cc9e86258efae9e7d1ac,MP003,evidence,evidence_invalid;relation_not_entailed
MPT-cca6e60fd5ab574e8913,MP016,evidence,evidence_invalid;relation_not_entailed
MPT-ccc052d7f44e8bde7554,MP003,evidence,evidence_invalid;relation_not_entailed
MPT-cccfe8eb17b539fa5984,MP007,evidence,evidence_invalid
MPT-cce46f4ae3401dda8854,MP001,schema_type,relation_type_invalid
MPT-cceaecae6c18ef5412af,MP019,evidence,evidence_invalid;relation_not_entailed
MPT-ccf80c71c4711b318f98,MP003,evidence,evidence_invalid;relation_not_entailed
MPT-cd0ff9bed968028bd7cb,MP002,evidence,evidence_invalid
MPT-cd102bb03ba716349b49,MP003,evidence,evidence_invalid;relation_not_entailed
MPT-cd2197db20c1b8cc106c,MP003,evidence,evidence_invalid;relation_not_entailed
MPT-cd2598bed0990f3e71d2,MP015,evidence,evidence_invalid
MPT-cd2804d110dd591106bf,MP022,relation_support,dual_qwen_relation_not_entailed
MPT-cd550f9a4f4d29c0c192,MP003,schema_type,relation_type_invalid
MPT-cd88e74f511fa12fe59d,MP003,evidence,evidence_invalid
MPT-cd92037ccb7679f9132a,MP003,evidence,evidence_invalid;relation_not_entailed
MPT-cda06ab8ed3986d2bcaa,MP002,evidence,evidence_invalid
MPT-cdae544a32ed0b0f4a94,MP002,evidence,evidence_invalid
MPT-cdc23b718cf3ec95191b,MP002,evidence,evidence_invalid
MPT-cdce50555258ee9f494a,MP001,evidence,evidence_invalid
MPT-cdd43880d7d01c5ff509,MP003,evidence,evidence_invalid;relation_not_entailed
MPT-cdea81831de434cd7668,MP019,evidence,evidence_invalid
MPT-cdf50aa86b5630aa1084,MP016,evidence,evidence_invalid;relation_not_entailed
MPT-cdf53477058d351f0596,MP001,evidence,evidence_invalid;relation_not_entailed
MPT-ce0a889f6ba26dbe0ab6,MP003,evidence,evidence_invalid;relation_not_entailed
MPT-ce0c989ad3a2488b7324,MP019,schema_type,relation_type_invalid;evidence_invalid
MPT-ce221c4f422841cc65b1,MP019,evidence,evidence_invalid
MPT-ce2814f8404d21e06ef0,MP003,evidence,evidence_invalid;relation_not_entailed
MPT-ce359e924928955fe76c,MP005,schema_type,relation_type_invalid
MPT-ce3bfc40572aa3edb9aa,MP016,evidence,evidence_invalid;relation_not_entailed
MPT-ce3e28accf8fa4fb43b4,MP021,evidence,evidence_invalid;relation_not_entailed
MPT-ce415711a544aa91c186,MP016,evidence,evidence_invalid;relation_not_entailed
MPT-ce6c78a13903d5171e67,MP003,schema_type,relation_type_invalid;evidence_invalid;relation_not_entailed
MPT-ce89d358877c5f5b2705,MP003,schema_type,relation_type_invalid
MPT-ce8f22abb69dce7acabe,MP001,evidence,evidence_invalid;relation_not_entailed
MPT-cea375c4db794c9cb2b1,MP016,evidence,evidence_invalid;relation_not_entailed
MPT-cea4a0624e8bd8c78fd1,MP003,evidence,evidence_invalid;relation_not_entailed
MPT-cea593161e16c4c7ce8c,MP018,schema_type,relation_type_invalid
MPT-cec18241397bea40070c,MP003,schema_type,relation_type_invalid;evidence_invalid
MPT-cec97dbddda6c0e2fd84,MP015,evidence,evidence_invalid;relation_not_entailed
MPT-cedd321634ba50c0d580,MP020,evidence,evidence_invalid;relation_not_entailed
MPT-cedf270433b1489c8ec4,MP001,evidence,evidence_invalid;relation_not_entailed
MPT-cee1d8047495188c9212,MP022,evidence,evidence_invalid;relation_not_entailed
MPT-cee4a48adb63f3d4f46d,MP017,schema_type,relation_type_invalid;evidence_invalid;relation_not_entailed
MPT-cefcde13358a6d448ccb,MP019,evidence,evidence_invalid;relation_not_entailed
MPT-cf19ee3162cb8e5b61ce,MP005,relation_support,dual_qwen_relation_not_entailed
MPT-cf2559e447304827362a,MP019,schema_type,relation_type_invalid
MPT-cf3671f5427bdae34f78,MP003,schema_type,relation_type_invalid
MPT-cf3ddd39194564968087,MP016,evidence,evidence_invalid;relation_not_entailed
MPT-cf3e9cefe36de8c252b8,MP003,schema_type,relation_type_invalid;evidence_invalid;relation_not_entailed
MPT-cf55d206337a52345aee,MP017,evidence,evidence_invalid;relation_not_entailed
MPT-cf5c6df84d29a3917551,MP002,evidence,evidence_invalid
MPT-cf5f22b3309d2a98a53c,MP016,evidence,evidence_invalid;relation_not_entailed
MPT-cf5f98a4b7a4cab9d28c,MP003,evidence,evidence_invalid;relation_not_entailed
MPT-cf60dc7af28184944494,MP019,evidence,evidence_invalid;relation_not_entailed
MPT-cf610f1a6bccf0747cd9,MP019,evidence,evidence_invalid
MPT-cf6ec824049e227732d1,MP018,evidence,evidence_invalid;relation_not_entailed
MPT-cf757bcd885a4bfbeead,MP015,schema_type,relation_type_invalid
MPT-cf7fecb569e4a70a709f,MP003,evidence,evidence_invalid
MPT-cf8176625e87e908755a,MP016,evidence,evidence_invalid;relation_not_entailed
MPT-cf8e00fdad4dc735b379,MP003,schema_type,relation_type_invalid
MPT-cf8e176e3a9603652c17,MP003,evidence,evidence_invalid;relation_not_entailed
MPT-cf91fb96696158fc1494,MP021,evidence,evidence_invalid;relation_not_entailed
MPT-cfa544fada1b860b20ea,MP019,evidence,evidence_invalid
MPT-cfa88900441de51d0789,MP016,evidence,evidence_invalid;relation_not_entailed
MPT-cfad983808b2e8a2e6a2,MP019,schema_type,relation_type_invalid;evidence_invalid;relation_not_entailed
MPT-cfb55944704adc27e315,MP019,evidence,evidence_invalid;relation_not_entailed
MPT-cfc041b6ecf674a7a06f,MP003,evidence,evidence_invalid
MPT-cfcd2a8356589b2cf6f8,MP002,evidence,evidence_invalid
MPT-cfdab1e5ee9fd9c35a2e,MP016,schema_type,relation_type_invalid;evidence_invalid;relation_not_entailed
MPT-cfe1b8465055bb4da0cf,MP001,schema_type,relation_type_invalid
MPT-cff8f37c284f00f45579,MP002,evidence,evidence_invalid
MPT-d009ad12fae3c53a6285,MP019,evidence,evidence_invalid;relation_not_entailed
MPT-d017a4764297d00a7b59,MP017,evidence,evidence_invalid;relation_not_entailed
MPT-d017b8abb6415f236c82,MP016,evidence,evidence_invalid;relation_not_entailed
MPT-d019a4b9534ffe27a3d4,MP003,schema_type,relation_type_invalid
MPT-d01a2511d296508826e1,MP003,evidence,evidence_invalid;relation_not_entailed
MPT-d02cd9df961d919669f0,MP001,evidence,evidence_invalid;relation_not_entailed
MPT-d04c860fe1c67d660b7d,MP022,evidence,evidence_invalid;relation_not_entailed
MPT-d05cfdce4693a5b2cb4b,MP002,schema_type,relation_type_invalid;evidence_invalid
MPT-d06490c186d3c4cde5b0,MP003,evidence,evidence_invalid;relation_not_entailed
MPT-d0753166e6ebc306fbd8,MP021,evidence,evidence_invalid;relation_not_entailed
MPT-d09525434d74c101e871,MP020,schema_type,relation_type_invalid;evidence_invalid;relation_not_entailed
MPT-d0bb9b373c0bc008d487,MP003,evidence,evidence_invalid
MPT-d0c99d90588601e20013,MP003,schema_type,relation_type_invalid
MPT-d0d82110bec2fe7cd9bc,MP007,evidence,evidence_invalid
MPT-d0dc92b70755af19e40f,MP003,evidence,evidence_invalid;relation_not_entailed
MPT-d0dfe8777ccf45ba703d,MP003,schema_type,relation_type_invalid;evidence_invalid
MPT-d0e5b5031e61f5e4754f,MP022,evidence,evidence_invalid;relation_not_entailed
MPT-d0e98ccdec02848d2ef4,MP003,evidence,evidence_invalid
MPT-d0ed19550ef630ffdaf8,MP001,schema_type,relation_type_invalid;evidence_invalid;relation_not_entailed
MPT-d0f46a64c875a2cd9e85,MP005,evidence,evidence_invalid;relation_not_entailed
MPT-d0f5cf007d1f70ee72df,MP002,evidence,evidence_invalid
MPT-d10e51cf2007f0267b1d,MP005,schema_type,relation_type_invalid;evidence_invalid
MPT-d11065ee97aa2e93a4ec,MP005,evidence,evidence_invalid
MPT-d123619d0b07ad74080f,MP005,evidence,evidence_invalid
MPT-d12a98c83ac56712cc19,MP003,evidence,evidence_invalid
MPT-d12aaf89282ee04f1b17,MP003,evidence,evidence_invalid;relation_not_entailed
MPT-d13b99e1d4a0d5fe6b93,MP019,evidence,evidence_invalid;relation_not_entailed
MPT-d140a6e41473903487fb,MP003,evidence,evidence_invalid
MPT-d149b426a3b42df5dbcf,MP001,evidence,evidence_invalid;relation_not_entailed
MPT-d15cd840b03c2d20f592,MP003,schema_type,relation_type_invalid;evidence_invalid
MPT-d1615ba17a272856803e,MP019,evidence,evidence_invalid
MPT-d164825026fe1eb5a0f3,MP019,evidence,evidence_invalid;relation_not_entailed
MPT-d16649c2690aa1433059,MP015,evidence,evidence_invalid
MPT-d16dbfa4f0ac4e1b37b1,MP003,schema_type,relation_type_invalid
MPT-d174eb98b0a58037628b,MP016,evidence,evidence_invalid;relation_not_entailed
MPT-d18334ac5bb5b2e2e66b,MP001,schema_type,relation_type_invalid
MPT-d185218224bfd49928a1,MP017,schema_type,relation_type_invalid;evidence_invalid;relation_not_entailed
MPT-d1910546a28fa83d8eb5,MP003,evidence,evidence_invalid;relation_not_entailed
MPT-d196688ea0acd36acadf,MP003,evidence,evidence_invalid;relation_not_entailed
MPT-d1968b4b80ed969df9f9,MP001,evidence,evidence_invalid;relation_not_entailed
MPT-d1af2aaa9aa612ebf7ff,MP021,evidence,evidence_invalid;relation_not_entailed
MPT-d1cf53cbdbfbc3dec1d1,MP003,evidence,evidence_invalid;relation_not_entailed
MPT-d1f2044a43a2b73350b4,MP003,schema_type,relation_type_invalid;evidence_invalid;relation_not_entailed
MPT-d201a5e4d59a748e82eb,MP002,evidence,evidence_invalid
MPT-d20a8f02cd375d69bae5,MP016,evidence,evidence_invalid;relation_not_entailed
MPT-d2159ebc0806b9ac293d,MP005,schema_type,relation_type_invalid
MPT-d2223345811e7a1be3c4,MP003,evidence,evidence_invalid;relation_not_entailed
MPT-d233e828a065c572f4ee,MP001,evidence,evidence_invalid;relation_not_entailed
MPT-d23a6625322365e54a1a,MP019,evidence,evidence_invalid;relation_not_entailed
MPT-d23cf960bc520807a41b,MP016,evidence,evidence_invalid;relation_not_entailed
MPT-d268a9846647da3fc6f7,MP003,relation_support,dual_qwen_relation_not_entailed
MPT-d268c1da60108c1fe643,MP004,evidence,evidence_invalid;relation_not_entailed
MPT-d2775875524fcecd5fb7,MP003,evidence,evidence_invalid;relation_not_entailed
MPT-d278196f09f205df6061,MP003,schema_type,relation_type_invalid;evidence_invalid
MPT-d27fe513de47b0d964f2,MP007,schema_type,relation_type_invalid
MPT-d287a0828399c3094e99,MP003,schema_type,relation_type_invalid;evidence_invalid;relation_not_entailed
MPT-d289ccec07fd9efc6709,MP020,schema_type,relation_type_invalid
MPT-d28b096e05762e221cd9,MP003,evidence,evidence_invalid
MPT-d29df9d575476a7a2876,MP003,evidence,evidence_invalid
MPT-d2a4a34007bcc4210284,MP019,schema_type,relation_type_invalid
MPT-d2a9417ad2a71d5fc57a,MP003,evidence,evidence_invalid;relation_not_entailed
MPT-d2aeeaca0dfdac25cad2,MP019,evidence,evidence_invalid;relation_not_entailed
MPT-d2b0b68e5e227dc6e685,MP003,evidence,evidence_invalid
MPT-d2b389026f1444794b6f,MP004,evidence,evidence_invalid;relation_not_entailed
MPT-d2c23f1e2847cb14cc25,MP015,evidence,evidence_invalid;relation_not_entailed
MPT-d2c9c9131bf78b07194f,MP003,evidence,evidence_invalid;relation_not_entailed
MPT-d2cc9375f6b2e4a021df,MP022,evidence,evidence_invalid;relation_not_entailed
MPT-d2cd98c3b8f414544dfd,MP019,evidence,evidence_invalid
MPT-d2f02793f57b12fbae66,MP019,evidence,evidence_invalid;relation_not_entailed
MPT-d2fec67139af56f0be4a,MP021,evidence,evidence_invalid;relation_not_entailed
MPT-d2fedc3790998e35cbdc,MP007,evidence,evidence_invalid
MPT-d30becd8f6a4ba09fae4,MP019,schema_type,relation_type_invalid
MPT-d317e5001a6a3098e097,MP007,evidence,evidence_invalid
MPT-d32629bc684de3bb7885,MP003,evidence,evidence_invalid;relation_not_entailed
MPT-d32ef825ba2c17a232e5,MP002,schema_type,relation_type_invalid
MPT-d34015e05e8207827589,MP020,evidence,evidence_invalid;relation_not_entailed
MPT-d35a018c29cd1d1a1668,MP003,schema_type,relation_type_invalid;evidence_invalid
MPT-d372cb47232ec70af2cc,MP001,evidence,evidence_invalid;relation_not_entailed
MPT-d37dd43dd37b1208d3af,MP002,schema_type,relation_type_invalid
MPT-d37e381e52bbe84602ba,MP019,evidence,evidence_invalid
MPT-d3887d345ae8084879fe,MP019,evidence,evidence_invalid
MPT-d38faebda66c99380429,MP003,evidence,evidence_invalid;relation_not_entailed
MPT-d3a858dd3faf80b095e0,MP002,evidence,evidence_invalid
MPT-d3c357d4ed228a3ba40e,MP001,evidence,evidence_invalid;relation_not_entailed
MPT-d3d1696852e304036b0c,MP003,evidence,evidence_invalid
MPT-d3d408f0a311cadcf8cc,MP022,evidence,evidence_invalid;relation_not_entailed
MPT-d4056d6f726cff7ea07d,MP018,schema_type,relation_type_invalid;evidence_invalid;relation_not_entailed
MPT-d40d01bf5937c0a8b2b1,MP007,evidence,evidence_invalid;relation_not_entailed
MPT-d41eb718e7649e46c8e8,MP019,evidence,evidence_invalid
MPT-d43ad30928047b95f4d6,MP003,schema_type,relation_type_invalid;evidence_invalid
MPT-d449ef6c6155d8a720bb,MP003,relation_support,dual_qwen_relation_not_entailed
MPT-d45bd237be0ab42bad25,MP019,evidence,evidence_invalid
MPT-d462f9ed14e1539fad69,MP003,evidence,evidence_invalid;relation_not_entailed
MPT-d464815c2765f115d7a7,MP002,schema_type,relation_type_invalid
MPT-d465289b2fac75b6b59c,MP002,evidence,evidence_invalid
MPT-d47b9328fbcb63d73d8f,MP001,evidence,evidence_invalid;relation_not_entailed
MPT-d4b12eb9e42978150cc2,MP003,evidence,evidence_invalid
MPT-d4d87652fd82538cbc18,MP001,evidence,evidence_invalid;relation_not_entailed
MPT-d4d960a4e972c73de16b,MP016,evidence,evidence_invalid;relation_not_entailed
MPT-d4daff42ef6c482b5f6c,MP001,schema_type,relation_type_invalid;evidence_invalid;relation_not_entailed
MPT-d4e35a963599529baa65,MP003,evidence,evidence_invalid;relation_not_entailed
MPT-d4e36a9e89bd36692bda,MP002,evidence,evidence_invalid
MPT-d4ee27ce629cedb961bc,MP001,evidence,evidence_invalid;relation_not_entailed
MPT-d4f038b39504c760a5fd,MP003,evidence,evidence_invalid
MPT-d4f33d3c50d01718683d,MP021,evidence,evidence_invalid
MPT-d4f723eff0fb2efdd022,MP006,schema_type,relation_type_invalid;evidence_invalid;relation_not_entailed
MPT-d4fb5d4edde4144b7ddf,MP015,evidence,evidence_invalid;relation_not_entailed
MPT-d5014a52d0106c49839f,MP001,evidence,evidence_invalid;relation_not_entailed
MPT-d50a95453145ba6f46d7,MP016,evidence,evidence_invalid;relation_not_entailed
MPT-d511cf578ecfcfac0458,MP007,evidence,evidence_invalid
MPT-d51750dae478eac8b03c,MP002,evidence,evidence_invalid
MPT-d51845d0456fe8690dd9,MP019,schema_type,relation_type_invalid
MPT-d53dbc933ba02044c0aa,MP019,evidence,evidence_invalid
MPT-d53dd876f3e64273974e,MP019,evidence,evidence_invalid
MPT-d54f5d3835f1ca590565,MP021,evidence,evidence_invalid;relation_not_entailed
MPT-d5627335170a76978d9f,MP020,evidence,evidence_invalid;relation_not_entailed
MPT-d567fbaaefc8f0bad182,MP003,schema_type,relation_type_invalid;evidence_invalid;relation_not_entailed
MPT-d56d4b243d3cf265db2d,MP006,evidence,evidence_invalid;relation_not_entailed
MPT-d57c3c36f6a1c1bac77d,MP003,evidence,evidence_invalid;relation_not_entailed
MPT-d5847d6c99df1440ab39,MP001,evidence,evidence_invalid
MPT-d58e8e9d67a154dfe96f,MP019,evidence,evidence_invalid
MPT-d59780d00469c63ee858,MP001,evidence,evidence_invalid;relation_not_entailed
MPT-d59c92b5674f14a7d711,MP005,evidence,evidence_invalid
MPT-d59e12ce3499b73b1ba3,MP003,schema_type,relation_type_invalid
MPT-d5a13c36b51a937bcdf2,MP019,evidence,evidence_invalid
MPT-d5a401ac6f4ea70b7eeb,MP015,evidence,evidence_invalid;relation_not_entailed
MPT-d5bae2fd8f2f08d7c40c,MP003,evidence,evidence_invalid;relation_not_entailed
MPT-d5c69d71458a527f92cf,MP019,schema_type,relation_type_invalid;evidence_invalid
MPT-d5ca3f06f87a19dfd7f7,MP002,evidence,evidence_invalid
MPT-d5f16816cea07fd51c32,MP005,evidence,evidence_invalid;relation_not_entailed
MPT-d5ff3ac2a1a9f8b0d37b,MP003,evidence,evidence_invalid;relation_not_entailed
MPT-d6023f5e76c8449afc31,MP003,schema_type,relation_type_invalid;evidence_invalid
MPT-d602a9df478703e026e7,MP005,evidence,evidence_invalid
MPT-d6082ffa51dd4a9272b3,MP004,evidence,evidence_invalid;relation_not_entailed
MPT-d61e18dda289b9fd2059,MP003,evidence,evidence_invalid
MPT-d61fd03a6d75b90f84de,MP003,schema_type,relation_type_invalid;evidence_invalid;relation_not_entailed
MPT-d632086fb1f460891489,MP019,evidence,evidence_invalid;relation_not_entailed
MPT-d64697c4b613f01b4ef5,MP005,evidence,evidence_invalid;relation_not_entailed
MPT-d6561dd1f5139fd98c6e,MP006,schema_type,relation_type_invalid
MPT-d659bf55d1e597c83a80,MP021,evidence,evidence_invalid;relation_not_entailed
MPT-d65a2277d9ef45fd28e8,MP019,evidence,evidence_invalid
MPT-d65e54cee37ee51688b0,MP002,evidence,evidence_invalid;relation_not_entailed
MPT-d66cb86640e57b49f4ec,MP003,evidence,evidence_invalid;relation_not_entailed
MPT-d67aa154ab465ccfca44,MP003,evidence,evidence_invalid
MPT-d67ec70464f686993c3c,MP003,schema_type,relation_type_invalid
MPT-d6817dea62fcb49c134a,MP003,evidence,evidence_invalid;relation_not_entailed
MPT-d69eb0f75bd3eec9afb8,MP003,evidence,evidence_invalid
MPT-d69f598781596b4e6991,MP019,evidence,evidence_invalid;relation_not_entailed
MPT-d6b0d11442255491eb85,MP018,schema_type,relation_type_invalid
MPT-d6bd710b019d2179c7a4,MP002,evidence,evidence_invalid
MPT-d6d20cf77b95f2f06d8f,MP019,evidence,evidence_invalid
MPT-d6e40aac70e48e16fd71,MP005,schema_type,relation_type_invalid
MPT-d6f825b257adbcd1afbd,MP002,evidence,evidence_invalid
MPT-d6fbb4ca4bf1a430c730,MP003,evidence,evidence_invalid;relation_not_entailed
MPT-d70b6e4d7a4e1cd5a8fd,MP003,evidence,evidence_invalid;relation_not_entailed
MPT-d721a76d8e32f75b9a65,MP003,schema_type,relation_type_invalid;evidence_invalid;relation_not_entailed
MPT-d748b4b79920a698a6ed,MP002,evidence,evidence_invalid
MPT-d75086b7614b69d3d508,MP001,evidence,evidence_invalid
MPT-d750f5aab08bf8af8d43,MP003,evidence,evidence_invalid;relation_not_entailed
MPT-d756295fe73d92cefb4d,MP003,schema_type,relation_type_invalid
MPT-d76471b81c36e1179ea5,MP018,schema_type,relation_type_invalid;evidence_invalid;relation_not_entailed
MPT-d7675a054070729e1b6b,MP003,schema_type,relation_type_invalid
MPT-d76b132580d867caf896,MP002,schema_type,relation_type_invalid;evidence_invalid
MPT-d76d362d583676603c0e,MP003,evidence,evidence_invalid;relation_not_entailed
MPT-d78dfe9e502b75762fef,MP019,schema_type,relation_type_invalid
MPT-d79e3b70e6f1315b6fc4,MP003,schema_type,relation_type_invalid;evidence_invalid
MPT-d7a7d73f126d8bf1f6ff,MP019,schema_type,relation_type_invalid;evidence_invalid;relation_not_entailed
MPT-d7aeb7f72a2d25fa7bbb,MP007,evidence,evidence_invalid;relation_not_entailed
MPT-d7b68708c1340acbb079,MP002,evidence,evidence_invalid
MPT-d7bcc2727f9f622d5ced,MP001,evidence,evidence_invalid;relation_not_entailed
MPT-d7c2d8a9f194f2bf8074,MP003,schema_type,relation_type_invalid;evidence_invalid;relation_not_entailed
MPT-d7c45b488eedfc888a4e,MP019,evidence,evidence_invalid
MPT-d7c6665f892cbc0d9c02,MP005,evidence,evidence_invalid;relation_not_entailed
MPT-d7cb738e5589e7b73eeb,MP003,evidence,evidence_invalid;relation_not_entailed
MPT-d7e4c07c6391d0b5a55f,MP003,schema_type,relation_type_invalid;evidence_invalid
MPT-d7f8f3a2e6fb5670c669,MP001,evidence,evidence_invalid
MPT-d8088de67352077bab6b,MP019,evidence,evidence_invalid
MPT-d80ea90e1ec61fd6f686,MP019,evidence,evidence_invalid
MPT-d80f4b2a2ee63681ab52,MP004,evidence,evidence_invalid;relation_not_entailed
MPT-d82e11a4a140a6471dfe,MP016,evidence,evidence_invalid;relation_not_entailed
MPT-d82e4aadd23688cf41d8,MP007,evidence,evidence_invalid
MPT-d83c805d3febb1f86c2c,MP018,evidence,evidence_invalid;relation_not_entailed
MPT-d8456922917fe915d36d,MP003,evidence,evidence_invalid;relation_not_entailed
MPT-d8459e9cc427431e9359,MP016,evidence,evidence_invalid;relation_not_entailed
MPT-d84ee2fd927c87b6c608,MP017,evidence,evidence_invalid;relation_not_entailed
MPT-d85265862e546fe6a5d4,MP003,schema_type,relation_type_invalid
MPT-d8635c3f1c22015120cf,MP005,evidence,evidence_invalid
MPT-d8642f773be92771f222,MP019,evidence,evidence_invalid
MPT-d87ffa0e7f95f9fd8dd0,MP019,evidence,evidence_invalid
MPT-d88367cd9288066c1237,MP004,evidence,evidence_invalid
MPT-d886801faf89a755afdc,MP019,schema_type,relation_type_invalid
MPT-d8890f6999113fe4bcaf,MP005,evidence,evidence_invalid
MPT-d88bed971a36c597274c,MP019,evidence,evidence_invalid;relation_not_entailed
MPT-d894c92c6cfacd8e5172,MP003,evidence,evidence_invalid
MPT-d89fe8c01d2e8d1549f3,MP019,evidence,evidence_invalid;relation_not_entailed
MPT-d8a368e201f69c611c1b,MP019,evidence,evidence_invalid
MPT-d8a7af2f854b383ec883,MP001,evidence,evidence_invalid
MPT-d8aefc78b0fcb3564e00,MP005,evidence,evidence_invalid;relation_not_entailed
MPT-d8afcbb8cfbea251474f,MP001,schema_type,relation_type_invalid
MPT-d8b46255d2c00d9c03fd,MP003,schema_type,relation_type_invalid
MPT-d8c8ebcfbd6c55f2be09,MP015,schema_type,relation_type_invalid
MPT-d8cfb112e329fbe455c3,MP005,evidence,evidence_invalid
MPT-d8db289d3688fa840372,MP019,evidence,evidence_invalid
MPT-d8e2d9ebe79dd9a14129,MP003,schema_type,relation_type_invalid
MPT-d8e60fa05a2a72938414,MP003,evidence,evidence_invalid;relation_not_entailed
MPT-d8e9012ac125db08804f,MP001,schema_type,relation_type_invalid;evidence_invalid;relation_not_entailed
MPT-d8ea403210f9b28458c6,MP004,evidence,evidence_invalid;relation_not_entailed
MPT-d8f37be5d77f91f0b503,MP001,evidence,evidence_invalid
MPT-d8f3890de52810028793,MP017,evidence,evidence_invalid;relation_not_entailed
MPT-d8ff99b0e51aff3df592,MP021,schema_type,relation_type_invalid
MPT-d90560cc6e58981db09c,MP019,evidence,evidence_invalid
MPT-d90b7186e1ec0e821de3,MP016,evidence,evidence_invalid;relation_not_entailed
MPT-d926fe95aa2c1cc621e0,MP003,evidence,evidence_invalid;relation_not_entailed
MPT-d92d54363f274cd178c0,MP001,evidence,evidence_invalid;relation_not_entailed
MPT-d935eab20a95bbd41c3d,MP001,evidence,evidence_invalid
MPT-d93d07ddca591a94515d,MP003,evidence,evidence_invalid;relation_not_entailed
MPT-d94ef45bf9baa26123b0,MP019,evidence,evidence_invalid;relation_not_entailed
MPT-d966a47882a9de42f15c,MP003,relation_support,dual_qwen_relation_not_entailed
MPT-d96fc9e6d90298221db0,MP002,evidence,evidence_invalid
MPT-d97e8f09799e151c2fba,MP002,evidence,evidence_invalid
MPT-d9802932c2f66d8cf0eb,MP019,evidence,evidence_invalid;relation_not_entailed
MPT-d983d9490f96a65f655d,MP003,evidence,evidence_invalid;relation_not_entailed
MPT-d99d26c308dbb7cbac49,MP002,evidence,evidence_invalid
MPT-d9b53d89703986144d25,MP015,relation_support,dual_qwen_relation_not_entailed
MPT-d9c95064face1312e9ea,MP002,schema_type,relation_type_invalid
MPT-d9d56d23ff4cbb803b9b,MP021,evidence,evidence_invalid;relation_not_entailed
MPT-d9dc14cdf17b11b42ef4,MP015,evidence,evidence_invalid;relation_not_entailed
MPT-d9ddd8fa6c5009998907,MP019,evidence,evidence_invalid
MPT-d9f085c53ae6b114c385,MP005,schema_type,relation_type_invalid;evidence_invalid
MPT-d9f46b66392e2092c924,MP003,evidence,evidence_invalid;relation_not_entailed
MPT-da0ff1843f78b2c684a6,MP021,evidence,evidence_invalid
MPT-da159d2f1b3a9b2934e0,MP003,evidence,evidence_invalid;relation_not_entailed
MPT-da1c14780841f20df896,MP020,schema_type,relation_type_invalid
MPT-da25eff8bd3ee4a40e48,MP019,schema_type,relation_type_invalid
MPT-da26017cc24a7369ea06,MP019,evidence,evidence_invalid;relation_not_entailed
MPT-da26245bc925f9400639,MP019,evidence,evidence_invalid;relation_not_entailed
MPT-da39191907ed3f1dda07,MP003,evidence,evidence_invalid;relation_not_entailed
MPT-da393945282edc2114d4,MP020,evidence,evidence_invalid;relation_not_entailed
MPT-da411b99d82d7959d338,MP015,evidence,evidence_invalid;relation_not_entailed
MPT-da47921eb9e4d57f15e8,MP019,schema_type,relation_type_invalid;evidence_invalid
MPT-da55fc6ecc0c6702bab6,MP019,schema_type,relation_type_invalid;evidence_invalid;relation_not_entailed
MPT-da661880a4c716ec259c,MP019,evidence,evidence_invalid
MPT-da6c9f17bb334d9d8330,MP005,schema_type,relation_type_invalid
MPT-da743479e5438894803a,MP003,schema_type,relation_type_invalid;evidence_invalid;relation_not_entailed
MPT-da7f211716c3c1a52f17,MP003,evidence,evidence_invalid;relation_not_entailed
MPT-da874a4cb007069f3880,MP019,evidence,evidence_invalid
MPT-da8aef4b27583a6543fa,MP019,evidence,evidence_invalid;relation_not_entailed
MPT-daa14462446c8fef8515,MP002,evidence,evidence_invalid
MPT-daa52db502b6be8342ad,MP003,schema_type,relation_type_invalid;evidence_invalid;relation_not_entailed
MPT-dab49bca94c43cb4c325,MP019,evidence,evidence_invalid
MPT-dabc5c8f1a28562217a9,MP001,evidence,evidence_invalid;relation_not_entailed
MPT-dadb26801b78073b915c,MP004,evidence,evidence_invalid;relation_not_entailed
MPT-daf989b2fa1729e56562,MP005,schema_type,relation_type_invalid;evidence_invalid
MPT-db042edec3eaf541437d,MP001,evidence,evidence_invalid;relation_not_entailed
MPT-db0439662c4376793c70,MP004,evidence,evidence_invalid;relation_not_entailed
MPT-db15004caa0a6970599f,MP006,schema_type,relation_type_invalid;evidence_invalid;relation_not_entailed
MPT-db18e54a5b53cc83e8f4,MP004,evidence,evidence_invalid;relation_not_entailed
MPT-db25ebf393ef49a4b21e,MP004,evidence,evidence_invalid
MPT-db2832a3b3c0d4cdc862,MP002,evidence,evidence_invalid;relation_not_entailed
MPT-db39b5b841cbdac32293,MP007,evidence,evidence_invalid
MPT-db3a3da1a7a9f08a130b,MP019,evidence,evidence_invalid
MPT-db60710eaca1d8712146,MP003,evidence,evidence_invalid
MPT-db6b1585acab1db24d15,MP016,evidence,evidence_invalid;relation_not_entailed
MPT-db7d03866d7e74afe14c,MP016,evidence,evidence_invalid;relation_not_entailed
MPT-db9fd4455ffc9f02bcd9,MP016,evidence,evidence_invalid;relation_not_entailed
MPT-dbbc8d6527911cd546ca,MP003,evidence,evidence_invalid
MPT-dbc4e4f2cfed3158f8d7,MP019,evidence,evidence_invalid
MPT-dbc9eacdfe65cbf38cdd,MP019,schema_type,relation_type_invalid;evidence_invalid;relation_not_entailed
MPT-dbd58591660b0cd71b6c,MP021,evidence,evidence_invalid;relation_not_entailed
MPT-dbf718946dc2ea108f54,MP001,schema_type,relation_type_invalid;evidence_invalid
MPT-dc07b7ed452242e5cb06,MP001,schema_type,relation_type_invalid;evidence_invalid
MPT-dc10038925ae886707ac,MP021,evidence,evidence_invalid;relation_not_entailed
MPT-dc16a65a332fcc79dc7f,MP002,evidence,evidence_invalid
MPT-dc21930affbac9c10600,MP019,evidence,evidence_invalid
MPT-dc3deaa342f8b48c9167,MP005,evidence,evidence_invalid;relation_not_entailed
MPT-dc6d5862991a6bd3bc95,MP021,evidence,evidence_invalid;relation_not_entailed
MPT-dc7c763a02d16da498ec,MP003,schema_type,relation_type_invalid
MPT-dc82d4c31c2aa99f1039,MP019,evidence,evidence_invalid
MPT-dc8ceb3f0cf9a983f8df,MP016,evidence,evidence_invalid;relation_not_entailed
MPT-dc8f3e6c251b72a951d1,MP019,evidence,evidence_invalid
MPT-dc92b00c3ba47380f512,MP005,schema_type,relation_type_invalid
MPT-dc9a2409710fba168a14,MP003,evidence,evidence_invalid;relation_not_entailed
MPT-dc9e7fa6fcb2a1b8f9ef,MP019,evidence,evidence_invalid
MPT-dca31d0a6a5aeb4d32cc,MP019,evidence,evidence_invalid
MPT-dca4f628b25ff1493c44,MP019,evidence,evidence_invalid;relation_not_entailed
MPT-dca6c452bb2e14ccf9df,MP003,evidence,evidence_invalid;relation_not_entailed
MPT-dcc6e2f3edb1645dc9b6,MP002,evidence,evidence_invalid
MPT-dcccb2b8c10b6e13bfeb,MP003,schema_type,relation_type_invalid;evidence_invalid
MPT-dce93cc988f7ea55f972,MP001,evidence,evidence_invalid;relation_not_entailed
MPT-dcf332ef19c97e9afec0,MP002,schema_type,relation_type_invalid;evidence_invalid
MPT-dcf3c548656eb53e5866,MP003,schema_type,relation_type_invalid;evidence_invalid;relation_not_entailed
MPT-dd11ab2408f2a914b8e4,MP019,evidence,evidence_invalid
MPT-dd38577c34aa4b125f5e,MP005,evidence,evidence_invalid;relation_not_entailed
MPT-dd4b75a7dcf4dfca15c7,MP019,evidence,evidence_invalid;relation_not_entailed
MPT-dd677916a4b8fa424993,MP016,schema_type,relation_type_invalid
MPT-dd6a08f13435ab99c6bc,MP003,relation_support,dual_qwen_relation_not_entailed
MPT-dd752acee8a142a3b77d,MP016,evidence,evidence_invalid;relation_not_entailed
MPT-dd836759bf9d6143a1b6,MP002,evidence,evidence_invalid
MPT-dd9aa5ee6cb6927e1816,MP019,evidence,evidence_invalid
MPT-ddacf22dd7b5037a3738,MP020,schema_type,relation_type_invalid
MPT-ddbc58e8f547f5feae60,MP003,evidence,evidence_invalid
MPT-ddbf32f9aa9041e05582,MP003,schema_type,relation_type_invalid
MPT-ddf5413fa38f8081d14c,MP001,evidence,evidence_invalid
MPT-ddfeca364db7d07e6be1,MP016,evidence,evidence_invalid;relation_not_entailed
MPT-de01adb7fad975572963,MP016,evidence,evidence_invalid;relation_not_entailed
MPT-de2a9eb8137f95f6c7c0,MP001,schema_type,relation_type_invalid;evidence_invalid;relation_not_entailed
MPT-de2fafcd52d4edad07b9,MP003,relation_support,dual_qwen_relation_not_entailed
MPT-de3c9621c7dfbf1b1d20,MP002,evidence,evidence_invalid
MPT-de48f189c823a9281bb6,MP005,evidence,evidence_invalid;relation_not_entailed
MPT-de5219b4f9feb5ba4988,MP004,schema_type,relation_type_invalid
MPT-de52241ad3cae1b049c4,MP020,schema_type,relation_type_invalid
MPT-de5a4fe39d01587442fc,MP019,schema_type,relation_type_invalid;evidence_invalid;relation_not_entailed
MPT-de5d1d47f07e2b4ee844,MP001,evidence,evidence_invalid;relation_not_entailed
MPT-de634b4bd9bd5e1e9d57,MP019,evidence,evidence_invalid
MPT-de7edce5451053b0d025,MP004,schema_type,relation_type_invalid
MPT-de80dfe6918430bc36b5,MP022,schema_type,relation_type_invalid;evidence_invalid;relation_not_entailed
MPT-de81701d38b487fd0b8f,MP003,evidence,evidence_invalid;relation_not_entailed
MPT-de87939b4aa5ccb025db,MP003,evidence,evidence_invalid;relation_not_entailed
MPT-de8bc99dd967b2c58c28,MP018,schema_type,relation_type_invalid
MPT-de904e855b336fde5199,MP015,evidence,evidence_invalid
MPT-de98e197b863016c0583,MP022,evidence,evidence_invalid;relation_not_entailed
MPT-de9a95d13cc25d6c891a,MP002,evidence,evidence_invalid
MPT-deaef4e7a59341c12b6f,MP016,evidence,evidence_invalid;relation_not_entailed
MPT-deaf43862849130fea6d,MP002,evidence,evidence_invalid;relation_not_entailed
MPT-deb3d772183f07933395,MP003,evidence,evidence_invalid;relation_not_entailed
MPT-deb525e5763698714286,MP019,evidence,evidence_invalid
MPT-deb8aa25e72940b943ee,MP002,evidence,evidence_invalid
MPT-debc67928b7a5996af5e,MP004,evidence,evidence_invalid
MPT-deddbaa1f62593a1cbb8,MP019,evidence,evidence_invalid;relation_not_entailed
MPT-deea8e7619d9162d4db4,MP007,evidence,evidence_invalid
MPT-df1645fde19866f6b618,MP003,schema_type,relation_type_invalid
MPT-df21c46ef29526898665,MP016,evidence,evidence_invalid;relation_not_entailed
MPT-df23aea5baa4a87549fd,MP003,evidence,evidence_invalid;relation_not_entailed
MPT-df4d621d8a4e4a485edb,MP005,schema_type,relation_type_invalid
MPT-df5d760b6992516b0948,MP002,evidence,evidence_invalid
MPT-df5ffd52a69f1ee3f077,MP005,evidence,evidence_invalid
MPT-df63b15f6ceac7f259ac,MP002,evidence,evidence_invalid
MPT-df7466d519c269f1a2e6,MP019,evidence,evidence_invalid;relation_not_entailed
MPT-df79c6e2e25a5afdb2a5,MP003,evidence,evidence_invalid;relation_not_entailed
MPT-df7d5f13b2bcda6cc161,MP016,evidence,evidence_invalid;relation_not_entailed
MPT-df935d67f2676090fa20,MP001,schema_type,relation_type_invalid;evidence_invalid;relation_not_entailed
MPT-df9fa2579542bde15875,MP002,evidence,evidence_invalid
MPT-dfa2ccbdfbd3199425d2,MP004,evidence,evidence_invalid;relation_not_entailed
MPT-dfac41d16bbe4d7cff63,MP002,evidence,evidence_invalid
MPT-dfc76897b35f19764cac,MP019,evidence,evidence_invalid;relation_not_entailed
MPT-dfcc5b53619a29d6c4c4,MP003,evidence,evidence_invalid
MPT-dfd0bee0531c8de542a7,MP015,schema_type,relation_type_invalid
MPT-dfd1f830cc927d144703,MP003,schema_type,relation_type_invalid;evidence_invalid
MPT-dfd5c4424a6502ea2226,MP019,evidence,evidence_invalid;relation_not_entailed
MPT-dfda920fe78eeeb8314b,MP003,relation_support,dual_qwen_relation_not_entailed
MPT-dfe7c035af8185027bd3,MP003,evidence,evidence_invalid;relation_not_entailed
MPT-dff2db4e495ffc46dd43,MP018,evidence,evidence_invalid;relation_not_entailed
MPT-dff87ebc46b044622d62,MP019,evidence,evidence_invalid
MPT-dffd6cf1ce6ff90d28ba,MP018,schema_type,relation_type_invalid
MPT-dfffd750531e6853822a,MP001,evidence,evidence_invalid;relation_not_entailed
MPT-e00aec698177e2bb60b3,MP002,evidence,evidence_invalid
MPT-e00dc4906f430eb9e85d,MP019,evidence,evidence_invalid
MPT-e02440bce77d6a018e36,MP002,evidence,evidence_invalid
MPT-e05518869fb0ba7ec746,MP004,evidence,evidence_invalid;relation_not_entailed
MPT-e05c258f16e537e558ad,MP015,evidence,evidence_invalid;relation_not_entailed
MPT-e05fe28aa4c6195f9f3d,MP019,evidence,evidence_invalid
MPT-e064ec380d4022460a6e,MP001,evidence,evidence_invalid;relation_not_entailed
MPT-e07f90025fb0ddaf7933,MP019,schema_type,relation_type_invalid;evidence_invalid;relation_not_entailed
MPT-e0891431d62fff857dc7,MP003,evidence,evidence_invalid;relation_not_entailed
MPT-e0ab85e1f59808334819,MP005,schema_type,relation_type_invalid;evidence_invalid;relation_not_entailed
MPT-e0acb72280b8023a3b73,MP022,evidence,evidence_invalid;relation_not_entailed
MPT-e0c762af35a2729893b2,MP022,evidence,evidence_invalid;relation_not_entailed
MPT-e0cef034037c06d6c29e,MP003,evidence,evidence_invalid;relation_not_entailed
MPT-e0d3e9cd9e742b949a4b,MP016,evidence,evidence_invalid;relation_not_entailed
MPT-e0daf141fdad4939d634,MP005,evidence,evidence_invalid
MPT-e0ddb9156cc33b11e1b4,MP015,evidence,evidence_invalid
MPT-e0de05f36b59386020ef,MP016,evidence,evidence_invalid;relation_not_entailed
MPT-e102d936f14909349b82,MP015,schema_type,relation_type_invalid;evidence_invalid;relation_not_entailed
MPT-e111a9b5282f5b0e6369,MP003,schema_type,relation_type_invalid;evidence_invalid
MPT-e11b9da314ecc61abcf4,MP003,schema_type,relation_type_invalid
MPT-e11fdb1fc8cee07bd5eb,MP006,evidence,evidence_invalid;relation_not_entailed
MPT-e13881234aa918d65f4b,MP001,evidence,evidence_invalid
MPT-e141ae58c3be57fb0ade,MP005,relation_support,dual_qwen_relation_not_entailed
MPT-e142aa6156f0e8dc2beb,MP002,evidence,evidence_invalid
MPT-e147d209f2abba260f80,MP019,evidence,evidence_invalid;relation_not_entailed
MPT-e14d72fd361be0d46da0,MP003,evidence,evidence_invalid;relation_not_entailed
MPT-e16493c32a5e25f36df4,MP003,schema_type,relation_type_invalid;evidence_invalid;relation_not_entailed
MPT-e166173b5e3045ef9614,MP002,evidence,evidence_invalid
MPT-e16c0d8915f5bf108539,MP003,schema_type,relation_type_invalid;evidence_invalid
MPT-e17243199922985deebe,MP017,evidence,evidence_invalid;relation_not_entailed
MPT-e17640bdbcd98a371b4d,MP019,evidence,evidence_invalid;relation_not_entailed
MPT-e17a6cc759c65567b943,MP015,evidence,evidence_invalid;relation_not_entailed
MPT-e185e0fff58993b43efc,MP007,evidence,evidence_invalid
MPT-e18f4562af54e7b8a02b,MP003,schema_type,relation_type_invalid;evidence_invalid;relation_not_entailed
MPT-e19192e51b538f168578,MP005,evidence,evidence_invalid;relation_not_entailed
MPT-e19a5e7fb1dd42dd5ec4,MP019,schema_type,relation_type_invalid;evidence_invalid;relation_not_entailed
MPT-e1a398473936f1ffdcae,MP020,schema_type,relation_type_invalid
MPT-e1abb2374b780672bda4,MP022,evidence,evidence_invalid;relation_not_entailed
MPT-e1ae97ffa900edb15830,MP003,relation_support,dual_qwen_relation_not_entailed
MPT-e1afc296f4d9205f2686,MP002,schema_type,relation_type_invalid;evidence_invalid
MPT-e1b44e087bb94c4e24eb,MP003,evidence,evidence_invalid
MPT-e1ba910a61b903c1c452,MP003,relation_support,dual_qwen_relation_not_entailed
MPT-e1d47b0f843da72f68b3,MP003,schema_type,relation_type_invalid
MPT-e1e0550f734e51eac973,MP005,evidence,evidence_invalid;relation_not_entailed
MPT-e1e7d0344ddac3b0d5df,MP001,schema_type,relation_type_invalid
MPT-e1f04e2324bca8028d76,MP005,evidence,evidence_invalid;relation_not_entailed
MPT-e1f6b1f0e0a70a60413f,MP003,schema_type,relation_type_invalid;evidence_invalid;relation_not_entailed
MPT-e20d0e10a5a58d65c506,MP004,evidence,evidence_invalid;relation_not_entailed
MPT-e210973de920e7be55b8,MP003,schema_type,relation_type_invalid;evidence_invalid;relation_not_entailed
MPT-e2178d34520ab1f8408a,MP003,schema_type,relation_type_invalid;evidence_invalid;relation_not_entailed
MPT-e221c740a824cb839d82,MP021,evidence,evidence_invalid;relation_not_entailed
MPT-e22748a8cf3176ef62f3,MP015,evidence,evidence_invalid;relation_not_entailed
MPT-e242eb21ab1359c2e2b0,MP001,schema_type,relation_type_invalid;evidence_invalid;relation_not_entailed
MPT-e24f6418b5f9bf87bf3f,MP007,evidence,evidence_invalid
MPT-e25234c4427efc264559,MP002,evidence,evidence_invalid
MPT-e280f283b16ea1770b35,MP006,schema_type,relation_type_invalid
MPT-e281b09137babaeac6a0,MP002,schema_type,relation_type_invalid;evidence_invalid
MPT-e284f88bd950e6f0e863,MP022,schema_type,relation_type_invalid;evidence_invalid;relation_not_entailed
MPT-e288360c01c892396292,MP003,evidence,evidence_invalid;relation_not_entailed
MPT-e28cc0b11bf3c8b41607,MP020,evidence,evidence_invalid;relation_not_entailed
MPT-e29c3bbed5012b9a3ae8,MP019,evidence,evidence_invalid
MPT-e29e48a315a3a82583cb,MP003,schema_type,relation_type_invalid;evidence_invalid
MPT-e2aec3d6b7fd83337b56,MP019,schema_type,relation_type_invalid;evidence_invalid
MPT-e2c1a80ca3acc5a92c5a,MP019,evidence,evidence_invalid
MPT-e2d1331e0c5ce34a536f,MP003,evidence,evidence_invalid
MPT-e2d8e05f2b8abf5b34ee,MP005,schema_type,relation_type_invalid
MPT-e2f58babc6a8fdfaa42b,MP003,schema_type,relation_type_invalid;evidence_invalid
MPT-e303b73890fb76e712b7,MP003,evidence,evidence_invalid;relation_not_entailed
MPT-e30430fdd6ceba75a9ee,MP005,evidence,evidence_invalid;relation_not_entailed
MPT-e32d9679ae39b89a7bb1,MP003,evidence,evidence_invalid
MPT-e331c376f69cbd953d78,MP016,schema_type,relation_type_invalid;evidence_invalid;relation_not_entailed
MPT-e336a7bc190d2ec8466b,MP021,evidence,evidence_invalid;relation_not_entailed
MPT-e338bcc96a4bbdfab539,MP002,evidence,evidence_invalid
MPT-e33d3b1d9a3b06ec57cf,MP017,evidence,evidence_invalid;relation_not_entailed
MPT-e33ebe3aab5b8f8e1b9c,MP019,evidence,evidence_invalid;relation_not_entailed
MPT-e342a567f78117e2d16d,MP018,evidence,evidence_invalid;relation_not_entailed
MPT-e34f749cf720b522bca1,MP002,evidence,evidence_invalid
MPT-e357793f1bd1a1de6a63,MP019,evidence,evidence_invalid
MPT-e35c983c8f028ed7efb1,MP021,evidence,evidence_invalid;relation_not_entailed
MPT-e364555aa026d6197b49,MP019,evidence,evidence_invalid
MPT-e36dd43dd13dcab83015,MP004,evidence,evidence_invalid;relation_not_entailed
MPT-e3729b18ee995330a0a1,MP019,evidence,evidence_invalid;relation_not_entailed
MPT-e377ff9f68b4d651b269,MP019,evidence,evidence_invalid;relation_not_entailed
MPT-e37d291330f338174f36,MP001,schema_type,relation_type_invalid
MPT-e393ca3a68e48bf451a4,MP005,evidence,evidence_invalid;relation_not_entailed
MPT-e3a5644cb1b5767d8a8a,MP022,evidence,evidence_invalid;relation_not_entailed
MPT-e3a809f40ce973d9b91c,MP020,schema_type,relation_type_invalid
MPT-e3ac1b4c1c8c9d9053c2,MP001,evidence,evidence_invalid;relation_not_entailed
MPT-e3be0bb6fff20704a264,MP001,schema_type,relation_type_invalid;evidence_invalid;relation_not_entailed
MPT-e3d7b7a65036eb84ea76,MP019,evidence,evidence_invalid;relation_not_entailed
MPT-e3e2aa72cb1bdbf02be4,MP019,schema_type,relation_type_invalid;evidence_invalid
MPT-e3ea7ad2112b4de712bd,MP019,evidence,evidence_invalid
MPT-e3eb6749f83156b11740,MP006,schema_type,relation_type_invalid
MPT-e3f611d7272a327c1ae0,MP003,relation_support,dual_qwen_relation_not_entailed
MPT-e410b47a88290f17e60c,MP017,evidence,evidence_invalid;relation_not_entailed
MPT-e42b25d54879272f21cc,MP001,evidence,evidence_invalid;relation_not_entailed
MPT-e42fd98964cb47a96cd0,MP002,evidence,evidence_invalid;relation_not_entailed
MPT-e433525e8f781d6ecbc4,MP003,relation_support,dual_qwen_relation_not_entailed
MPT-e435f33a442b910311a0,MP016,evidence,evidence_invalid;relation_not_entailed
MPT-e44cac18b4fec7d73779,MP003,evidence,evidence_invalid;relation_not_entailed
MPT-e456f122578361a7744b,MP016,evidence,evidence_invalid;relation_not_entailed
MPT-e459237b32e48565aac4,MP019,evidence,evidence_invalid
MPT-e47283d46a840e6cfb0c,MP003,evidence,evidence_invalid;relation_not_entailed
MPT-e478b20336548019d8f1,MP002,schema_type,relation_type_invalid;evidence_invalid
MPT-e484b02084f1ae825293,MP003,evidence,evidence_invalid;relation_not_entailed
MPT-e4893cf3f89a96ce1a52,MP003,schema_type,relation_type_invalid;evidence_invalid;relation_not_entailed
MPT-e4af89a7a3bd77bee589,MP003,evidence,evidence_invalid;relation_not_entailed
MPT-e4c0fd520c0e3b5c8650,MP005,evidence,evidence_invalid;relation_not_entailed
MPT-e4ced27f9ebcee98bace,MP019,evidence,evidence_invalid;relation_not_entailed
MPT-e4dfa94cbb85a53513d7,MP019,evidence,evidence_invalid;relation_not_entailed
MPT-e4ec1a41ba0c0dd43bb2,MP003,evidence,evidence_invalid;relation_not_entailed
MPT-e4efc87b42cbca5d85bb,MP002,evidence,evidence_invalid
MPT-e5068e4abe2628f9cb28,MP003,schema_type,relation_type_invalid;evidence_invalid
MPT-e50b89058bd4ea77c18e,MP019,evidence,evidence_invalid
MPT-e513234427300b0f0dee,MP019,evidence,evidence_invalid
MPT-e5179dbf5c37636c47bf,MP003,evidence,evidence_invalid
MPT-e52149c3b99b5adf0436,MP019,evidence,evidence_invalid;relation_not_entailed
MPT-e54ccc96a82b6c7f03f3,MP007,evidence,evidence_invalid;relation_not_entailed
MPT-e565017e58cfa8611acf,MP003,evidence,evidence_invalid;relation_not_entailed
MPT-e56f27fabd24c8585d7d,MP003,evidence,evidence_invalid;relation_not_entailed
MPT-e5709df7f00f884dc9eb,MP016,evidence,evidence_invalid;relation_not_entailed
MPT-e5817be6ab897b539384,MP019,evidence,evidence_invalid
MPT-e593ec4b3f924b921db9,MP001,schema_type,relation_type_invalid;evidence_invalid;relation_not_entailed
MPT-e5afc369d6c3b2766aec,MP019,evidence,evidence_invalid;relation_not_entailed
MPT-e5b534590fa827cf7e2e,MP016,evidence,evidence_invalid;relation_not_entailed
MPT-e5bb69472c1567db5818,MP003,evidence,evidence_invalid;relation_not_entailed
MPT-e5c8668506cc2c397c9d,MP002,evidence,evidence_invalid
MPT-e5cd8642ba8de22d286f,MP020,evidence,evidence_invalid;relation_not_entailed
MPT-e5ceed6bc89bbc94f627,MP019,evidence,evidence_invalid
MPT-e5d8184390d3ddde7e96,MP004,evidence,evidence_invalid;relation_not_entailed
MPT-e5fa795a34a289051a01,MP020,evidence,evidence_invalid;relation_not_entailed
MPT-e60649171d120505b040,MP003,evidence,evidence_invalid;relation_not_entailed
MPT-e616a1d7988062de4a74,MP015,relation_support,dual_qwen_relation_not_entailed
MPT-e61fe91d990ac178f1d6,MP019,evidence,evidence_invalid
MPT-e639b36444276c122eaa,MP003,schema_type,relation_type_invalid;evidence_invalid
MPT-e6522cf5354d93797dd9,MP017,schema_type,relation_type_invalid;evidence_invalid;relation_not_entailed
MPT-e6531836538d0c8ebc4d,MP003,evidence,evidence_invalid
MPT-e6598ae637130d4a4d55,MP016,evidence,evidence_invalid;relation_not_entailed
MPT-e6693bf24388ba0cd6e6,MP021,evidence,evidence_invalid;relation_not_entailed
MPT-e675f410dfff0b594937,MP019,evidence,evidence_invalid
MPT-e67dbbb6a62b5f2140be,MP019,evidence,evidence_invalid
MPT-e682b0ce67c6cc0cbb50,MP019,evidence,evidence_invalid;relation_not_entailed
MPT-e68cf4f5a3c53cf7f9e9,MP022,evidence,evidence_invalid;relation_not_entailed
MPT-e68d9a8f21cc56b9a728,MP015,evidence,evidence_invalid
MPT-e6904584d0c278c9674f,MP020,schema_type,relation_type_invalid;evidence_invalid;relation_not_entailed
MPT-e6949ca8f3c428d9aab1,MP016,evidence,evidence_invalid;relation_not_entailed
MPT-e69f847efe08cd36cf22,MP017,evidence,evidence_invalid;relation_not_entailed
MPT-e6a256da8a36b23dbd9e,MP002,evidence,evidence_invalid
MPT-e6ad4beaad1ee86472ae,MP003,schema_type,relation_type_invalid;evidence_invalid;relation_not_entailed
MPT-e6b6c64c430d5aa7236e,MP021,evidence,evidence_invalid;relation_not_entailed
MPT-e6c13207923c9b2c5f4e,MP003,evidence,evidence_invalid;relation_not_entailed
MPT-e6c9017c49678dc3d0ad,MP005,evidence,evidence_invalid;relation_not_entailed
MPT-e6ca4b78d6040204a73d,MP016,evidence,evidence_invalid;relation_not_entailed
MPT-e6cfd18743cbd99c49d3,MP003,schema_type,relation_type_invalid
MPT-e6e3470bd409045b1733,MP002,evidence,evidence_invalid
MPT-e6e5360d9ed97bac46d7,MP003,evidence,evidence_invalid;relation_not_entailed
MPT-e6e6077276c2dfa7c5e5,MP019,evidence,evidence_invalid
MPT-e6e7d6d340030ab033a6,MP017,evidence,evidence_invalid;relation_not_entailed
MPT-e6f5dec4573cb1259f3e,MP003,evidence,evidence_invalid;relation_not_entailed
MPT-e6fe30acdd468ee246e3,MP016,evidence,evidence_invalid;relation_not_entailed
MPT-e6ff767cbd09a5284c2b,MP002,evidence,evidence_invalid
MPT-e71d6b8e440656335546,MP016,evidence,evidence_invalid;relation_not_entailed
MPT-e721a9c704151e48369a,MP003,evidence,evidence_invalid;relation_not_entailed
MPT-e72fa31bbe2101b83cc9,MP003,evidence,evidence_invalid
MPT-e72fae0fb98fdbd6ab5b,MP001,schema_type,relation_type_invalid
MPT-e738d55199bf7d076869,MP019,evidence,evidence_invalid;relation_not_entailed
MPT-e73e732615d7e39fcbe1,MP019,schema_type,relation_type_invalid;evidence_invalid
MPT-e748379b0e8108fd0534,MP005,schema_type,relation_type_invalid
MPT-e75cbe968a464fa8ae52,MP019,schema_type,relation_type_invalid;evidence_invalid
MPT-e7620b2e18c89fba1939,MP019,schema_type,relation_type_invalid;evidence_invalid;relation_not_entailed
MPT-e768d6dafc32714e78e0,MP001,schema_type,relation_type_invalid
MPT-e76963b37fc3b7c252e5,MP019,evidence,evidence_invalid
MPT-e79fa9e6428f6a7ac828,MP003,evidence,evidence_invalid;relation_not_entailed
MPT-e7a93d8871b8b1d9cca7,MP002,evidence,evidence_invalid
MPT-e7b9fedf6af13ee7adbb,MP016,evidence,evidence_invalid;relation_not_entailed
MPT-e7c0eb833ea7a6a99f2c,MP001,evidence,evidence_invalid;relation_not_entailed
MPT-e7c219ecf4cd11acc1be,MP022,relation_support,dual_qwen_relation_not_entailed
MPT-e8016833b7fa85ba5cf4,MP005,schema_type,relation_type_invalid
MPT-e80e020ce6481536f9f1,MP001,evidence,evidence_invalid;relation_not_entailed
MPT-e81a7b3dca38c40473d4,MP003,schema_type,relation_type_invalid
MPT-e81b84fb759c300d8acd,MP017,schema_type,relation_type_invalid;evidence_invalid;relation_not_entailed
MPT-e81b8becb00a9bc14334,MP003,schema_type,relation_type_invalid;evidence_invalid
MPT-e826931be18b5141189c,MP004,evidence,evidence_invalid;relation_not_entailed
MPT-e832bbc068c4ac149b95,MP020,schema_type,relation_type_invalid
MPT-e832e33faba513c66469,MP004,evidence,evidence_invalid
MPT-e834680f70c1eaaac129,MP021,evidence,evidence_invalid;relation_not_entailed
MPT-e83af2cd18bc1e433833,MP015,schema_type,relation_type_invalid
MPT-e83dc97c8b26b3d2a761,MP018,schema_type,relation_type_invalid
MPT-e83ebba19b24433b32a7,MP005,evidence,evidence_invalid
MPT-e83f32e119d47efd12a9,MP002,evidence,evidence_invalid
MPT-e848e283c25df6187fe7,MP003,evidence,evidence_invalid;relation_not_entailed
MPT-e862ae17dca5ca2f4dc2,MP003,evidence,evidence_invalid;relation_not_entailed
MPT-e873a723e7451a72bcc9,MP002,evidence,evidence_invalid
MPT-e87f5dd61f0723019c23,MP003,evidence,evidence_invalid
MPT-e8811971203e37075d43,MP002,evidence,evidence_invalid
MPT-e889b97aad24c29f7298,MP003,evidence,evidence_invalid;relation_not_entailed
MPT-e88b27bbd5e1c80e9555,MP019,schema_type,relation_type_invalid;evidence_invalid;relation_not_entailed
MPT-e8925e1b8c17f0bc9a1b,MP005,evidence,evidence_invalid;relation_not_entailed
MPT-e892a631cc067210a86c,MP003,evidence,evidence_invalid
MPT-e8ab2ba37ead111bde25,MP001,evidence,evidence_invalid
MPT-e8b45fc66f58b3e55c86,MP003,evidence,evidence_invalid;relation_not_entailed
MPT-e8b4930735d8c170b592,MP019,schema_type,relation_type_invalid
MPT-e8bac7a532948dccb83a,MP003,evidence,evidence_invalid;relation_not_entailed
MPT-e8df8b6f50d8ae7378b3,MP019,evidence,evidence_invalid;relation_not_entailed
MPT-e8ff732c4e84e541ae50,MP003,schema_type,relation_type_invalid;evidence_invalid;relation_not_entailed
MPT-e900b8cc5a6e9ee32164,MP019,evidence,evidence_invalid;relation_not_entailed
MPT-e90a063910301edd20be,MP003,evidence,evidence_invalid
MPT-e918cb650382dce6aaa6,MP016,evidence,evidence_invalid;relation_not_entailed
MPT-e92140c6758c77a188b2,MP004,evidence,evidence_invalid;relation_not_entailed
MPT-e927d0ae4b3fc6efe389,MP001,evidence,evidence_invalid
MPT-e92d57e701ad02fe8285,MP019,evidence,evidence_invalid
MPT-e93e3209f2f2d0056901,MP017,evidence,evidence_invalid;relation_not_entailed
MPT-e9595848c1951673ff92,MP019,schema_type,relation_type_invalid;evidence_invalid;relation_not_entailed
MPT-e95ee9643853e62b9f74,MP002,evidence,evidence_invalid
MPT-e95f9a884a28311186a8,MP019,evidence,evidence_invalid;relation_not_entailed
MPT-e97e8a990fbe6117d7da,MP003,schema_type,relation_type_invalid;evidence_invalid
MPT-e97f0eb15c61a341f2c0,MP016,evidence,evidence_invalid;relation_not_entailed
MPT-e9aa423d603b0ce862e3,MP003,evidence,evidence_invalid;relation_not_entailed
MPT-e9aeea60f3ba1acc088a,MP003,evidence,evidence_invalid;relation_not_entailed
MPT-e9bb6e75ce553723b542,MP001,evidence,evidence_invalid;relation_not_entailed
MPT-e9cc334284c6dab4736d,MP003,evidence,evidence_invalid;relation_not_entailed
MPT-e9ded20a1492bc86a321,MP001,evidence,evidence_invalid
MPT-ea02254f82167d942d71,MP016,evidence,evidence_invalid;relation_not_entailed
MPT-ea0b9dd9338b82bcd191,MP006,evidence,evidence_invalid;relation_not_entailed
MPT-ea0fcecc3570edd526a2,MP019,evidence,evidence_invalid
MPT-ea3b1584318830c2fd68,MP002,evidence,evidence_invalid
MPT-ea40fa1c76fb6e9024a2,MP015,relation_support,dual_qwen_relation_not_entailed
MPT-ea4ac009fb14520124e4,MP019,evidence,evidence_invalid
MPT-ea589d57449b87175556,MP004,evidence,evidence_invalid;relation_not_entailed
MPT-ea5af8902e55a52fcd09,MP019,evidence,evidence_invalid
MPT-ea5e338dc00287ca64a3,MP017,evidence,evidence_invalid;relation_not_entailed
MPT-ea74321972a71a817144,MP007,evidence,evidence_invalid
MPT-ea7c0fbd1e057844b36b,MP003,evidence,evidence_invalid;relation_not_entailed
MPT-ea889e635a1698f593c6,MP003,schema_type,relation_type_invalid
MPT-ea89012d8bee963053a8,MP019,evidence,evidence_invalid;relation_not_entailed
MPT-eaa6a65c48558f5fe45a,MP015,schema_type,relation_type_invalid
MPT-eab02da0483475f43479,MP002,evidence,evidence_invalid
MPT-eab7602d25cb12a76ad8,MP003,evidence,evidence_invalid;relation_not_entailed
MPT-eab9f5797e6bf94e0514,MP002,evidence,evidence_invalid
MPT-eabb734895cc06074be8,MP019,evidence,evidence_invalid
MPT-eaea32b7ad78cddc3a80,MP019,evidence,evidence_invalid;relation_not_entailed
MPT-eaf21448f10eed45f87d,MP005,schema_type,relation_type_invalid;evidence_invalid
MPT-eb17b8a9e005f147a3ab,MP019,schema_type,relation_type_invalid;evidence_invalid
MPT-eb192ec04ca536bd94b5,MP019,evidence,evidence_invalid
MPT-eb1aca23e23645a9654d,MP021,evidence,evidence_invalid;relation_not_entailed
MPT-eb226a112ea933c9ac59,MP004,schema_type,relation_type_invalid
MPT-eb2555125352de4db536,MP007,evidence,evidence_invalid;relation_not_entailed
MPT-eb4cb28ae1f134ab16da,MP005,evidence,evidence_invalid;relation_not_entailed
MPT-eb50d052a24919e71856,MP019,schema_type,relation_type_invalid;evidence_invalid;relation_not_entailed
MPT-eb534b727024ff4d67a1,MP003,evidence,evidence_invalid
MPT-eb5cf93a099ce485bd04,MP001,schema_type,relation_type_invalid;evidence_invalid;relation_not_entailed
MPT-eb61af3339929b30791e,MP019,evidence,evidence_invalid
MPT-eb62707a48b85cb4131e,MP019,evidence,evidence_invalid
MPT-eb6b15d6635b9be122a9,MP015,schema_type,relation_type_invalid
MPT-eb6feb16b0df6a9a8edb,MP021,evidence,evidence_invalid;relation_not_entailed
MPT-eb72b131e292b5c4bb08,MP021,evidence,evidence_invalid;relation_not_entailed
MPT-eb732b93069e874b808e,MP003,schema_type,relation_type_invalid;evidence_invalid
MPT-eb7a5e5a30ca76357d71,MP003,evidence,evidence_invalid;relation_not_entailed
MPT-eb90e7ab0af3144ca607,MP020,evidence,evidence_invalid;relation_not_entailed
MPT-eb94b1118056df5e0cdf,MP020,schema_type,relation_type_invalid
MPT-eb9d3dde66188d8c8bf2,MP015,evidence,evidence_invalid;relation_not_entailed
MPT-ebb697752a3de401dfd4,MP005,schema_type,relation_type_invalid;evidence_invalid;relation_not_entailed
MPT-ebc8e51d80b3a507888a,MP003,evidence,evidence_invalid
MPT-ebed6ef874acdc82f73a,MP002,evidence,evidence_invalid
MPT-ebf1f38059527997d4c9,MP001,evidence,evidence_invalid;relation_not_entailed
MPT-ebf32588a3e4a1c97665,MP002,evidence,evidence_invalid
MPT-ebfd5f5feec235f37371,MP003,evidence,evidence_invalid;relation_not_entailed
MPT-ec01c23226477c317490,MP019,evidence,evidence_invalid;relation_not_entailed
MPT-ec0b65091fd5e29e930d,MP019,evidence,evidence_invalid;relation_not_entailed
MPT-ec0d7eef0f4bea228221,MP021,schema_type,relation_type_invalid;evidence_invalid;relation_not_entailed
MPT-ec0e417cb418e3924fb1,MP019,evidence,evidence_invalid
MPT-ec10f596980a7b51a132,MP003,schema_type,relation_type_invalid;evidence_invalid
MPT-ec1d99e880aacb88a1cf,MP007,evidence,evidence_invalid;relation_not_entailed
MPT-ec22b143a156a4322463,MP015,evidence,evidence_invalid
MPT-ec345728f94bffa6e913,MP003,evidence,evidence_invalid;relation_not_entailed
MPT-ec5fe9fc0b8b9a7b615c,MP003,schema_type,relation_type_invalid
MPT-ec74b126d20e2e1d7b06,MP004,evidence,evidence_invalid;relation_not_entailed
MPT-ec7e160bc856818f528f,MP019,evidence,evidence_invalid;relation_not_entailed
MPT-ec850422eb1925dc81c3,MP003,schema_type,relation_type_invalid;evidence_invalid
MPT-ec884df66c22e6ab2fbc,MP021,evidence,evidence_invalid;relation_not_entailed
MPT-ec8c40a88c41f6efdd19,MP003,evidence,evidence_invalid
MPT-ec9a8f97521fae1b1dad,MP001,schema_type,relation_type_invalid;evidence_invalid;relation_not_entailed
MPT-ec9ddde00c56972ce6f4,MP020,evidence,evidence_invalid;relation_not_entailed
MPT-eca0390012b307c34b41,MP003,relation_support,dual_qwen_relation_not_entailed
MPT-eca7201c99fae4be70eb,MP016,evidence,evidence_invalid;relation_not_entailed
MPT-ecaeee0e85d4a47c56d7,MP003,evidence,evidence_invalid;relation_not_entailed
MPT-ecc9a1246f45e2884962,MP003,evidence,evidence_invalid;relation_not_entailed
MPT-ecd577b2cd8e00a760e5,MP001,relation_support,dual_qwen_relation_not_entailed
MPT-ecd8e3d24db1748b89f0,MP001,evidence,evidence_invalid
MPT-ece4c190e8a690d13ab3,MP003,evidence,evidence_invalid
MPT-ecf24dd515c0bd1c62e3,MP007,schema_type,relation_type_invalid;evidence_invalid
MPT-ecf40c1b7a3f9a4bd93f,MP003,evidence,evidence_invalid
MPT-ecf5d0efe2fcf237b927,MP002,evidence,evidence_invalid
MPT-ecf6d997e1c433d95873,MP019,evidence,evidence_invalid
MPT-ed0919d94a241d2a3c1a,MP019,schema_type,relation_type_invalid;evidence_invalid
MPT-ed0f435c349769508ab0,MP019,schema_type,relation_type_invalid
MPT-ed122af2e33d68112685,MP001,evidence,evidence_invalid;relation_not_entailed
MPT-ed1648ae43e5796932a2,MP002,evidence,evidence_invalid
MPT-ed1e77bf38b7956e00f8,MP020,schema_type,relation_type_invalid
MPT-ed2c16c465ae64985e13,MP002,evidence,evidence_invalid
MPT-ed335d324f62c029bf57,MP016,evidence,evidence_invalid;relation_not_entailed
MPT-ed37ffcb25552ab952ea,MP003,schema_type,relation_type_invalid;evidence_invalid;relation_not_entailed
MPT-ed3fada9f943fe761555,MP019,schema_type,relation_type_invalid;evidence_invalid;relation_not_entailed
MPT-ed4fd5ccc26d3dc48a8e,MP001,evidence,evidence_invalid;relation_not_entailed
MPT-ed5577f53f8279352d9a,MP019,evidence,evidence_invalid;relation_not_entailed
MPT-ed826b205af31fbcb622,MP001,schema_type,relation_type_invalid;evidence_invalid
MPT-ed84140847eb75181452,MP005,evidence,evidence_invalid
MPT-ed9123774831f28aee5a,MP003,schema_type,relation_type_invalid;evidence_invalid
MPT-ed953f02879ada90116e,MP015,evidence,evidence_invalid;relation_not_entailed
MPT-ed9f00b1f198a5241cd0,MP022,schema_type,relation_type_invalid
MPT-eda40db59d7f9b718a65,MP019,schema_type,relation_type_invalid;evidence_invalid;relation_not_entailed
MPT-edc157b7163b27afc6cf,MP019,evidence,evidence_invalid
MPT-ede9548813dc10b03cdc,MP001,schema_type,relation_type_invalid;evidence_invalid;relation_not_entailed
MPT-edfcfdb7ec10996ca705,MP003,evidence,evidence_invalid;relation_not_entailed
MPT-ee068fbe7b29eeb5492e,MP001,evidence,evidence_invalid
MPT-ee0ab6e8ef47f5b1867d,MP004,schema_type,relation_type_invalid;evidence_invalid;relation_not_entailed
MPT-ee36f8f34f3b49d1e57a,MP016,evidence,evidence_invalid;relation_not_entailed
MPT-ee399b4a7c8cd957b637,MP003,evidence,evidence_invalid;relation_not_entailed
MPT-ee462e36e9abdcbd290e,MP001,evidence,evidence_invalid;relation_not_entailed
MPT-ee56def2eed7f51dc89f,MP003,relation_support,dual_qwen_relation_not_entailed
MPT-ee5ba967e1808fb47787,MP016,evidence,evidence_invalid;relation_not_entailed
MPT-ee6914914ac106e01a84,MP007,evidence,evidence_invalid
MPT-ee6c6211610f42c4ab60,MP017,evidence,evidence_invalid;relation_not_entailed
MPT-ee7e4c469e28de6776d6,MP019,evidence,evidence_invalid
MPT-ee8b7765fb8d2eaa02dc,MP004,evidence,evidence_invalid;relation_not_entailed
MPT-ee9fbd6270566c657fc6,MP002,evidence,evidence_invalid
MPT-eea739844fa819bfdca5,MP018,evidence,evidence_invalid;relation_not_entailed
MPT-eeaeec558de6606f3ad8,MP004,evidence,evidence_invalid;relation_not_entailed
MPT-eedb1df4176a41d12620,MP017,evidence,evidence_invalid;relation_not_entailed
MPT-eee99495d536d0a4743a,MP003,schema_type,relation_type_invalid
MPT-eeec0cefa29b474dcc23,MP022,schema_type,relation_type_invalid;evidence_invalid;relation_not_entailed
MPT-eef6b53b2abfcf54fc44,MP002,evidence,evidence_invalid
MPT-eefb7778234010be74b0,MP003,evidence,evidence_invalid
MPT-ef0170b87dc1a159518c,MP002,evidence,evidence_invalid
MPT-ef0b077d3dd6569b43cc,MP015,evidence,evidence_invalid;relation_not_entailed
MPT-ef13750358ea81832f2b,MP020,schema_type,relation_type_invalid
MPT-ef1fdcf7cf3194662d3e,MP019,schema_type,relation_type_invalid;evidence_invalid;relation_not_entailed
MPT-ef26e39b8038fcbd5512,MP003,evidence,evidence_invalid
MPT-ef36cfce6a858e7a58dd,MP005,evidence,evidence_invalid;relation_not_entailed
MPT-ef3e6535993fb425e771,MP021,evidence,evidence_invalid;relation_not_entailed
MPT-ef450064a72046c74e89,MP005,evidence,evidence_invalid
MPT-ef5c74f3204d96f5a0e3,MP003,evidence,evidence_invalid
MPT-ef5d6c261f3eedb08227,MP002,evidence,evidence_invalid
MPT-ef86aa5621d2057d05c7,MP002,evidence,evidence_invalid
MPT-ef897987c1c14df85394,MP021,evidence,evidence_invalid;relation_not_entailed
MPT-ef8a56d6cc4e52a6af40,MP018,schema_type,relation_type_invalid
MPT-efa3e2eafdb960a19550,MP019,schema_type,relation_type_invalid;evidence_invalid;relation_not_entailed
MPT-efa8c25b81b89032e03f,MP003,relation_support,dual_qwen_relation_not_entailed
MPT-efafc797fca9b419d7d8,MP019,evidence,evidence_invalid
MPT-efbddb60e0577e5dcfef,MP003,evidence,evidence_invalid;relation_not_entailed
MPT-efbde3396af126591a58,MP002,evidence,evidence_invalid
MPT-efd3722e47bea885b594,MP019,evidence,evidence_invalid
MPT-efd65dd719891d5e8a6a,MP021,evidence,evidence_invalid;relation_not_entailed
MPT-efdb39e25d512853411f,MP003,schema_type,relation_type_invalid;evidence_invalid;relation_not_entailed
MPT-efdf4629c50544e4429d,MP022,schema_type,relation_type_invalid;evidence_invalid;relation_not_entailed
MPT-eff888d19a15b9cd4352,MP004,evidence,evidence_invalid;relation_not_entailed
MPT-efffe780089848a9e220,MP018,schema_type,relation_type_invalid
MPT-f00a930e9f8ae5af2b3e,MP003,schema_type,relation_type_invalid;evidence_invalid
MPT-f02e3693d8324e7bc14e,MP003,evidence,evidence_invalid;relation_not_entailed
MPT-f034e6e0badc06e4dbf0,MP002,schema_type,relation_type_invalid;evidence_invalid;relation_not_entailed
MPT-f0350ca131f84122e34b,MP016,evidence,evidence_invalid;relation_not_entailed
MPT-f03786826a71c8dd0ba2,MP001,evidence,evidence_invalid;relation_not_entailed
MPT-f03aaecec7331490d3a7,MP004,schema_type,relation_type_invalid
MPT-f03d4286bdc8c802b308,MP003,schema_type,relation_type_invalid;evidence_invalid;relation_not_entailed
MPT-f04602c66ea679f1ef48,MP003,evidence,evidence_invalid;relation_not_entailed
MPT-f053863e61200b001ac8,MP005,evidence,evidence_invalid
MPT-f05484ed86a1de9e4b27,MP002,schema_type,relation_type_invalid;evidence_invalid;relation_not_entailed
MPT-f0556512ddd6902e8853,MP022,evidence,evidence_invalid;relation_not_entailed
MPT-f05affdfa8ba87112550,MP003,schema_type,relation_type_invalid
MPT-f077e44d917ef2b67b1d,MP003,schema_type,relation_type_invalid;evidence_invalid;relation_not_entailed
MPT-f0792c88a9389c9033b7,MP019,evidence,evidence_invalid;relation_not_entailed
MPT-f07cf3c237797b327011,MP003,schema_type,relation_type_invalid
MPT-f0976bd94491704fc358,MP016,evidence,evidence_invalid;relation_not_entailed
MPT-f0a2308f0e48a47b085c,MP003,evidence,evidence_invalid;relation_not_entailed
MPT-f0a6b8a4c7c4fdea05f2,MP001,evidence,evidence_invalid;relation_not_entailed
MPT-f0b6d6911fc9b9aee536,MP001,evidence,evidence_invalid
MPT-f0be97e198d4e3beba23,MP002,evidence,evidence_invalid;relation_not_entailed
MPT-f0c6be4cc8dee492482b,MP003,schema_type,relation_type_invalid;evidence_invalid
MPT-f0c8b690056b2d24d4b2,MP002,schema_type,relation_type_invalid;evidence_invalid
MPT-f0d3042d256d3d3e904f,MP001,schema_type,relation_type_invalid
MPT-f0d43a794f42b4553756,MP018,relation_support,dual_qwen_relation_not_entailed
MPT-f0e3137c775ce34fc4e6,MP001,evidence,evidence_invalid;relation_not_entailed
MPT-f0f40ce16331734ee449,MP017,schema_type,relation_type_invalid;evidence_invalid;relation_not_entailed
MPT-f10c9e3bbd2740ffdcc9,MP001,evidence,evidence_invalid;relation_not_entailed
MPT-f11369e186b083cd1abb,MP002,evidence,evidence_invalid
MPT-f11e03c6edd4a17624cf,MP017,evidence,evidence_invalid;relation_not_entailed
MPT-f11f7aacacde87aad103,MP005,relation_support,dual_qwen_relation_not_entailed
MPT-f1209aadc738c8a3708a,MP003,evidence,evidence_invalid;relation_not_entailed
MPT-f138d7dd80b91cf785f5,MP019,evidence,evidence_invalid;relation_not_entailed
MPT-f1468e38ac0da5bee483,MP002,evidence,evidence_invalid
MPT-f149a53989cfd672012a,MP021,schema_type,relation_type_invalid;evidence_invalid;relation_not_entailed
MPT-f163ca834e9f6a6e7e9b,MP005,schema_type,relation_type_invalid
MPT-f16d4b6c79a052de58a8,MP019,evidence,evidence_invalid
MPT-f177210153a43fba1bda,MP019,evidence,evidence_invalid;relation_not_entailed
MPT-f17f7b43f746b4efaa02,MP003,evidence,evidence_invalid;relation_not_entailed
MPT-f18dbd9bf2415c463403,MP021,evidence,evidence_invalid;relation_not_entailed
MPT-f1a362193644f1632385,MP005,schema_type,relation_type_invalid;evidence_invalid;relation_not_entailed
MPT-f1d105c4eba4e4da62c2,MP003,schema_type,relation_type_invalid;evidence_invalid
MPT-f1d35742fed965a5a2a3,MP003,schema_type,relation_type_invalid
MPT-f1d5a2859600ed3fd801,MP003,evidence,evidence_invalid;relation_not_entailed
MPT-f1e48a9884340af71465,MP018,evidence,evidence_invalid;relation_not_entailed
MPT-f1f10d8f605247e53b04,MP003,evidence,evidence_invalid;relation_not_entailed
MPT-f1f9cdd5a95186fbc600,MP003,schema_type,relation_type_invalid;evidence_invalid;relation_not_entailed
MPT-f1fdaae1c191993a2c8a,MP003,evidence,evidence_invalid
MPT-f20ca7a4112422c72d20,MP019,below_candidate_0.60,below_candidate_confidence
MPT-f21d5d200268d9b8867c,MP003,evidence,evidence_invalid
MPT-f2228474024ba2fa8d82,MP021,evidence,evidence_invalid
MPT-f22403263b81866ecaf1,MP019,evidence,evidence_invalid
MPT-f2385111c042eb7b55ba,MP018,schema_type,relation_type_invalid
MPT-f25221cb650c18aa7ce5,MP022,evidence,evidence_invalid
MPT-f262b736e4fc382dd2d0,MP003,schema_type,relation_type_invalid
MPT-f267ea811ae60c0c7ca7,MP019,evidence,evidence_invalid
MPT-f27c24436d5c678eb3b2,MP003,schema_type,relation_type_invalid;evidence_invalid;relation_not_entailed
MPT-f27f544b551d262ba927,MP016,evidence,evidence_invalid;relation_not_entailed
MPT-f285ba57ed08e343cb7b,MP003,schema_type,relation_type_invalid;evidence_invalid;relation_not_entailed
MPT-f28f746a2b43f8e98d59,MP007,evidence,evidence_invalid
MPT-f2ac9f1b4f43c0367185,MP021,evidence,evidence_invalid;relation_not_entailed
MPT-f2acba6268ceac0cf923,MP005,evidence,evidence_invalid
MPT-f2af4594be2b9a61a6c0,MP019,evidence,evidence_invalid
MPT-f2b3663b94556230624e,MP019,evidence,evidence_invalid;relation_not_entailed
MPT-f2bc33c8b238e0f8f011,MP003,evidence,evidence_invalid;relation_not_entailed
MPT-f2c40c33564882cef4ec,MP001,evidence,evidence_invalid;relation_not_entailed
MPT-f2d058a634d9a7928838,MP003,schema_type,relation_type_invalid;evidence_invalid;relation_not_entailed
MPT-f2d7f1e79846e16cfed0,MP003,schema_type,relation_type_invalid;evidence_invalid;relation_not_entailed
MPT-f2dac68c8bea20b5bdf8,MP016,evidence,evidence_invalid;relation_not_entailed
MPT-f2e27feffa7337f1f5ce,MP017,evidence,evidence_invalid;relation_not_entailed
MPT-f328f7446cfa3ffa4d8b,MP003,evidence,evidence_invalid;relation_not_entailed
MPT-f34450d8918ace8b22ee,MP019,evidence,evidence_invalid
MPT-f3445eb45a1013db8f75,MP019,evidence,evidence_invalid
MPT-f3464c8afa5cb4514271,MP015,relation_support,dual_qwen_relation_not_entailed
MPT-f3521a62bb76cdbc8d4f,MP019,schema_type,relation_type_invalid;evidence_invalid;relation_not_entailed
MPT-f357768745b6c6bfa872,MP022,evidence,evidence_invalid;relation_not_entailed
MPT-f35b152d172f39b2314a,MP001,evidence,evidence_invalid;relation_not_entailed
MPT-f36ff67c2b0845bb65db,MP015,evidence,evidence_invalid;relation_not_entailed
MPT-f389e95521b01b70c8c4,MP002,evidence,evidence_invalid
MPT-f398818e733eb8c271c8,MP015,relation_support,dual_qwen_relation_not_entailed
MPT-f3ab2a0aef14375093df,MP005,evidence,evidence_invalid;relation_not_entailed
MPT-f3bb3e05ce057ed895c5,MP019,evidence,evidence_invalid;relation_not_entailed
MPT-f3c1ad4535ecdfcbfa3d,MP005,evidence,evidence_invalid
MPT-f3c9fd66cb3c79a7f07a,MP019,evidence,evidence_invalid
MPT-f3dfa3df6d927a4d35d7,MP003,schema_type,relation_type_invalid;evidence_invalid;relation_not_entailed
MPT-f3e99376ef5ad99dbe9a,MP001,evidence,evidence_invalid;relation_not_entailed
MPT-f3ff238ceb4d1b91b3f8,MP019,evidence,evidence_invalid
MPT-f400ba177ef969e2536f,MP002,evidence,evidence_invalid
MPT-f41592215f9d78451226,MP020,evidence,evidence_invalid;relation_not_entailed
MPT-f418535b0fafd9d7e1bb,MP003,evidence,evidence_invalid
MPT-f43b826b1eef21b56edc,MP003,evidence,evidence_invalid;relation_not_entailed
MPT-f44c7736829a8daef7ec,MP019,evidence,evidence_invalid;relation_not_entailed
MPT-f458afaeab2b7d297964,MP021,evidence,evidence_invalid;relation_not_entailed
MPT-f458b80f8924b1263c27,MP020,relation_support,dual_qwen_relation_not_entailed
MPT-f4673aa72a976cc4eafb,MP003,schema_type,relation_type_invalid;evidence_invalid;relation_not_entailed
MPT-f468486b6d427e36c67a,MP019,evidence,evidence_invalid;relation_not_entailed
MPT-f478b5b5c757e2b2e5fd,MP019,schema_type,relation_type_invalid
MPT-f4855faba303642fae0f,MP002,evidence,evidence_invalid
MPT-f4a0b5ad7c3613aaf681,MP003,evidence,evidence_invalid
MPT-f4ae3f804d7ba5d6e493,MP003,evidence,evidence_invalid
MPT-f4af2cc6311ebb771af5,MP015,evidence,evidence_invalid;relation_not_entailed
MPT-f4b0c0ad1e2fc9f3cd02,MP002,evidence,evidence_invalid
MPT-f4b544991af7ad22cb62,MP005,evidence,evidence_invalid
MPT-f4bd8b32abf2a51f1a50,MP002,schema_type,relation_type_invalid;evidence_invalid
MPT-f4beb8e87b78f34249c5,MP017,evidence,evidence_invalid;relation_not_entailed
MPT-f4c33f909224ceaf46bf,MP021,evidence,evidence_invalid
MPT-f4cc147dcd9f03d0d01f,MP005,evidence,evidence_invalid
MPT-f4f4134dbf4bc5e240cf,MP019,evidence,evidence_invalid
MPT-f4fe90c819d28306fac0,MP019,evidence,evidence_invalid
MPT-f51114177b1a468fc7bb,MP021,evidence,evidence_invalid;relation_not_entailed
MPT-f516fd40cfe55823f40e,MP018,schema_type,relation_type_invalid
MPT-f51cc25b20c5c0794665,MP005,evidence,evidence_invalid
MPT-f528681579aa1b24d47a,MP002,evidence,evidence_invalid
MPT-f5402dfc555224ab618a,MP019,evidence,evidence_invalid;relation_not_entailed
MPT-f540fcc6b4117624b01f,MP001,evidence,evidence_invalid;relation_not_entailed
MPT-f54a27c96b5c2a6d2b02,MP022,evidence,evidence_invalid;relation_not_entailed
MPT-f55c3658d5824d9a999c,MP003,evidence,evidence_invalid;relation_not_entailed
MPT-f5792067ba4ce1c1e69a,MP021,evidence,evidence_invalid;relation_not_entailed
MPT-f579c4286009a535809f,MP021,evidence,evidence_invalid;relation_not_entailed
MPT-f580cb94388d007b5d79,MP001,evidence,evidence_invalid;relation_not_entailed
MPT-f59088480fa51977905e,MP003,evidence,evidence_invalid;relation_not_entailed
MPT-f5ad33930303769f92ab,MP002,evidence,evidence_invalid
MPT-f5b69fbededc834630c6,MP003,schema_type,relation_type_invalid
MPT-f5c3ede94a06286707bb,MP003,evidence,evidence_invalid;relation_not_entailed
MPT-f5cfe26c4f770bd58592,MP019,evidence,evidence_invalid
MPT-f5db37234b7555083540,MP003,evidence,evidence_invalid
MPT-f5ecebc870db177cd913,MP003,evidence,evidence_invalid
MPT-f5ef419622e2ebaecfa3,MP019,evidence,evidence_invalid
MPT-f5fc667b85be52e0ffcd,MP003,schema_type,relation_type_invalid;evidence_invalid;relation_not_entailed
MPT-f6013ad428276d1b4695,MP003,schema_type,relation_type_invalid;evidence_invalid;relation_not_entailed
MPT-f60686efc2144dd2bcbe,MP001,evidence,evidence_invalid;relation_not_entailed
MPT-f60a34f2ca14aa0f8442,MP003,schema_type,relation_type_invalid
MPT-f6123787ee78919fc779,MP019,evidence,evidence_invalid;relation_not_entailed
MPT-f61682d494b20c63578b,MP019,evidence,evidence_invalid;relation_not_entailed
MPT-f6184ebe47a51d09fecb,MP005,evidence,evidence_invalid;relation_not_entailed
MPT-f634484cce3a48b06d86,MP019,evidence,evidence_invalid
MPT-f63c07d40be0885885d9,MP022,evidence,evidence_invalid
MPT-f63c423cb4290183d342,MP007,evidence,evidence_invalid
MPT-f65776af2b43ec5516aa,MP003,evidence,evidence_invalid;relation_not_entailed
MPT-f65f772397bab83f32be,MP007,evidence,evidence_invalid
MPT-f66335fe273c58f2e328,MP019,schema_type,relation_type_invalid;evidence_invalid;relation_not_entailed
MPT-f6728b2e6c71ae5f2382,MP002,schema_type,relation_type_invalid
MPT-f67c85db4f27489ed013,MP002,evidence,evidence_invalid
MPT-f67eaa180939af2d1e92,MP020,evidence,evidence_invalid;relation_not_entailed
MPT-f6870ad77e47d186c3c5,MP003,evidence,evidence_invalid;relation_not_entailed
MPT-f68d081881cd3a089b82,MP007,schema_type,relation_type_invalid
MPT-f6a338a29994dbbf6f77,MP003,schema_type,relation_type_invalid
MPT-f6ba8aca5a5415d17793,MP004,evidence,evidence_invalid;relation_not_entailed
MPT-f6bf30cf61df0753cd6f,MP003,evidence,evidence_invalid
MPT-f6cd343d8277ef086635,MP003,evidence,evidence_invalid
MPT-f6d0f2b949f6aef24b7f,MP002,evidence,evidence_invalid
MPT-f6d3dc8e8879b8665936,MP003,evidence,evidence_invalid;relation_not_entailed
MPT-f6e065c31a510881574a,MP019,evidence,evidence_invalid;relation_not_entailed
MPT-f6f4e002ea40ef59ab2d,MP005,schema_type,relation_type_invalid
MPT-f6f56384941bdf5b2768,MP005,relation_support,dual_qwen_relation_not_entailed
MPT-f6f917e8066312ff9170,MP003,evidence,evidence_invalid;relation_not_entailed
MPT-f71539bb6e1e66463833,MP019,schema_type,relation_type_invalid;evidence_invalid
MPT-f71f88ba4c34cb2a0a3d,MP005,schema_type,relation_type_invalid;evidence_invalid;relation_not_entailed
MPT-f72b5c320a1c23ed9ba3,MP003,evidence,evidence_invalid
MPT-f7406c2a823d5f1e8543,MP019,evidence,evidence_invalid
MPT-f750edcf66266ff57885,MP019,evidence,evidence_invalid
MPT-f7582e465e00dcdc10d3,MP016,evidence,evidence_invalid;relation_not_entailed
MPT-f759ed7b6e133932ae4d,MP005,evidence,evidence_invalid
MPT-f75e85c8b383d38615fe,MP003,evidence,evidence_invalid
MPT-f76103439e2d526279d9,MP002,evidence,evidence_invalid
MPT-f78492b781168da7f386,MP019,schema_type,relation_type_invalid;evidence_invalid
MPT-f784cf3903bd25e259ee,MP002,evidence,evidence_invalid
MPT-f78de748e47838fef747,MP003,schema_type,relation_type_invalid
MPT-f79e25357162af5375b1,MP019,evidence,evidence_invalid;relation_not_entailed
MPT-f79e74fe1e62d4573762,MP021,evidence,evidence_invalid;relation_not_entailed
MPT-f7a8d4779b89894e1db0,MP005,schema_type,relation_type_invalid
MPT-f7b5387597ec6efaaeea,MP003,evidence,evidence_invalid;relation_not_entailed
MPT-f7b9712ff8f650770341,MP019,evidence,evidence_invalid
MPT-f7c7e18d0b23aae88284,MP003,schema_type,relation_type_invalid
MPT-f7cd97395b5c0cacf353,MP003,evidence,evidence_invalid;relation_not_entailed
MPT-f7d6cbe285c5e4f2c0cf,MP002,evidence,evidence_invalid
MPT-f7e66cd74f1f0432fa31,MP003,evidence,evidence_invalid;relation_not_entailed
MPT-f7ef1b5097ec32793362,MP015,evidence,evidence_invalid;relation_not_entailed
MPT-f8091cdc07f4d4d473d4,MP005,schema_type,relation_type_invalid
MPT-f814d86a4599a8cfe19b,MP001,evidence,evidence_invalid;relation_not_entailed
MPT-f8196a247d1d65289be0,MP019,evidence,evidence_invalid;relation_not_entailed
MPT-f8206ef549ae4855a0a1,MP019,evidence,evidence_invalid
MPT-f821e9d19bc479b61ab9,MP016,schema_type,relation_type_invalid;evidence_invalid;relation_not_entailed
MPT-f83843924f5c9465b4d0,MP004,evidence,evidence_invalid;relation_not_entailed
MPT-f83b1b914d328ac3c0ff,MP015,schema_type,relation_type_invalid
MPT-f83fde50c99a2ea97fce,MP019,evidence,evidence_invalid;relation_not_entailed
MPT-f840268043bae5562396,MP019,evidence,evidence_invalid;relation_not_entailed
MPT-f845c860f898fc3885e4,MP019,evidence,evidence_invalid;relation_not_entailed
MPT-f84d8338b274eca83edc,MP001,evidence,evidence_invalid;relation_not_entailed
MPT-f85b31c933c0b9cd74fb,MP003,evidence,evidence_invalid;relation_not_entailed
MPT-f86d2a97a57c5e263c47,MP003,schema_type,relation_type_invalid;evidence_invalid
MPT-f875189e4a471a756073,MP020,evidence,evidence_invalid;relation_not_entailed
MPT-f8883c39f968a75c22ba,MP019,evidence,evidence_invalid
MPT-f88e5372f54e59ee1183,MP003,evidence,evidence_invalid
MPT-f89ae811091c5efbf9d8,MP019,evidence,evidence_invalid
MPT-f89c18a957ecb747e944,MP003,evidence,evidence_invalid
MPT-f89c26b356f09eea0253,MP019,evidence,evidence_invalid;relation_not_entailed
MPT-f8a671f4c2ccc0fd77ea,MP018,evidence,evidence_invalid;relation_not_entailed
MPT-f8b5e45e74bc75e6affc,MP017,evidence,evidence_invalid;relation_not_entailed
MPT-f8b65e032e2000c0e711,MP002,evidence,evidence_invalid;relation_not_entailed
MPT-f8c22f6ab508237e0501,MP002,schema_type,relation_type_invalid;evidence_invalid;relation_not_entailed
MPT-f8c23f3e69785e13bc63,MP019,evidence,evidence_invalid
MPT-f8c409235d7f1156800e,MP019,evidence,evidence_invalid
MPT-f8d644ee74f9e725d3b3,MP001,schema_type,relation_type_invalid;evidence_invalid;relation_not_entailed
MPT-f8dcb1e1ad6ce6628229,MP019,evidence,evidence_invalid;relation_not_entailed
MPT-f8e6d87bc87b9d8cb60e,MP005,evidence,evidence_invalid
MPT-f8f2253fcc40fceb935d,MP015,schema_type,relation_type_invalid
MPT-f8f7f5c966f57c054cfb,MP017,evidence,evidence_invalid;relation_not_entailed
MPT-f8fb7ad36f4a9b8016ef,MP019,evidence,evidence_invalid
MPT-f8feaf8d5839e46e175b,MP003,evidence,evidence_invalid;relation_not_entailed
MPT-f9024c96b506a26c4c9d,MP003,evidence,evidence_invalid
MPT-f91f49c443209d7294b7,MP002,evidence,evidence_invalid
MPT-f936a3a8a0890ff9d6a2,MP001,schema_type,relation_type_invalid;evidence_invalid;relation_not_entailed
MPT-f943b7284f1f5570dc69,MP019,evidence,evidence_invalid;relation_not_entailed
MPT-f949aeca21b625a48aa9,MP019,evidence,evidence_invalid
MPT-f949d6f8b1dd658f5e3d,MP007,evidence,evidence_invalid
MPT-f94b9ef275d279bc3790,MP017,schema_type,relation_type_invalid;evidence_invalid;relation_not_entailed
MPT-f965e46c645b053798f3,MP016,evidence,evidence_invalid;relation_not_entailed
MPT-f96b92acfdec75de2441,MP017,evidence,evidence_invalid;relation_not_entailed
MPT-f9727deef971b89cd192,MP005,evidence,evidence_invalid
MPT-f976693fcfaa2b1dee91,MP002,evidence,evidence_invalid
MPT-f979f1817c76ab286fc9,MP002,evidence,evidence_invalid
MPT-f984be631796003b2580,MP019,schema_type,relation_type_invalid;evidence_invalid;relation_not_entailed
MPT-f9859080529d05ae349a,MP019,evidence,evidence_invalid
MPT-f98d54f020a0fe9ef084,MP003,evidence,evidence_invalid;relation_not_entailed
MPT-f98d8a7330f27c665232,MP001,schema_type,relation_type_invalid
MPT-f98f3d765b95c4272f7b,MP003,relation_support,dual_qwen_relation_not_entailed
MPT-f9a6cd866649573d7bdc,MP003,evidence,evidence_invalid;relation_not_entailed
MPT-f9b54a68e26c2ec90c12,MP022,schema_type,relation_type_invalid
MPT-f9c8167d99585534ec85,MP002,evidence,evidence_invalid
MPT-f9ca54cef2a9f051d5ed,MP001,evidence,evidence_invalid
MPT-f9dbb682926eb6ebe33b,MP004,evidence,evidence_invalid;relation_not_entailed
MPT-f9f0a2a7efecf26aed3a,MP019,evidence,evidence_invalid
MPT-f9f77ff916edebad4830,MP004,evidence,evidence_invalid;relation_not_entailed
MPT-f9fdb71af046d7ef79f2,MP003,schema_type,relation_type_invalid;evidence_invalid
MPT-f9fe6a357084a40911b7,MP015,relation_support,dual_qwen_relation_not_entailed
MPT-fa0380ba3c3e9fa8f623,MP002,evidence,evidence_invalid
MPT-fa0e65a29809d2830e31,MP020,schema_type,relation_type_invalid
MPT-fa1a3c4be0139f45d1f8,MP003,schema_type,relation_type_invalid;evidence_invalid;relation_not_entailed
MPT-fa2c00cea2ef66a1f35d,MP022,evidence,evidence_invalid;relation_not_entailed
MPT-fa3243ee651d71bc165b,MP002,evidence,evidence_invalid
MPT-fa34cc5a20c1df78c342,MP003,relation_support,dual_qwen_relation_not_entailed
MPT-fa39df8de96302406d32,MP003,relation_support,dual_qwen_relation_not_entailed
MPT-fa43b464f6e11efd17a7,MP019,schema_type,relation_type_invalid;evidence_invalid
MPT-fa79424011ff8be666ea,MP003,schema_type,relation_type_invalid;evidence_invalid;relation_not_entailed
MPT-fa8220e9e5730e04b12a,MP007,schema_type,relation_type_invalid
MPT-fa8b47dabbe35ae00716,MP003,evidence,evidence_invalid;relation_not_entailed
MPT-fa8ecea2ffdd0e038791,MP019,evidence,evidence_invalid;relation_not_entailed
MPT-faa66c73a7fbef8df199,MP001,evidence,evidence_invalid;relation_not_entailed
MPT-faa6e13593cc9887508c,MP016,evidence,evidence_invalid;relation_not_entailed
MPT-faac7c5624b9dc3cc349,MP015,schema_type,relation_type_invalid
MPT-fada4bf8f211179cb1b1,MP003,schema_type,relation_type_invalid
MPT-fadfa69e4ac280eca5d0,MP017,evidence,evidence_invalid;relation_not_entailed
MPT-faecea2ab5cbccdffa0c,MP002,schema_type,relation_type_invalid
MPT-fafb1908d75670a19fd4,MP005,evidence,evidence_invalid;relation_not_entailed
MPT-fafce92f3f67e9c0b496,MP019,evidence,evidence_invalid;relation_not_entailed
MPT-fb00cd7861bb79064d5a,MP003,schema_type,relation_type_invalid;evidence_invalid
MPT-fb0dc46d497f2d915989,MP019,evidence,evidence_invalid
MPT-fb1c1d1d39891abf4ea3,MP003,evidence,evidence_invalid
MPT-fb1dbfff1d62604bdc45,MP015,evidence,evidence_invalid;relation_not_entailed
MPT-fb217ff7a65518ad863b,MP003,evidence,evidence_invalid
MPT-fb3153965a519446ea20,MP003,evidence,evidence_invalid;relation_not_entailed
MPT-fb4c92d5d05f98a5d5a2,MP022,evidence,evidence_invalid;relation_not_entailed
MPT-fb501ae021606cedec73,MP003,evidence,evidence_invalid
MPT-fb5273a727b2fba2b23f,MP003,evidence,evidence_invalid
MPT-fb5bcdcd9faccc2a5fb8,MP001,schema_type,relation_type_invalid
MPT-fb736904c4e74f2eb450,MP005,relation_support,dual_qwen_relation_not_entailed
MPT-fb7a7e1100896295ee47,MP019,evidence,evidence_invalid
MPT-fb80a0d4d4364fc5c511,MP001,evidence,evidence_invalid;relation_not_entailed
MPT-fb82bb1ceeb4ec3fa123,MP018,evidence,evidence_invalid;relation_not_entailed
MPT-fb924fc138c2769e7367,MP016,evidence,evidence_invalid;relation_not_entailed
MPT-fb927a40f4c4e89857b4,MP019,evidence,evidence_invalid;relation_not_entailed
MPT-fb92aeaef88359d7224b,MP001,evidence,evidence_invalid;relation_not_entailed
MPT-fb969cb3e159f7cbb700,MP019,evidence,evidence_invalid;relation_not_entailed
MPT-fb9a2b94f85f7351d1dd,MP019,evidence,evidence_invalid
MPT-fba50fa4bffd4ecf72a3,MP016,evidence,evidence_invalid;relation_not_entailed
MPT-fbab614b3193c911954b,MP017,evidence,evidence_invalid;relation_not_entailed
MPT-fbb6bf955b651561bdcb,MP002,evidence,evidence_invalid
MPT-fbc66a44ed9381c86ce9,MP003,relation_support,dual_qwen_relation_not_entailed
MPT-fbcddd41084adc5e60d3,MP019,relation_support,dual_qwen_relation_not_entailed
MPT-fbcf8e0c998da143f398,MP019,evidence,evidence_invalid
MPT-fbf1f5123b2701990bfd,MP003,schema_type,relation_type_invalid;evidence_invalid;relation_not_entailed
MPT-fc07f43a6b9716204235,MP016,schema_type,relation_type_invalid
MPT-fc2b4b1ccc3ea138694c,MP016,evidence,evidence_invalid;relation_not_entailed
MPT-fc2ec44261c8405459f6,MP019,evidence,evidence_invalid
MPT-fc37c2f0ca7b7611576a,MP019,evidence,evidence_invalid;relation_not_entailed
MPT-fc649edc387e7b846f30,MP002,evidence,evidence_invalid;relation_not_entailed
MPT-fc6be324d2c7704b5e97,MP003,schema_type,relation_type_invalid;evidence_invalid
MPT-fc8004346d8035429d9c,MP002,evidence,evidence_invalid
MPT-fc9d990a3b538810182f,MP003,schema_type,relation_type_invalid;evidence_invalid;relation_not_entailed
MPT-fc9f0d1e95426e251df6,MP003,schema_type,relation_type_invalid
MPT-fcb603ac55e7d67585a7,MP002,schema_type,relation_type_invalid
MPT-fcbae674ace395ce5109,MP003,schema_type,relation_type_invalid;evidence_invalid
MPT-fcbb37b3529963c33251,MP003,evidence,evidence_invalid
MPT-fcbf341ec11756338472,MP015,evidence,evidence_invalid;relation_not_entailed
MPT-fcc8e18fdc780720b28b,MP002,evidence,evidence_invalid
MPT-fcf5215c94d3d1263325,MP003,evidence,evidence_invalid;relation_not_entailed
MPT-fcf78191b2e68a9a7d21,MP003,schema_type,relation_type_invalid;evidence_invalid;relation_not_entailed
MPT-fd095a7c1a030d8c604c,MP003,evidence,evidence_invalid;relation_not_entailed
MPT-fd0e556389c95af34e6b,MP003,evidence,evidence_invalid
MPT-fd258bb4d1605da2479b,MP022,evidence,evidence_invalid;relation_not_entailed
MPT-fd2979b81bb1bd8f928a,MP003,schema_type,relation_type_invalid;evidence_invalid
MPT-fd33deb8cbb4260695cd,MP002,evidence,evidence_invalid
MPT-fd3dbc528b6fed7fe24b,MP016,evidence,evidence_invalid;relation_not_entailed
MPT-fd4587780a74721a1a79,MP005,evidence,evidence_invalid
MPT-fd48e78208f4ed13c4d4,MP019,evidence,evidence_invalid
MPT-fd4d69651a2ec23d2c59,MP003,schema_type,relation_type_invalid;evidence_invalid
MPT-fd4ea6b3443573a2a364,MP003,schema_type,relation_type_invalid;evidence_invalid;relation_not_entailed
MPT-fd5821fdaede1140904e,MP019,evidence,evidence_invalid;relation_not_entailed
MPT-fd6fe0fcdd02cc22601f,MP007,evidence,evidence_invalid;relation_not_entailed
MPT-fd7e0e0dd0815db2ff4f,MP005,evidence,evidence_invalid;relation_not_entailed
MPT-fd7fea97b7d378e21fcf,MP003,evidence,evidence_invalid
MPT-fd92b995848e65ea32bd,MP003,evidence,evidence_invalid;relation_not_entailed
MPT-fd9a1af1e8a6eeb80e79,MP003,evidence,evidence_invalid;relation_not_entailed
MPT-fdaaf70742b54e3b150e,MP003,schema_type,relation_type_invalid
MPT-fdabf8cdc4be502d15be,MP001,evidence,evidence_invalid;relation_not_entailed
MPT-fdb0c09575f23a3308d0,MP019,evidence,evidence_invalid
MPT-fdc0b40804486595ce8a,MP017,relation_support,dual_qwen_relation_not_entailed
MPT-fde1c222fe85fb46cf78,MP020,schema_type,relation_type_invalid
MPT-fdf2955df8e7e8664aac,MP005,evidence,evidence_invalid
MPT-fe20673a16084fc6fd09,MP002,evidence,evidence_invalid
MPT-fe25a6cee68a610472ab,MP005,relation_support,dual_qwen_relation_not_entailed
MPT-fe3b078f6cd2744a9a6f,MP003,evidence,evidence_invalid;relation_not_entailed
MPT-fe40562db0186b6f72d4,MP016,evidence,evidence_invalid;relation_not_entailed
MPT-fe5ea03d53a41fa33283,MP001,evidence,evidence_invalid;relation_not_entailed
MPT-fe66382345e017a982e8,MP019,evidence,evidence_invalid
MPT-fe72193e1cd0b3b90fc2,MP003,relation_support,dual_qwen_relation_not_entailed
MPT-fe7e083eb257809cd713,MP003,schema_type,relation_type_invalid;evidence_invalid
MPT-fe7e11e4d88fcd81fbc4,MP001,schema_type,relation_type_invalid
MPT-fe8d8825f95846b6b4b3,MP003,evidence,evidence_invalid;relation_not_entailed
MPT-fea24a8118e208af885b,MP007,evidence,evidence_invalid;relation_not_entailed
MPT-feb26380cfb82caa262a,MP019,evidence,evidence_invalid;relation_not_entailed
MPT-fec1a3149dec7071908b,MP019,evidence,evidence_invalid
MPT-fec757fbcf9bb8129cd8,MP020,schema_type,relation_type_invalid;evidence_invalid;relation_not_entailed
MPT-feca5ad01a5d210a4d7c,MP019,schema_type,relation_type_invalid;evidence_invalid;relation_not_entailed
MPT-fed0c45b18cd4deec6cb,MP001,schema_type,relation_type_invalid;evidence_invalid;relation_not_entailed
MPT-fed60a32f7a4ecc35e2c,MP019,schema_type,relation_type_invalid
MPT-fed63e20ef3f45ccd80e,MP001,evidence,evidence_invalid;relation_not_entailed
MPT-fef11c963099192d9d7f,MP001,schema_type,relation_type_invalid;evidence_invalid;relation_not_entailed
MPT-fef540f7b018db5ff40b,MP001,evidence,evidence_invalid;relation_not_entailed
MPT-fefc81dbfd190268c93b,MP001,evidence,evidence_invalid;relation_not_entailed
MPT-ff10f18a1175385f6784,MP019,evidence,evidence_invalid
MPT-ff10f9524c93c3a676f0,MP001,evidence,evidence_invalid
MPT-ff1a23d6bd92701e32cd,MP003,evidence,evidence_invalid;relation_not_entailed
MPT-ff33f2e257da214805cf,MP019,evidence,evidence_invalid;relation_not_entailed
MPT-ff44c7e2f83c9117c40e,MP003,schema_type,relation_type_invalid;evidence_invalid
MPT-ff5771012b0d070d2e76,MP021,evidence,evidence_invalid;relation_not_entailed
MPT-ff930bad5cd240e58dfa,MP020,evidence,evidence_invalid;relation_not_entailed
MPT-ff99aaa07ec1c8774cba,MP004,evidence,evidence_invalid
MPT-ffa5b374e1824dc94689,MP017,evidence,evidence_invalid;relation_not_entailed
MPT-ffb2128f4e48773174a5,MP019,evidence,evidence_invalid
MPT-ffb8c18758011e0f85ec,MP016,schema_type,relation_type_invalid
MPT-ffc1fde26a08ccdfcdf1,MP002,evidence,evidence_invalid
MPT-ffcff000b6f62bfceb39,MP002,evidence,evidence_invalid
MPT-fffc6a8a71f70be50cb6,MP003,evidence,evidence_invalid;relation_not_entailed
